0000000000000000D9
00000000000000010C
7FFFFFFFFFFFFFFFD6
00000000000000007E
7FFFFFFFFFFFFFFFBA
0000000000000000DA
00000000000000007B
0000000000000000BF
7FFFFFFFFFFFFFFEEC
000000000000000073
0000000000000000B5
000000000000000117
0000000000000000B7
00000000000000013B
7FFFFFFFFFFFFFFE3E
0000000000000001E8
7FFFFFFFFFFFFFFF2F
00000000000000010A
7FFFFFFFFFFFFFFEF7
7FFFFFFFFFFFFFFDCF
000000000000000097
7FFFFFFFFFFFFFFF6C
7FFFFFFFFFFFFFFF6E
7FFFFFFFFFFFFFFFB4
7FFFFFFFFFFFFFFFBB
7FFFFFFFFFFFFFFEC4
000000000000000033
0000000000000000EF
7FFFFFFFFFFFFFFEBA
0000000000000000A5
7FFFFFFFFFFFFFFD39
7FFFFFFFFFFFFFFF6C
7FFFFFFFFFFFFFFF52
000000000000000089
7FFFFFFFFFFFFFFF6C
00000000000000010D
7FFFFFFFFFFFFFFE4E
000000000000000134
7FFFFFFFFFFFFFFEBB
000000000000000144
000000000000000003
0000000000000000B2
7FFFFFFFFFFFFFFEB9
000000000000000173
000000000000000108
7FFFFFFFFFFFFFFF4E
0000000000000001AC
000000000000000044
7FFFFFFFFFFFFFFFF5
000000000000000053
0000000000000000B4
7FFFFFFFFFFFFFFF97
7FFFFFFFFFFFFFFFB3
000000000000000175
7FFFFFFFFFFFFFFE63
00000000000000007D
7FFFFFFFFFFFFFFE4C
000000000000000174
000000000000000031
7FFFFFFFFFFFFFFFAC
7FFFFFFFFFFFFFFE51
00000000000000000D
000000000000000154
7FFFFFFFFFFFFFFFFB
7FFFFFFFFFFFFFFFFD
7FFFFFFFFFFFFFFEF6
00000000000000027C
7FFFFFFFFFFFFFFF69
7FFFFFFFFFFFFFFE9C
0000000000000002D7
7FFFFFFFFFFFFFFEC2
7FFFFFFFFFFFFFFFAC
7FFFFFFFFFFFFFFDAC
7FFFFFFFFFFFFFFF7F
7FFFFFFFFFFFFFFE9E
000000000000000196
000000000000000063
000000000000000029
7FFFFFFFFFFFFFFDBF
7FFFFFFFFFFFFFFFC7
7FFFFFFFFFFFFFFFFB
0000000000000000DD
000000000000000229
7FFFFFFFFFFFFFFFCF
000000000000000190
00000000000000015F
0000000000000000FC
0000000000000000D6
7FFFFFFFFFFFFFFD99
00000000000000011A
00000000000000002B
0000000000000000D3
7FFFFFFFFFFFFFFF4E
7FFFFFFFFFFFFFFFCE
00000000000000004D
7FFFFFFFFFFFFFFFDE
0000000000000002AE
7FFFFFFFFFFFFFFFA6
00000000000000005B
7FFFFFFFFFFFFFFF06
000000000000000081
00000000000000002D
0000000000000000F9
7FFFFFFFFFFFFFFF87
7FFFFFFFFFFFFFFC5F
7FFFFFFFFFFFFFFF25
0000000000000001C0
000000000000000045
7FFFFFFFFFFFFFFEA2
7FFFFFFFFFFFFFFEDA
7FFFFFFFFFFFFFFE1D
7FFFFFFFFFFFFFFECF
7FFFFFFFFFFFFFFFC0
7FFFFFFFFFFFFFFFBB
7FFFFFFFFFFFFFFFF7
0000000000000000CE
7FFFFFFFFFFFFFFFCD
7FFFFFFFFFFFFFFFAC
00000000000000013D
7FFFFFFFFFFFFFFF99
00000000000000024C
000000000000000053
7FFFFFFFFFFFFFFFDF
7FFFFFFFFFFFFFFE1F
0000000000000001B0
0000000000000002B6
7FFFFFFFFFFFFFFEB7
7FFFFFFFFFFFFFFF69
00000000000000000B
0000000000000000C9
7FFFFFFFFFFFFFFFA8
000000000000000099
7FFFFFFFFFFFFFFF02
00000000000000008B
000000000000000039
7FFFFFFFFFFFFFFF0E
7FFFFFFFFFFFFFFEDE
7FFFFFFFFFFFFFFF49
7FFFFFFFFFFFFFFFF3
000000000000000089
7FFFFFFFFFFFFFFF36
000000000000000141
000000000000000112
7FFFFFFFFFFFFFFE2E
0000000000000001E8
0000000000000000BB
7FFFFFFFFFFFFFFEB6
7FFFFFFFFFFFFFFFCF
7FFFFFFFFFFFFFFFCA
00000000000000010A
000000000000000094
00000000000000000C
7FFFFFFFFFFFFFFFB9
7FFFFFFFFFFFFFFF66
7FFFFFFFFFFFFFFE6F
7FFFFFFFFFFFFFFF83
00000000000000004A
7FFFFFFFFFFFFFFEC2
000000000000000075
000000000000000098
00000000000000002C
7FFFFFFFFFFFFFFF56
00000000000000015A
7FFFFFFFFFFFFFFFC2
7FFFFFFFFFFFFFFFDD
7FFFFFFFFFFFFFFF9F
7FFFFFFFFFFFFFFF83
00000000000000010C
7FFFFFFFFFFFFFFFC1
7FFFFFFFFFFFFFFF8A
0000000000000001F4
0000000000000000DE
0000000000000001A4
7FFFFFFFFFFFFFFFBE
000000000000000100
7FFFFFFFFFFFFFFEC6
000000000000000140
7FFFFFFFFFFFFFFF50
000000000000000094
000000000000000068
7FFFFFFFFFFFFFFF6B
7FFFFFFFFFFFFFFF64
7FFFFFFFFFFFFFFFE4
7FFFFFFFFFFFFFFF3F
7FFFFFFFFFFFFFFFB6
0000000000000001C4
7FFFFFFFFFFFFFFF8F
7FFFFFFFFFFFFFFF91
7FFFFFFFFFFFFFFFB8
000000000000000019
7FFFFFFFFFFFFFFF74
7FFFFFFFFFFFFFFF2A
7FFFFFFFFFFFFFFFA5
7FFFFFFFFFFFFFFF54
000000000000000004
000000000000000044
7FFFFFFFFFFFFFFE66
7FFFFFFFFFFFFFFFD4
0000000000000000BA
7FFFFFFFFFFFFFFFE6
7FFFFFFFFFFFFFFFDE
7FFFFFFFFFFFFFFFED
00000000000000004B
000000000000000133
7FFFFFFFFFFFFFFEF1
000000000000000037
000000000000000118
000000000000000055
7FFFFFFFFFFFFFFEE2
000000000000000016
00000000000000014D
0000000000000000BB
7FFFFFFFFFFFFFFFEF
7FFFFFFFFFFFFFFFCF
7FFFFFFFFFFFFFFFF5
7FFFFFFFFFFFFFFF30
7FFFFFFFFFFFFFFF8F
00000000000000006B
7FFFFFFFFFFFFFFF17
7FFFFFFFFFFFFFFFE6
000000000000000090
000000000000000193
0000000000000000E5
7FFFFFFFFFFFFFFFD6
00000000000000010F
7FFFFFFFFFFFFFFFE4
7FFFFFFFFFFFFFFFAB
7FFFFFFFFFFFFFFF1C
7FFFFFFFFFFFFFFFF1
7FFFFFFFFFFFFFFF42
00000000000000000B
7FFFFFFFFFFFFFFE98
00000000000000005F
00000000000000011B
7FFFFFFFFFFFFFFE6D
7FFFFFFFFFFFFFFF5F
7FFFFFFFFFFFFFFE87
7FFFFFFFFFFFFFFF9F
0000000000000001D7
00000000000000013C
0000000000000000B3
7FFFFFFFFFFFFFFF5A
000000000000000262
7FFFFFFFFFFFFFFF1B
00000000000000006D
000000000000000023
7FFFFFFFFFFFFFFFC0
7FFFFFFFFFFFFFFFFE
7FFFFFFFFFFFFFFF0D
7FFFFFFFFFFFFFFE8E
0000000000000000C4
000000000000000254
0000000000000001AC
0000000000000001C5
7FFFFFFFFFFFFFFE3A
000000000000000139
00000000000000001A
0000000000000001B9
7FFFFFFFFFFFFFFE17
7FFFFFFFFFFFFFFF2C
000000000000000045
000000000000000145
000000000000000015
0000000000000000CB
000000000000000151
0000000000000000D6
00000000000000012E
00000000000000000E
000000000000000020
7FFFFFFFFFFFFFFF8D
7FFFFFFFFFFFFFFF37
7FFFFFFFFFFFFFFF2D
000000000000000107
7FFFFFFFFFFFFFFF9D
000000000000000010
0000000000000000C5
000000000000000164
7FFFFFFFFFFFFFFEAB
00000000000000002C
7FFFFFFFFFFFFFFEF0
000000000000000038
000000000000000169
0000000000000001B5
000000000000000115
00000000000000015D
7FFFFFFFFFFFFFFFE2
000000000000000093
0000000000000000EB
7FFFFFFFFFFFFFFEB0
7FFFFFFFFFFFFFFF13
7FFFFFFFFFFFFFFF29
000000000000000094
7FFFFFFFFFFFFFFF5D
00000000000000004C
7FFFFFFFFFFFFFFDDE
7FFFFFFFFFFFFFFF66
7FFFFFFFFFFFFFFD39
0000000000000000C2
0000000000000000B8
7FFFFFFFFFFFFFFF14
7FFFFFFFFFFFFFFFC5
7FFFFFFFFFFFFFFFF6
7FFFFFFFFFFFFFFF9F
7FFFFFFFFFFFFFFF5B
7FFFFFFFFFFFFFFF5F
00000000000000013A
7FFFFFFFFFFFFFFF9C
7FFFFFFFFFFFFFFFCE
000000000000000077
000000000000000093
7FFFFFFFFFFFFFFDE6
7FFFFFFFFFFFFFFF18
000000000000000003
000000000000000080
000000000000000054
0000000000000000A8
000000000000000127
7FFFFFFFFFFFFFFEC5
7FFFFFFFFFFFFFFF86
7FFFFFFFFFFFFFFD9D
00000000000000018C
0000000000000001C8
7FFFFFFFFFFFFFFF7E
7FFFFFFFFFFFFFFF76
7FFFFFFFFFFFFFFF12
0000000000000000F3
000000000000000033
7FFFFFFFFFFFFFFF7D
7FFFFFFFFFFFFFFEDE
7FFFFFFFFFFFFFFE72
00000000000000007F
7FFFFFFFFFFFFFFF6D
0000000000000000D6
000000000000000250
000000000000000177
00000000000000010B
000000000000000040
000000000000000131
000000000000000118
7FFFFFFFFFFFFFFFCC
7FFFFFFFFFFFFFFF62
7FFFFFFFFFFFFFFFB0
000000000000000063
000000000000000016
000000000000000161
7FFFFFFFFFFFFFFFAF
0000000000000001E4
000000000000000033
0000000000000001C1
7FFFFFFFFFFFFFFF12
7FFFFFFFFFFFFFFFC0
7FFFFFFFFFFFFFFECB
7FFFFFFFFFFFFFFF30
7FFFFFFFFFFFFFFEB9
7FFFFFFFFFFFFFFFA7
00000000000000011C
00000000000000000F
000000000000000126
7FFFFFFFFFFFFFFFF1
7FFFFFFFFFFFFFFE64
000000000000000000
7FFFFFFFFFFFFFFFCE
00000000000000000F
000000000000000150
0000000000000000B4
0000000000000000D6
00000000000000017E
7FFFFFFFFFFFFFFF9C
00000000000000001F
00000000000000003C
7FFFFFFFFFFFFFFFA7
00000000000000002D
000000000000000053
00000000000000006C
7FFFFFFFFFFFFFFF09
000000000000000020
00000000000000005C
0000000000000000E3
7FFFFFFFFFFFFFFFAE
7FFFFFFFFFFFFFFF8B
7FFFFFFFFFFFFFFF95
00000000000000002B
0000000000000000D8
000000000000000024
7FFFFFFFFFFFFFFFE4
00000000000000006C
7FFFFFFFFFFFFFFF34
000000000000000120
00000000000000012E
7FFFFFFFFFFFFFFFC5
7FFFFFFFFFFFFFFFB8
0000000000000001F0
000000000000000237
00000000000000013F
7FFFFFFFFFFFFFFEAE
000000000000000005
7FFFFFFFFFFFFFFEF1
7FFFFFFFFFFFFFFEA8
7FFFFFFFFFFFFFFF6E
7FFFFFFFFFFFFFFF3E
00000000000000000F
7FFFFFFFFFFFFFFF71
0000000000000000B0
0000000000000000A2
000000000000000034
7FFFFFFFFFFFFFFF7D
0000000000000000E9
0000000000000000EE
00000000000000005A
7FFFFFFFFFFFFFFFD9
7FFFFFFFFFFFFFFDEF
00000000000000011B
000000000000000034
7FFFFFFFFFFFFFFFE9
7FFFFFFFFFFFFFFFFE
000000000000000078
00000000000000000D
7FFFFFFFFFFFFFFF5F
7FFFFFFFFFFFFFFFA2
7FFFFFFFFFFFFFFF52
00000000000000000F
7FFFFFFFFFFFFFFDF4
7FFFFFFFFFFFFFFFF3
7FFFFFFFFFFFFFFEF7
0000000000000000EE
7FFFFFFFFFFFFFFEDD
000000000000000186
0000000000000000D4
0000000000000000B6
00000000000000006E
0000000000000000C4
7FFFFFFFFFFFFFFE77
7FFFFFFFFFFFFFFF86
7FFFFFFFFFFFFFFE1B
7FFFFFFFFFFFFFFF87
000000000000000028
000000000000000021
0000000000000000B8
7FFFFFFFFFFFFFFF8C
7FFFFFFFFFFFFFFF9F
7FFFFFFFFFFFFFFE78
000000000000000009
0000000000000000F9
7FFFFFFFFFFFFFFF47
7FFFFFFFFFFFFFFE5B
000000000000000081
000000000000000048
0000000000000001D2
7FFFFFFFFFFFFFFFB6
7FFFFFFFFFFFFFFED4
0000000000000000BA
0000000000000001CA
0000000000000000B9
7FFFFFFFFFFFFFFF1C
0000000000000000AE
0000000000000000CE
00000000000000007A
7FFFFFFFFFFFFFFE7F
7FFFFFFFFFFFFFFEED
7FFFFFFFFFFFFFFFA4
000000000000000049
7FFFFFFFFFFFFFFFE5
0000000000000000A7
7FFFFFFFFFFFFFFFA4
000000000000000056
0000000000000000D0
000000000000000160
000000000000000078
000000000000000033
000000000000000074
7FFFFFFFFFFFFFFEFE
00000000000000018C
7FFFFFFFFFFFFFFF61
000000000000000149
000000000000000032
7FFFFFFFFFFFFFFF76
7FFFFFFFFFFFFFFFF4
00000000000000006C
0000000000000000E2
000000000000000001
0000000000000001B1
000000000000000135
0000000000000000BE
000000000000000072
7FFFFFFFFFFFFFFF89
7FFFFFFFFFFFFFFD40
7FFFFFFFFFFFFFFD70
00000000000000007E
7FFFFFFFFFFFFFFF34
000000000000000116
7FFFFFFFFFFFFFFEA5
000000000000000138
00000000000000013B
7FFFFFFFFFFFFFFF9F
000000000000000024
0000000000000000E4
00000000000000003C
000000000000000045
7FFFFFFFFFFFFFFFEB
7FFFFFFFFFFFFFFF4B
00000000000000019E
7FFFFFFFFFFFFFFFB1
7FFFFFFFFFFFFFFF5B
00000000000000002B
0000000000000000DF
0000000000000000E2
7FFFFFFFFFFFFFFE68
0000000000000000B5
7FFFFFFFFFFFFFFFCB
00000000000000018B
0000000000000000B7
7FFFFFFFFFFFFFFF3C
7FFFFFFFFFFFFFFFED
0000000000000001D6
000000000000000029
000000000000000022
7FFFFFFFFFFFFFFE9B
7FFFFFFFFFFFFFFFA6
7FFFFFFFFFFFFFFFD6
7FFFFFFFFFFFFFFF6A
000000000000000172
000000000000000033
00000000000000011D
0000000000000000A9
7FFFFFFFFFFFFFFEFE
000000000000000012
7FFFFFFFFFFFFFFF12
7FFFFFFFFFFFFFFF83
7FFFFFFFFFFFFFFFC3
000000000000000120
7FFFFFFFFFFFFFFE43
0000000000000000C7
7FFFFFFFFFFFFFFFAD
7FFFFFFFFFFFFFFF58
7FFFFFFFFFFFFFFFEE
7FFFFFFFFFFFFFFF69
7FFFFFFFFFFFFFFEBA
7FFFFFFFFFFFFFFEAE
7FFFFFFFFFFFFFFF3A
000000000000000021
7FFFFFFFFFFFFFFFC4
0000000000000001A8
0000000000000001BD
000000000000000176
000000000000000049
7FFFFFFFFFFFFFFF87
000000000000000009
7FFFFFFFFFFFFFFE94
7FFFFFFFFFFFFFFEF1
00000000000000004E
000000000000000132
000000000000000017
7FFFFFFFFFFFFFFEF0
7FFFFFFFFFFFFFFF0D
7FFFFFFFFFFFFFFF99
7FFFFFFFFFFFFFFEE7
000000000000000008
000000000000000021
7FFFFFFFFFFFFFFF61
7FFFFFFFFFFFFFFF72
7FFFFFFFFFFFFFFFAF
7FFFFFFFFFFFFFFEC4
000000000000000072
7FFFFFFFFFFFFFFDB5
000000000000000033
7FFFFFFFFFFFFFFF7B
00000000000000012A
000000000000000080
7FFFFFFFFFFFFFFF23
7FFFFFFFFFFFFFFFAB
7FFFFFFFFFFFFFFF54
0000000000000000B3
7FFFFFFFFFFFFFFFF7
7FFFFFFFFFFFFFFFDA
7FFFFFFFFFFFFFFF69
7FFFFFFFFFFFFFFFD2
7FFFFFFFFFFFFFFF0B
7FFFFFFFFFFFFFFED6
0000000000000000EC
000000000000000198
7FFFFFFFFFFFFFFFCC
7FFFFFFFFFFFFFFECF
000000000000000069
00000000000000018D
7FFFFFFFFFFFFFFF54
0000000000000000A7
00000000000000008A
000000000000000096
000000000000000002
7FFFFFFFFFFFFFFF8E
7FFFFFFFFFFFFFFFE1
0000000000000000A1
7FFFFFFFFFFFFFFFF0
7FFFFFFFFFFFFFFF33
7FFFFFFFFFFFFFFDE4
7FFFFFFFFFFFFFFECA
7FFFFFFFFFFFFFFFAC
7FFFFFFFFFFFFFFFAE
0000000000000000CC
7FFFFFFFFFFFFFFE87
7FFFFFFFFFFFFFFE71
7FFFFFFFFFFFFFFFCA
7FFFFFFFFFFFFFFEF5
7FFFFFFFFFFFFFFFB7
7FFFFFFFFFFFFFFEB7
00000000000000009D
00000000000000009D
7FFFFFFFFFFFFFFFB7
7FFFFFFFFFFFFFFF8A
0000000000000000AE
7FFFFFFFFFFFFFFF4D
00000000000000007F
00000000000000001E
7FFFFFFFFFFFFFFF3B
7FFFFFFFFFFFFFFF80
7FFFFFFFFFFFFFFFCA
0000000000000001E2
7FFFFFFFFFFFFFFF70
7FFFFFFFFFFFFFFFFC
0000000000000002A0
0000000000000000B1
7FFFFFFFFFFFFFFDF2
00000000000000015D
0000000000000001EB
7FFFFFFFFFFFFFFF6B
7FFFFFFFFFFFFFFF86
7FFFFFFFFFFFFFFFD0
7FFFFFFFFFFFFFFFF8
7FFFFFFFFFFFFFFFC4
7FFFFFFFFFFFFFFF55
000000000000000000
7FFFFFFFFFFFFFFE7B
7FFFFFFFFFFFFFFF71
7FFFFFFFFFFFFFFFBD
000000000000000074
7FFFFFFFFFFFFFFEA2
000000000000000039
7FFFFFFFFFFFFFFFF6
7FFFFFFFFFFFFFFF19
7FFFFFFFFFFFFFFF70
000000000000000166
00000000000000008F
7FFFFFFFFFFFFFFFB6
7FFFFFFFFFFFFFFEBB
000000000000000097
000000000000000050
0000000000000000F6
000000000000000039
000000000000000161
00000000000000015D
7FFFFFFFFFFFFFFF7D
7FFFFFFFFFFFFFFEFE
7FFFFFFFFFFFFFFEA1
7FFFFFFFFFFFFFFEA5
7FFFFFFFFFFFFFFDCD
7FFFFFFFFFFFFFFEB8
000000000000000008
7FFFFFFFFFFFFFFE77
0000000000000001D7
7FFFFFFFFFFFFFFFB9
7FFFFFFFFFFFFFFFA8
7FFFFFFFFFFFFFFFB4
00000000000000028F
7FFFFFFFFFFFFFFF8A
000000000000000192
7FFFFFFFFFFFFFFFA5
00000000000000008A
000000000000000186
0000000000000000C9
7FFFFFFFFFFFFFFF02
7FFFFFFFFFFFFFFFD2
7FFFFFFFFFFFFFFFC0
0000000000000000AE
0000000000000000B4
7FFFFFFFFFFFFFFFA6
7FFFFFFFFFFFFFFFDE
000000000000000080
7FFFFFFFFFFFFFFFC3
0000000000000000FB
7FFFFFFFFFFFFFFFF2
7FFFFFFFFFFFFFFEB6
00000000000000010A
000000000000000102
7FFFFFFFFFFFFFFFFB
7FFFFFFFFFFFFFFF4D
7FFFFFFFFFFFFFFFBA
00000000000000002C
7FFFFFFFFFFFFFFF33
7FFFFFFFFFFFFFFF11
7FFFFFFFFFFFFFFFE1
00000000000000012F
7FFFFFFFFFFFFFFFAC
000000000000000098
00000000000000006F
7FFFFFFFFFFFFFFFB5
7FFFFFFFFFFFFFFFD6
000000000000000027
000000000000000104
000000000000000262
0000000000000000AA
000000000000000255
000000000000000034
000000000000000077
7FFFFFFFFFFFFFFF9E
7FFFFFFFFFFFFFFFAB
0000000000000000BF
0000000000000000D4
0000000000000001A7
00000000000000003D
00000000000000000A
7FFFFFFFFFFFFFFEF5
00000000000000004B
7FFFFFFFFFFFFFFEBF
000000000000000018
000000000000000154
000000000000000016
00000000000000015D
00000000000000009A
0000000000000000C1
7FFFFFFFFFFFFFFE57
7FFFFFFFFFFFFFFE9D
7FFFFFFFFFFFFFFF9A
000000000000000098
0000000000000000A2
000000000000000128
000000000000000171
00000000000000004B
0000000000000001DF
000000000000000014
7FFFFFFFFFFFFFFFE5
00000000000000006A
7FFFFFFFFFFFFFFEC8
7FFFFFFFFFFFFFFF1A
7FFFFFFFFFFFFFFE76
7FFFFFFFFFFFFFFFFC
00000000000000010E
000000000000000015
7FFFFFFFFFFFFFFF6F
7FFFFFFFFFFFFFFFF4
000000000000000060
7FFFFFFFFFFFFFFFB9
000000000000000185
0000000000000000B8
0000000000000000A1
00000000000000009C
7FFFFFFFFFFFFFFF91
000000000000000074
000000000000000041
7FFFFFFFFFFFFFFFB6
0000000000000000DA
7FFFFFFFFFFFFFFE1D
00000000000000019B
0000000000000000CB
000000000000000098
7FFFFFFFFFFFFFFEA5
7FFFFFFFFFFFFFFFBA
00000000000000004C
0000000000000000A3
000000000000000216
0000000000000000B1
7FFFFFFFFFFFFFFE1D
7FFFFFFFFFFFFFFEF3
000000000000000041
000000000000000032
7FFFFFFFFFFFFFFEBA
0000000000000000A1
000000000000000172
0000000000000000A9
000000000000000049
7FFFFFFFFFFFFFFF13
000000000000000205
000000000000000096
0000000000000000CE
000000000000000067
00000000000000013F
000000000000000146
0000000000000001B2
7FFFFFFFFFFFFFFFB0
0000000000000000C7
7FFFFFFFFFFFFFFF6D
0000000000000000AA
7FFFFFFFFFFFFFFEAE
000000000000000135
000000000000000009
000000000000000137
7FFFFFFFFFFFFFFEBB
0000000000000000F8
000000000000000163
00000000000000007B
0000000000000000B4
7FFFFFFFFFFFFFFF76
000000000000000096
7FFFFFFFFFFFFFFE9F
000000000000000112
00000000000000011C
7FFFFFFFFFFFFFFFC3
000000000000000103
7FFFFFFFFFFFFFFF08
00000000000000007E
7FFFFFFFFFFFFFFF2D
7FFFFFFFFFFFFFFF07
7FFFFFFFFFFFFFFF4A
7FFFFFFFFFFFFFFFEC
7FFFFFFFFFFFFFFF7B
000000000000000013
00000000000000008F
7FFFFFFFFFFFFFFE25
000000000000000107
7FFFFFFFFFFFFFFE6C
0000000000000000C0
7FFFFFFFFFFFFFFF30
0000000000000000A3
7FFFFFFFFFFFFFFF63
7FFFFFFFFFFFFFFFFF
7FFFFFFFFFFFFFFF3F
0000000000000000C1
000000000000000027
00000000000000006E
0000000000000000ED
000000000000000043
000000000000000054
7FFFFFFFFFFFFFFFDF
000000000000000018
7FFFFFFFFFFFFFFF68
00000000000000004E
00000000000000001C
00000000000000023E
000000000000000116
00000000000000022E
00000000000000004F
7FFFFFFFFFFFFFFFC3
7FFFFFFFFFFFFFFF68
7FFFFFFFFFFFFFFF84
00000000000000025A
7FFFFFFFFFFFFFFFBE
00000000000000014D
7FFFFFFFFFFFFFFF61
000000000000000158
7FFFFFFFFFFFFFFDC6
00000000000000004E
7FFFFFFFFFFFFFFF46
7FFFFFFFFFFFFFFF56
000000000000000058
7FFFFFFFFFFFFFFE5C
7FFFFFFFFFFFFFFFD7
000000000000000107
7FFFFFFFFFFFFFFDAA
00000000000000008E
7FFFFFFFFFFFFFFE5F
000000000000000089
0000000000000000F0
00000000000000007B
7FFFFFFFFFFFFFFFD3
0000000000000000B6
7FFFFFFFFFFFFFFFE6
7FFFFFFFFFFFFFFF7E
7FFFFFFFFFFFFFFF35
7FFFFFFFFFFFFFFFD0
7FFFFFFFFFFFFFFF75
000000000000000012
000000000000000097
000000000000000049
7FFFFFFFFFFFFFFF90
000000000000000010
000000000000000286
000000000000000113
0000000000000000AC
000000000000000010
7FFFFFFFFFFFFFFFCA
000000000000000067
000000000000000144
7FFFFFFFFFFFFFFEF6
7FFFFFFFFFFFFFFFF1
000000000000000099
7FFFFFFFFFFFFFFF38
7FFFFFFFFFFFFFFF69
7FFFFFFFFFFFFFFF15
7FFFFFFFFFFFFFFE7C
7FFFFFFFFFFFFFFE37
00000000000000010E
0000000000000000A3
7FFFFFFFFFFFFFFFC4
7FFFFFFFFFFFFFFFC6
000000000000000055
0000000000000000B4
7FFFFFFFFFFFFFFECD
7FFFFFFFFFFFFFFFFD
000000000000000153
7FFFFFFFFFFFFFFFEB
7FFFFFFFFFFFFFFE70
000000000000000117
000000000000000006
7FFFFFFFFFFFFFFFC2
000000000000000160
000000000000000115
7FFFFFFFFFFFFFFFA6
000000000000000015
7FFFFFFFFFFFFFFFC4
0000000000000000C8
7FFFFFFFFFFFFFFFF1
7FFFFFFFFFFFFFFF92
000000000000000097
000000000000000143
7FFFFFFFFFFFFFFF3B
7FFFFFFFFFFFFFFE9C
7FFFFFFFFFFFFFFF44
7FFFFFFFFFFFFFFF42
7FFFFFFFFFFFFFFF4A
000000000000000097
000000000000000125
00000000000000003D
000000000000000084
7FFFFFFFFFFFFFFF44
7FFFFFFFFFFFFFFFD8
0000000000000000F6
000000000000000037
7FFFFFFFFFFFFFFFA3
00000000000000004D
000000000000000109
7FFFFFFFFFFFFFFFBE
000000000000000073
7FFFFFFFFFFFFFFF5C
0000000000000001F8
0000000000000000AF
0000000000000000D6
000000000000000166
7FFFFFFFFFFFFFFFE8
7FFFFFFFFFFFFFFF62
7FFFFFFFFFFFFFFF53
7FFFFFFFFFFFFFFF8B
7FFFFFFFFFFFFFFFA6
000000000000000020
000000000000000032
0000000000000000F8
0000000000000000A9
7FFFFFFFFFFFFFFFFC
000000000000000057
7FFFFFFFFFFFFFFF7C
000000000000000079
7FFFFFFFFFFFFFFF98
7FFFFFFFFFFFFFFDDD
7FFFFFFFFFFFFFFF79
000000000000000029
000000000000000005
000000000000000024
7FFFFFFFFFFFFFFF03
0000000000000002B2
000000000000000118
00000000000000002A
7FFFFFFFFFFFFFFFB0
7FFFFFFFFFFFFFFFDF
000000000000000175
00000000000000002D
7FFFFFFFFFFFFFFFEF
000000000000000016
00000000000000015B
00000000000000002C
000000000000000144
0000000000000000EA
7FFFFFFFFFFFFFFFB3
7FFFFFFFFFFFFFFEF1
7FFFFFFFFFFFFFFF9B
7FFFFFFFFFFFFFFF52
000000000000000299
00000000000000010A
00000000000000003A
7FFFFFFFFFFFFFFF98
0000000000000000AC
7FFFFFFFFFFFFFFE83
000000000000000011
7FFFFFFFFFFFFFFD96
000000000000000087
00000000000000020C
00000000000000007D
000000000000000057
0000000000000000A3
7FFFFFFFFFFFFFFFB4
0000000000000000B1
7FFFFFFFFFFFFFFFDB
7FFFFFFFFFFFFFFE07
00000000000000006F
0000000000000000DD
7FFFFFFFFFFFFFFE68
00000000000000004D
7FFFFFFFFFFFFFFDF6
0000000000000001BA
7FFFFFFFFFFFFFFF2D
7FFFFFFFFFFFFFFEF5
7FFFFFFFFFFFFFFFA7
7FFFFFFFFFFFFFFE16
7FFFFFFFFFFFFFFE41
7FFFFFFFFFFFFFFE89
000000000000000083
7FFFFFFFFFFFFFFF10
00000000000000004F
0000000000000000E4
7FFFFFFFFFFFFFFFE0
7FFFFFFFFFFFFFFF97
7FFFFFFFFFFFFFFDE0
000000000000000006
000000000000000073
7FFFFFFFFFFFFFFE79
7FFFFFFFFFFFFFFEBF
7FFFFFFFFFFFFFFFDE
7FFFFFFFFFFFFFFF39
7FFFFFFFFFFFFFFF64
000000000000000106
00000000000000003B
7FFFFFFFFFFFFFFFBE
7FFFFFFFFFFFFFFF35
7FFFFFFFFFFFFFFF6D
7FFFFFFFFFFFFFFFE7
00000000000000009A
000000000000000129
000000000000000052
000000000000000004
7FFFFFFFFFFFFFFE3B
0000000000000000AF
7FFFFFFFFFFFFFFFD2
000000000000000115
7FFFFFFFFFFFFFFF3A
000000000000000131
00000000000000003E
0000000000000000B1
0000000000000001A8
000000000000000038
7FFFFFFFFFFFFFFFE0
7FFFFFFFFFFFFFFF6C
7FFFFFFFFFFFFFFEBE
7FFFFFFFFFFFFFFF5F
000000000000000031
7FFFFFFFFFFFFFFFEF
000000000000000070
00000000000000008E
0000000000000000EE
00000000000000008E
0000000000000000A6
7FFFFFFFFFFFFFFE90
7FFFFFFFFFFFFFFFA4
7FFFFFFFFFFFFFFFF5
0000000000000000F0
7FFFFFFFFFFFFFFFFB
7FFFFFFFFFFFFFFEAA
00000000000000013C
0000000000000002F5
7FFFFFFFFFFFFFFF95
00000000000000001C
7FFFFFFFFFFFFFFF96
0000000000000001D0
7FFFFFFFFFFFFFFE73
000000000000000124
00000000000000005E
7FFFFFFFFFFFFFFFAB
7FFFFFFFFFFFFFFF8C
7FFFFFFFFFFFFFFFF3
7FFFFFFFFFFFFFFF98
00000000000000003B
000000000000000017
7FFFFFFFFFFFFFFFBF
7FFFFFFFFFFFFFFFED
000000000000000228
00000000000000009F
0000000000000000CF
000000000000000086
000000000000000122
000000000000000076
7FFFFFFFFFFFFFFFCF
00000000000000005F
00000000000000010D
7FFFFFFFFFFFFFFFB0
000000000000000134
7FFFFFFFFFFFFFFF33
7FFFFFFFFFFFFFFEC5
00000000000000000A
7FFFFFFFFFFFFFFE7F
7FFFFFFFFFFFFFFEA2
7FFFFFFFFFFFFFFFF1
000000000000000120
7FFFFFFFFFFFFFFF7C
7FFFFFFFFFFFFFFFE0
7FFFFFFFFFFFFFFF40
7FFFFFFFFFFFFFFEE5
000000000000000049
7FFFFFFFFFFFFFFEA2
000000000000000040
00000000000000004A
00000000000000000F
7FFFFFFFFFFFFFFFE2
0000000000000000B6
00000000000000016A
7FFFFFFFFFFFFFFEFD
7FFFFFFFFFFFFFFE9A
000000000000000054
0000000000000000CB
7FFFFFFFFFFFFFFE82
000000000000000030
000000000000000024
0000000000000000C9
7FFFFFFFFFFFFFFFC5
000000000000000091
00000000000000008F
7FFFFFFFFFFFFFFE5C
7FFFFFFFFFFFFFFEBD
7FFFFFFFFFFFFFFF89
7FFFFFFFFFFFFFFEFA
0000000000000000B0
7FFFFFFFFFFFFFFF8F
7FFFFFFFFFFFFFFF9D
0000000000000000EB
7FFFFFFFFFFFFFFFE8
00000000000000009E
00000000000000008B
000000000000000188
000000000000000031
7FFFFFFFFFFFFFFFC3
7FFFFFFFFFFFFFFF75
7FFFFFFFFFFFFFFF43
00000000000000003D
7FFFFFFFFFFFFFFFB9
7FFFFFFFFFFFFFFFEA
000000000000000061
7FFFFFFFFFFFFFFFE9
7FFFFFFFFFFFFFFF8D
000000000000000037
00000000000000004E
7FFFFFFFFFFFFFFF2A
7FFFFFFFFFFFFFFFC8
7FFFFFFFFFFFFFFE3D
00000000000000002A
7FFFFFFFFFFFFFFF8F
00000000000000012C
000000000000000146
7FFFFFFFFFFFFFFED8
7FFFFFFFFFFFFFFF23
0000000000000000A1
7FFFFFFFFFFFFFFEDE
000000000000000001
7FFFFFFFFFFFFFFF12
7FFFFFFFFFFFFFFE01
0000000000000001CE
7FFFFFFFFFFFFFFF6B
7FFFFFFFFFFFFFFF82
7FFFFFFFFFFFFFFF07
00000000000000010A
7FFFFFFFFFFFFFFF7E
00000000000000005B
7FFFFFFFFFFFFFFFF7
7FFFFFFFFFFFFFFFD6
7FFFFFFFFFFFFFFDF0
7FFFFFFFFFFFFFFFFD
7FFFFFFFFFFFFFFFDC
7FFFFFFFFFFFFFFF81
7FFFFFFFFFFFFFFFEF
0000000000000000E4
7FFFFFFFFFFFFFFFEC
7FFFFFFFFFFFFFFF89
7FFFFFFFFFFFFFFF21
00000000000000023C
7FFFFFFFFFFFFFFFFD
000000000000000069
7FFFFFFFFFFFFFFF95
0000000000000000FC
7FFFFFFFFFFFFFFF5D
7FFFFFFFFFFFFFFF44
000000000000000025
7FFFFFFFFFFFFFFFC6
7FFFFFFFFFFFFFFF27
7FFFFFFFFFFFFFFE90
7FFFFFFFFFFFFFFE0F
7FFFFFFFFFFFFFFFFF
00000000000000004F
7FFFFFFFFFFFFFFDCE
000000000000000005
0000000000000000E0
00000000000000007B
7FFFFFFFFFFFFFFF58
7FFFFFFFFFFFFFFF38
7FFFFFFFFFFFFFFFB2
7FFFFFFFFFFFFFFF67
7FFFFFFFFFFFFFFEF8
0000000000000000BC
7FFFFFFFFFFFFFFE94
0000000000000001A9
00000000000000000D
7FFFFFFFFFFFFFFFAC
000000000000000248
7FFFFFFFFFFFFFFF97
7FFFFFFFFFFFFFFFD8
000000000000000126
7FFFFFFFFFFFFFFFB3
000000000000000012
000000000000000020
7FFFFFFFFFFFFFFF7B
7FFFFFFFFFFFFFFE62
000000000000000051
7FFFFFFFFFFFFFFE0D
7FFFFFFFFFFFFFFF83
0000000000000000BC
7FFFFFFFFFFFFFFF4E
0000000000000000B7
7FFFFFFFFFFFFFFFBC
000000000000000024
000000000000000099
7FFFFFFFFFFFFFFFDC
7FFFFFFFFFFFFFFF73
00000000000000005C
00000000000000009D
000000000000000008
00000000000000022A
000000000000000116
000000000000000064
7FFFFFFFFFFFFFFFA2
00000000000000001C
7FFFFFFFFFFFFFFF65
7FFFFFFFFFFFFFFF89
7FFFFFFFFFFFFFFEFB
0000000000000000E0
7FFFFFFFFFFFFFFF9D
00000000000000003A
00000000000000001B
0000000000000001C5
7FFFFFFFFFFFFFFD4E
00000000000000001E
7FFFFFFFFFFFFFFE1F
00000000000000017B
000000000000000042
00000000000000000A
00000000000000001B
000000000000000000
7FFFFFFFFFFFFFFF60
7FFFFFFFFFFFFFFF55
7FFFFFFFFFFFFFFE71
7FFFFFFFFFFFFFFF6E
0000000000000000D5
7FFFFFFFFFFFFFFF60
7FFFFFFFFFFFFFFF31
000000000000000074
000000000000000069
000000000000000148
000000000000000056
0000000000000001BE
000000000000000059
7FFFFFFFFFFFFFFFE4
7FFFFFFFFFFFFFFEFE
0000000000000000AE
7FFFFFFFFFFFFFFFFE
7FFFFFFFFFFFFFFE6C
0000000000000000FB
7FFFFFFFFFFFFFFFC3
000000000000000048
7FFFFFFFFFFFFFFEE8
7FFFFFFFFFFFFFFF6F
7FFFFFFFFFFFFFFEC6
00000000000000005B
00000000000000009F
7FFFFFFFFFFFFFFF47
0000000000000000A2
7FFFFFFFFFFFFFFF6B
000000000000000211
0000000000000000A6
0000000000000000E5
00000000000000001D
7FFFFFFFFFFFFFFF68
7FFFFFFFFFFFFFFFE9
7FFFFFFFFFFFFFFF49
7FFFFFFFFFFFFFFF55
7FFFFFFFFFFFFFFF1F
00000000000000005E
7FFFFFFFFFFFFFFF1F
00000000000000007B
7FFFFFFFFFFFFFFEE0
000000000000000023
7FFFFFFFFFFFFFFFC6
000000000000000076
000000000000000046
7FFFFFFFFFFFFFFF65
000000000000000056
00000000000000002D
7FFFFFFFFFFFFFFFC9
000000000000000221
0000000000000000DB
00000000000000009B
000000000000000086
7FFFFFFFFFFFFFFF76
000000000000000187
000000000000000079
7FFFFFFFFFFFFFFFD2
7FFFFFFFFFFFFFFFBB
7FFFFFFFFFFFFFFF55
000000000000000069
7FFFFFFFFFFFFFFF57
7FFFFFFFFFFFFFFF8D
000000000000000110
0000000000000000D6
7FFFFFFFFFFFFFFFEC
0000000000000000DF
7FFFFFFFFFFFFFFF86
7FFFFFFFFFFFFFFF53
7FFFFFFFFFFFFFFF50
000000000000000049
00000000000000001F
7FFFFFFFFFFFFFFF92
000000000000000012
00000000000000000F
0000000000000000C2
00000000000000013C
000000000000000011
0000000000000001A6
00000000000000006E
000000000000000100
7FFFFFFFFFFFFFFE12
00000000000000001F
000000000000000086
00000000000000012E
00000000000000005F
0000000000000000A5
00000000000000013A
7FFFFFFFFFFFFFFFBD
7FFFFFFFFFFFFFFF75
000000000000000065
7FFFFFFFFFFFFFFEFB
7FFFFFFFFFFFFFFFF8
000000000000000069
00000000000000002C
7FFFFFFFFFFFFFFF0A
7FFFFFFFFFFFFFFFE4
000000000000000039
7FFFFFFFFFFFFFFF03
7FFFFFFFFFFFFFFE67
000000000000000029
7FFFFFFFFFFFFFFD83
0000000000000002E7
000000000000000161
0000000000000001E7
7FFFFFFFFFFFFFFE34
0000000000000000FE
000000000000000189
00000000000000010D
7FFFFFFFFFFFFFFF8A
0000000000000001DD
7FFFFFFFFFFFFFFDB1
7FFFFFFFFFFFFFFEF2
7FFFFFFFFFFFFFFF8A
7FFFFFFFFFFFFFFFCA
7FFFFFFFFFFFFFFEEF
000000000000000066
00000000000000011F
000000000000000027
0000000000000000ED
000000000000000105
7FFFFFFFFFFFFFFF6D
7FFFFFFFFFFFFFFE5D
7FFFFFFFFFFFFFFE96
0000000000000000A3
7FFFFFFFFFFFFFFF9C
0000000000000000B2
7FFFFFFFFFFFFFFF96
7FFFFFFFFFFFFFFDA6
7FFFFFFFFFFFFFFF0A
0000000000000000D2
7FFFFFFFFFFFFFFE1A
7FFFFFFFFFFFFFFFA9
000000000000000191
7FFFFFFFFFFFFFFFDA
00000000000000029A
00000000000000004B
7FFFFFFFFFFFFFFD24
7FFFFFFFFFFFFFFFF8
7FFFFFFFFFFFFFFEDA
000000000000000061
7FFFFFFFFFFFFFFE89
7FFFFFFFFFFFFFFF03
7FFFFFFFFFFFFFFFE9
0000000000000000C7
7FFFFFFFFFFFFFFE3B
7FFFFFFFFFFFFFFFF4
0000000000000000A7
0000000000000003D2
7FFFFFFFFFFFFFFF84
7FFFFFFFFFFFFFFFAF
000000000000000048
00000000000000009B
000000000000000034
7FFFFFFFFFFFFFFFBB
7FFFFFFFFFFFFFFFAB
00000000000000007B
000000000000000094
000000000000000117
00000000000000012F
7FFFFFFFFFFFFFFD61
000000000000000158
7FFFFFFFFFFFFFFFFC
0000000000000000B2
7FFFFFFFFFFFFFFF35
7FFFFFFFFFFFFFFE7B
7FFFFFFFFFFFFFFFCA
000000000000000062
00000000000000015A
7FFFFFFFFFFFFFFF82
0000000000000000C3
7FFFFFFFFFFFFFFFC7
7FFFFFFFFFFFFFFF4D
000000000000000173
0000000000000000A1
7FFFFFFFFFFFFFFF3E
7FFFFFFFFFFFFFFF53
7FFFFFFFFFFFFFFF90
000000000000000216
7FFFFFFFFFFFFFFEC5
000000000000000189
00000000000000004D
0000000000000001BA
7FFFFFFFFFFFFFFED6
7FFFFFFFFFFFFFFF1D
000000000000000087
00000000000000001F
7FFFFFFFFFFFFFFF25
7FFFFFFFFFFFFFFFBA
00000000000000007B
0000000000000000EA
7FFFFFFFFFFFFFFFEC
0000000000000000A1
000000000000000145
7FFFFFFFFFFFFFFEFF
000000000000000058
0000000000000000B5
000000000000000189
7FFFFFFFFFFFFFFFD5
7FFFFFFFFFFFFFFF29
000000000000000118
0000000000000000D3
0000000000000001C7
7FFFFFFFFFFFFFFDD9
00000000000000033F
7FFFFFFFFFFFFFFFEC
0000000000000000FC
7FFFFFFFFFFFFFFFDD
000000000000000063
00000000000000012D
7FFFFFFFFFFFFFFE89
7FFFFFFFFFFFFFFFCC
7FFFFFFFFFFFFFFE78
00000000000000008B
000000000000000089
00000000000000001B
7FFFFFFFFFFFFFFFB9
0000000000000000BC
000000000000000097
000000000000000041
000000000000000093
7FFFFFFFFFFFFFFF40
00000000000000000E
00000000000000005B
7FFFFFFFFFFFFFFFB0
7FFFFFFFFFFFFFFED8
00000000000000009F
7FFFFFFFFFFFFFFF68
0000000000000000DC
7FFFFFFFFFFFFFFE88
0000000000000001DD
7FFFFFFFFFFFFFFD51
7FFFFFFFFFFFFFFFE9
7FFFFFFFFFFFFFFEC2
7FFFFFFFFFFFFFFF2D
7FFFFFFFFFFFFFFF14
7FFFFFFFFFFFFFFF74
000000000000000038
000000000000000079
000000000000000163
7FFFFFFFFFFFFFFFFB
7FFFFFFFFFFFFFFE40
000000000000000066
7FFFFFFFFFFFFFFFB0
7FFFFFFFFFFFFFFE8A
7FFFFFFFFFFFFFFF4D
000000000000000008
7FFFFFFFFFFFFFFFE3
7FFFFFFFFFFFFFFF65
000000000000000122
7FFFFFFFFFFFFFFFF9
00000000000000009F
0000000000000000AA
7FFFFFFFFFFFFFFFD4
00000000000000003F
0000000000000001F9
00000000000000012F
000000000000000016
000000000000000104
7FFFFFFFFFFFFFFFED
7FFFFFFFFFFFFFFF34
00000000000000007F
7FFFFFFFFFFFFFFE35
7FFFFFFFFFFFFFFE53
00000000000000013A
7FFFFFFFFFFFFFFF23
7FFFFFFFFFFFFFFFDE
7FFFFFFFFFFFFFFEF0
000000000000000079
0000000000000000B5
0000000000000001AF
0000000000000000C7
00000000000000001F
7FFFFFFFFFFFFFFFEB
7FFFFFFFFFFFFFFEA1
7FFFFFFFFFFFFFFE4A
00000000000000017C
0000000000000000AB
000000000000000100
7FFFFFFFFFFFFFFEA5
000000000000000122
0000000000000000A2
000000000000000013
7FFFFFFFFFFFFFFFB1
7FFFFFFFFFFFFFFFD5
7FFFFFFFFFFFFFFF48
7FFFFFFFFFFFFFFFD6
7FFFFFFFFFFFFFFF8B
000000000000000051
7FFFFFFFFFFFFFFFF7
000000000000000092
7FFFFFFFFFFFFFFED4
7FFFFFFFFFFFFFFF83
7FFFFFFFFFFFFFFF18
000000000000000051
7FFFFFFFFFFFFFFFCD
000000000000000201
7FFFFFFFFFFFFFFFD6
7FFFFFFFFFFFFFFF3B
7FFFFFFFFFFFFFFEEB
7FFFFFFFFFFFFFFEA2
7FFFFFFFFFFFFFFFF2
0000000000000001B4
7FFFFFFFFFFFFFFE12
7FFFFFFFFFFFFFFE33
0000000000000001E7
0000000000000000A1
7FFFFFFFFFFFFFFF8C
7FFFFFFFFFFFFFFFC6
00000000000000017B
7FFFFFFFFFFFFFFDE2
7FFFFFFFFFFFFFFFD2
7FFFFFFFFFFFFFFEF1
000000000000000075
7FFFFFFFFFFFFFFFC0
000000000000000094
000000000000000016
0000000000000000DD
000000000000000038
000000000000000106
7FFFFFFFFFFFFFFEE8
000000000000000148
0000000000000000BB
7FFFFFFFFFFFFFFF07
7FFFFFFFFFFFFFFFA7
7FFFFFFFFFFFFFFF10
7FFFFFFFFFFFFFFFFE
00000000000000008E
7FFFFFFFFFFFFFFF14
7FFFFFFFFFFFFFFFF6
7FFFFFFFFFFFFFFF62
0000000000000000C3
7FFFFFFFFFFFFFFE74
7FFFFFFFFFFFFFFFE9
0000000000000001EB
0000000000000000E4
7FFFFFFFFFFFFFFEFF
0000000000000000E3
00000000000000013C
00000000000000011C
00000000000000013B
7FFFFFFFFFFFFFFFC8
0000000000000000BC
000000000000000030
7FFFFFFFFFFFFFFF4C
0000000000000000B1
7FFFFFFFFFFFFFFFD8
7FFFFFFFFFFFFFFFB7
000000000000000021
0000000000000001D9
7FFFFFFFFFFFFFFF51
00000000000000004A
7FFFFFFFFFFFFFFFEF
000000000000000160
0000000000000000C0
7FFFFFFFFFFFFFFFBC
7FFFFFFFFFFFFFFF7C
0000000000000000D9
7FFFFFFFFFFFFFFF88
000000000000000023
00000000000000013D
000000000000000217
7FFFFFFFFFFFFFFD75
7FFFFFFFFFFFFFFE42
000000000000000060
000000000000000077
0000000000000000BD
0000000000000000B7
7FFFFFFFFFFFFFFE61
7FFFFFFFFFFFFFFF55
0000000000000001C8
7FFFFFFFFFFFFFFE37
7FFFFFFFFFFFFFFFFE
0000000000000000E9
0000000000000001FD
000000000000000077
7FFFFFFFFFFFFFFF05
0000000000000001BA
7FFFFFFFFFFFFFFF6A
000000000000000124
7FFFFFFFFFFFFFFFD8
0000000000000001B1
000000000000000097
7FFFFFFFFFFFFFFEB2
7FFFFFFFFFFFFFFECC
7FFFFFFFFFFFFFFFE2
00000000000000019E
7FFFFFFFFFFFFFFFCF
000000000000000002
7FFFFFFFFFFFFFFFC8
0000000000000000E3
7FFFFFFFFFFFFFFF08
7FFFFFFFFFFFFFFF3F
7FFFFFFFFFFFFFFF7A
000000000000000086
7FFFFFFFFFFFFFFDFD
7FFFFFFFFFFFFFFFBA
000000000000000031
0000000000000000F4
7FFFFFFFFFFFFFFFB9
0000000000000000D6
7FFFFFFFFFFFFFFF6C
7FFFFFFFFFFFFFFEDA
7FFFFFFFFFFFFFFF4D
000000000000000129
7FFFFFFFFFFFFFFF51
0000000000000000A7
000000000000000023
0000000000000000AF
7FFFFFFFFFFFFFFFD7
0000000000000000F8
000000000000000197
00000000000000017D
7FFFFFFFFFFFFFFEB0
000000000000000127
7FFFFFFFFFFFFFFF1B
7FFFFFFFFFFFFFFF73
0000000000000000D6
0000000000000000FE
000000000000000111
7FFFFFFFFFFFFFFE13
7FFFFFFFFFFFFFFFB8
7FFFFFFFFFFFFFFFF7
7FFFFFFFFFFFFFFEAF
7FFFFFFFFFFFFFFF93
7FFFFFFFFFFFFFFF71
7FFFFFFFFFFFFFFF2D
7FFFFFFFFFFFFFFFC7
7FFFFFFFFFFFFFFEFF
7FFFFFFFFFFFFFFF59
7FFFFFFFFFFFFFFE84
7FFFFFFFFFFFFFFE9C
7FFFFFFFFFFFFFFFED
7FFFFFFFFFFFFFFF9D
000000000000000159
7FFFFFFFFFFFFFFF87
7FFFFFFFFFFFFFFF3D
00000000000000010A
00000000000000002F
000000000000000151
7FFFFFFFFFFFFFFFED
7FFFFFFFFFFFFFFF98
7FFFFFFFFFFFFFFEE5
7FFFFFFFFFFFFFFFF1
7FFFFFFFFFFFFFFEC6
000000000000000025
000000000000000107
000000000000000219
7FFFFFFFFFFFFFFF29
000000000000000046
000000000000000010
7FFFFFFFFFFFFFFE8C
7FFFFFFFFFFFFFFFD1
7FFFFFFFFFFFFFFFB7
00000000000000005B
7FFFFFFFFFFFFFFEE4
00000000000000010D
000000000000000015
7FFFFFFFFFFFFFFEA3
7FFFFFFFFFFFFFFF5C
000000000000000177
7FFFFFFFFFFFFFFF33
0000000000000000C5
000000000000000102
000000000000000132
00000000000000005A
7FFFFFFFFFFFFFFFAF
0000000000000000BA
7FFFFFFFFFFFFFFF2C
7FFFFFFFFFFFFFFEF5
7FFFFFFFFFFFFFFEF2
7FFFFFFFFFFFFFFF04
7FFFFFFFFFFFFFFF2E
7FFFFFFFFFFFFFFE4D
7FFFFFFFFFFFFFFF94
000000000000000126
7FFFFFFFFFFFFFFFB3
000000000000000002
0000000000000000AE
7FFFFFFFFFFFFFFF89
7FFFFFFFFFFFFFFF8D
7FFFFFFFFFFFFFFFE0
000000000000000025
7FFFFFFFFFFFFFFEB9
7FFFFFFFFFFFFFFF0E
7FFFFFFFFFFFFFFFE4
0000000000000000C8
7FFFFFFFFFFFFFFEEC
7FFFFFFFFFFFFFFFED
0000000000000000F7
7FFFFFFFFFFFFFFFD2
7FFFFFFFFFFFFFFEA5
7FFFFFFFFFFFFFFFF9
7FFFFFFFFFFFFFFFA9
0000000000000001B8
000000000000000083
7FFFFFFFFFFFFFFFEA
7FFFFFFFFFFFFFFF03
0000000000000001A4
7FFFFFFFFFFFFFFF2B
7FFFFFFFFFFFFFFF37
7FFFFFFFFFFFFFFE1E
0000000000000000C5
7FFFFFFFFFFFFFFF85
0000000000000001B0
0000000000000000E5
7FFFFFFFFFFFFFFF58
7FFFFFFFFFFFFFFF8E
7FFFFFFFFFFFFFFFE4
7FFFFFFFFFFFFFFFEE
000000000000000057
0000000000000000A2
7FFFFFFFFFFFFFFFDC
7FFFFFFFFFFFFFFFD6
7FFFFFFFFFFFFFFDFE
000000000000000113
7FFFFFFFFFFFFFFFD8
00000000000000003D
00000000000000003C
00000000000000015E
7FFFFFFFFFFFFFFFAD
7FFFFFFFFFFFFFFE43
7FFFFFFFFFFFFFFF2B
7FFFFFFFFFFFFFFFFB
000000000000000006
7FFFFFFFFFFFFFFF3E
7FFFFFFFFFFFFFFF17
7FFFFFFFFFFFFFFFD9
7FFFFFFFFFFFFFFE54
7FFFFFFFFFFFFFFF48
7FFFFFFFFFFFFFFF2A
7FFFFFFFFFFFFFFEC9
00000000000000007B
7FFFFFFFFFFFFFFEC8
000000000000000147
000000000000000047
000000000000000073
7FFFFFFFFFFFFFFF74
000000000000000137
0000000000000000FB
7FFFFFFFFFFFFFFEDB
00000000000000000C
000000000000000014
0000000000000000F5
7FFFFFFFFFFFFFFFE9
000000000000000251
7FFFFFFFFFFFFFFF54
0000000000000001D8
000000000000000129
7FFFFFFFFFFFFFFECE
0000000000000000AA
00000000000000005D
7FFFFFFFFFFFFFFF21
000000000000000100
7FFFFFFFFFFFFFFEAD
7FFFFFFFFFFFFFFFF9
7FFFFFFFFFFFFFFE79
0000000000000001CA
7FFFFFFFFFFFFFFDEF
000000000000000053
7FFFFFFFFFFFFFFEFA
000000000000000074
7FFFFFFFFFFFFFFFFE
7FFFFFFFFFFFFFFF72
7FFFFFFFFFFFFFFF86
7FFFFFFFFFFFFFFFA6
000000000000000098
000000000000000015
7FFFFFFFFFFFFFFEC9
7FFFFFFFFFFFFFFF6C
0000000000000000BE
7FFFFFFFFFFFFFFF13
000000000000000107
0000000000000000FD
7FFFFFFFFFFFFFFFC0
0000000000000000AD
7FFFFFFFFFFFFFFF77
7FFFFFFFFFFFFFFFBC
000000000000000093
0000000000000000CD
7FFFFFFFFFFFFFFFEB
7FFFFFFFFFFFFFFECE
7FFFFFFFFFFFFFFE8E
0000000000000000FF
000000000000000061
00000000000000000A
7FFFFFFFFFFFFFFF8F
0000000000000000FE
7FFFFFFFFFFFFFFD5B
7FFFFFFFFFFFFFFF6A
0000000000000000E5
0000000000000000DB
000000000000000015
7FFFFFFFFFFFFFFEB1
0000000000000001BF
00000000000000014E
000000000000000184
7FFFFFFFFFFFFFFFB6
00000000000000011E
000000000000000034
00000000000000010C
7FFFFFFFFFFFFFFFD3
000000000000000014
7FFFFFFFFFFFFFFE88
7FFFFFFFFFFFFFFF5A
00000000000000007B
0000000000000000C9
000000000000000161
7FFFFFFFFFFFFFFFE7
000000000000000030
000000000000000126
000000000000000099
0000000000000000C2
7FFFFFFFFFFFFFFDAE
00000000000000012E
000000000000000230
000000000000000013
000000000000000078
7FFFFFFFFFFFFFFFD3
000000000000000082
0000000000000000BA
7FFFFFFFFFFFFFFF6A
000000000000000092
7FFFFFFFFFFFFFFF24
7FFFFFFFFFFFFFFF3C
000000000000000113
0000000000000000C2
00000000000000001E
0000000000000000CB
7FFFFFFFFFFFFFFFE1
7FFFFFFFFFFFFFFFB5
7FFFFFFFFFFFFFFE9C
7FFFFFFFFFFFFFFF80
7FFFFFFFFFFFFFFF14
0000000000000001CD
0000000000000001D6
7FFFFFFFFFFFFFFDF6
0000000000000000E3
000000000000000094
7FFFFFFFFFFFFFFE38
00000000000000002B
00000000000000008D
7FFFFFFFFFFFFFFF6C
000000000000000088
000000000000000038
0000000000000000DA
00000000000000002B
00000000000000002E
7FFFFFFFFFFFFFFFB1
7FFFFFFFFFFFFFFF3C
7FFFFFFFFFFFFFFFC6
7FFFFFFFFFFFFFFEBF
7FFFFFFFFFFFFFFF59
7FFFFFFFFFFFFFFFB2
00000000000000000B
7FFFFFFFFFFFFFFEF2
00000000000000018D
7FFFFFFFFFFFFFFFEA
7FFFFFFFFFFFFFFDDB
7FFFFFFFFFFFFFFF92
7FFFFFFFFFFFFFFFD4
0000000000000000C5
7FFFFFFFFFFFFFFF07
7FFFFFFFFFFFFFFED9
000000000000000007
00000000000000008A
0000000000000000B5
0000000000000000CF
000000000000000015
7FFFFFFFFFFFFFFF6C
00000000000000001B
7FFFFFFFFFFFFFFFE6
7FFFFFFFFFFFFFFF0F
7FFFFFFFFFFFFFFF83
00000000000000013D
7FFFFFFFFFFFFFFFE0
000000000000000077
00000000000000001A
7FFFFFFFFFFFFFFF0F
00000000000000000F
00000000000000009A
0000000000000000D0
7FFFFFFFFFFFFFFF84
0000000000000000EE
7FFFFFFFFFFFFFFE14
7FFFFFFFFFFFFFFF53
0000000000000000BE
00000000000000003E
7FFFFFFFFFFFFFFFF4
7FFFFFFFFFFFFFFFD6
00000000000000003C
00000000000000011E
7FFFFFFFFFFFFFFFAA
000000000000000144
7FFFFFFFFFFFFFFF7C
0000000000000000AE
7FFFFFFFFFFFFFFFED
000000000000000061
7FFFFFFFFFFFFFFF9E
0000000000000001B0
7FFFFFFFFFFFFFFE58
0000000000000000E8
0000000000000000AB
7FFFFFFFFFFFFFFE53
7FFFFFFFFFFFFFFE8D
00000000000000000D
000000000000000012
000000000000000032
7FFFFFFFFFFFFFFDF4
000000000000000055
0000000000000001E5
00000000000000001E
7FFFFFFFFFFFFFFF46
00000000000000008F
7FFFFFFFFFFFFFFF5F
0000000000000000BC
7FFFFFFFFFFFFFFE9E
7FFFFFFFFFFFFFFF7C
0000000000000000BB
000000000000000016
7FFFFFFFFFFFFFFFFD
7FFFFFFFFFFFFFFFCD
000000000000000110
000000000000000064
000000000000000010
7FFFFFFFFFFFFFFFD5
00000000000000011A
00000000000000000C
000000000000000046
7FFFFFFFFFFFFFFF8C
00000000000000012D
000000000000000092
7FFFFFFFFFFFFFFFBA
0000000000000001EA
000000000000000291
000000000000000173
7FFFFFFFFFFFFFFF84
00000000000000026C
7FFFFFFFFFFFFFFFFC
7FFFFFFFFFFFFFFFF2
000000000000000058
000000000000000157
7FFFFFFFFFFFFFFF57
7FFFFFFFFFFFFFFFE3
000000000000000061
00000000000000004B
000000000000000122
7FFFFFFFFFFFFFFF02
000000000000000146
000000000000000198
0000000000000001A0
0000000000000000FD
7FFFFFFFFFFFFFFFFB
7FFFFFFFFFFFFFFFE4
0000000000000000CF
7FFFFFFFFFFFFFFF01
7FFFFFFFFFFFFFFF41
00000000000000011F
7FFFFFFFFFFFFFFF28
7FFFFFFFFFFFFFFF3F
0000000000000000FC
7FFFFFFFFFFFFFFEDD
00000000000000001E
00000000000000018C
00000000000000019A
7FFFFFFFFFFFFFFFE8
0000000000000000C3
7FFFFFFFFFFFFFFF78
00000000000000005A
00000000000000005B
7FFFFFFFFFFFFFFFAD
7FFFFFFFFFFFFFFFF3
7FFFFFFFFFFFFFFF7C
0000000000000001A3
7FFFFFFFFFFFFFFFF8
000000000000000017
000000000000000068
7FFFFFFFFFFFFFFEA5
7FFFFFFFFFFFFFFF59
00000000000000002F
00000000000000005B
7FFFFFFFFFFFFFFF39
7FFFFFFFFFFFFFFF9A
000000000000000042
000000000000000050
000000000000000021
7FFFFFFFFFFFFFFFE4
7FFFFFFFFFFFFFFFDE
000000000000000110
7FFFFFFFFFFFFFFFEA
0000000000000000DB
00000000000000003B
7FFFFFFFFFFFFFFF6E
000000000000000051
00000000000000018E
0000000000000000EB
7FFFFFFFFFFFFFFEDE
7FFFFFFFFFFFFFFF81
7FFFFFFFFFFFFFFFF0
000000000000000014
00000000000000010A
000000000000000062
000000000000000046
000000000000000035
000000000000000088
7FFFFFFFFFFFFFFFCC
000000000000000039
00000000000000005C
7FFFFFFFFFFFFFFFB7
7FFFFFFFFFFFFFFECF
000000000000000120
0000000000000000F1
7FFFFFFFFFFFFFFF98
00000000000000000F
7FFFFFFFFFFFFFFFEA
7FFFFFFFFFFFFFFE9C
7FFFFFFFFFFFFFFFFA
7FFFFFFFFFFFFFFF0C
7FFFFFFFFFFFFFFFBB
7FFFFFFFFFFFFFFEB6
7FFFFFFFFFFFFFFF7F
00000000000000006E
00000000000000016C
7FFFFFFFFFFFFFFF4E
000000000000000122
7FFFFFFFFFFFFFFF66
7FFFFFFFFFFFFFFF04
7FFFFFFFFFFFFFFFE6
00000000000000007D
000000000000000014
7FFFFFFFFFFFFFFE95
7FFFFFFFFFFFFFFFF2
000000000000000137
7FFFFFFFFFFFFFFF67
00000000000000001E
7FFFFFFFFFFFFFFF70
7FFFFFFFFFFFFFFF93
00000000000000007C
0000000000000000A7
7FFFFFFFFFFFFFFFD5
00000000000000006B
0000000000000000F1
0000000000000000A1
7FFFFFFFFFFFFFFF22
7FFFFFFFFFFFFFFFFC
000000000000000196
000000000000000106
7FFFFFFFFFFFFFFF20
0000000000000000DF
7FFFFFFFFFFFFFFEB1
0000000000000000C4
7FFFFFFFFFFFFFFFC7
7FFFFFFFFFFFFFFF97
000000000000000093
7FFFFFFFFFFFFFFEED
7FFFFFFFFFFFFFFEBF
00000000000000011D
000000000000000019
000000000000000133
7FFFFFFFFFFFFFFE55
7FFFFFFFFFFFFFFE5F
0000000000000000AD
0000000000000000C9
7FFFFFFFFFFFFFFEC0
7FFFFFFFFFFFFFFF69
7FFFFFFFFFFFFFFF60
7FFFFFFFFFFFFFFFEC
000000000000000004
7FFFFFFFFFFFFFFF31
00000000000000006C
00000000000000023D
7FFFFFFFFFFFFFFEDF
00000000000000001B
00000000000000005D
7FFFFFFFFFFFFFFEB3
000000000000000095
000000000000000198
0000000000000000F1
7FFFFFFFFFFFFFFF1B
7FFFFFFFFFFFFFFFD9
7FFFFFFFFFFFFFFFFF
7FFFFFFFFFFFFFFEC7
0000000000000001BC
0000000000000001A1
000000000000000131
00000000000000002C
000000000000000006
7FFFFFFFFFFFFFFF00
000000000000000003
000000000000000086
7FFFFFFFFFFFFFFF5E
000000000000000089
7FFFFFFFFFFFFFFE1C
0000000000000001CC
0000000000000001BC
7FFFFFFFFFFFFFFF58
000000000000000074
0000000000000000EC
7FFFFFFFFFFFFFFFD1
000000000000000111
7FFFFFFFFFFFFFFF1E
7FFFFFFFFFFFFFFFDD
7FFFFFFFFFFFFFFF77
7FFFFFFFFFFFFFFF40
7FFFFFFFFFFFFFFFA8
7FFFFFFFFFFFFFFFCB
7FFFFFFFFFFFFFFF2D
00000000000000007B
7FFFFFFFFFFFFFFE9D
00000000000000010C
0000000000000000B9
000000000000000177
7FFFFFFFFFFFFFFE64
0000000000000000FA
7FFFFFFFFFFFFFFF84
7FFFFFFFFFFFFFFFB9
7FFFFFFFFFFFFFFFE7
7FFFFFFFFFFFFFFE8B
0000000000000001B6
7FFFFFFFFFFFFFFF9E
7FFFFFFFFFFFFFFF86
000000000000000102
7FFFFFFFFFFFFFFFEB
00000000000000012E
7FFFFFFFFFFFFFFEF6
7FFFFFFFFFFFFFFF36
000000000000000014
00000000000000005F
7FFFFFFFFFFFFFFF70
7FFFFFFFFFFFFFFF59
7FFFFFFFFFFFFFFE69
000000000000000015
000000000000000099
7FFFFFFFFFFFFFFFBF
000000000000000103
00000000000000017D
00000000000000007B
0000000000000001B2
7FFFFFFFFFFFFFFF1A
7FFFFFFFFFFFFFFFF4
000000000000000083
00000000000000014A
0000000000000000CF
0000000000000001D1
7FFFFFFFFFFFFFFDEB
0000000000000001CF
7FFFFFFFFFFFFFFE29
0000000000000000E4
00000000000000010B
000000000000000093
7FFFFFFFFFFFFFFF1D
7FFFFFFFFFFFFFFF55
00000000000000016C
7FFFFFFFFFFFFFFF6F
7FFFFFFFFFFFFFFFA4
7FFFFFFFFFFFFFFFEA
7FFFFFFFFFFFFFFEA9
7FFFFFFFFFFFFFFF15
000000000000000019
00000000000000002A
000000000000000091
7FFFFFFFFFFFFFFF0C
0000000000000000B3
7FFFFFFFFFFFFFFF15
7FFFFFFFFFFFFFFF94
000000000000000028
00000000000000001F
7FFFFFFFFFFFFFFF04
7FFFFFFFFFFFFFFFD3
7FFFFFFFFFFFFFFFFC
7FFFFFFFFFFFFFFFD5
7FFFFFFFFFFFFFFD63
0000000000000000CC
000000000000000132
0000000000000000B1
7FFFFFFFFFFFFFFEF4
7FFFFFFFFFFFFFFF98
000000000000000137
00000000000000006D
00000000000000011B
7FFFFFFFFFFFFFFF32
000000000000000299
7FFFFFFFFFFFFFFFBE
7FFFFFFFFFFFFFFF26
000000000000000143
00000000000000003B
7FFFFFFFFFFFFFFEEE
000000000000000034
7FFFFFFFFFFFFFFFB5
000000000000000012
7FFFFFFFFFFFFFFF3E
7FFFFFFFFFFFFFFDFA
7FFFFFFFFFFFFFFF2D
7FFFFFFFFFFFFFFE87
7FFFFFFFFFFFFFFF32
7FFFFFFFFFFFFFFFA7
7FFFFFFFFFFFFFFFC8
0000000000000000CD
7FFFFFFFFFFFFFFF7B
7FFFFFFFFFFFFFFFCD
0000000000000000DA
00000000000000015E
7FFFFFFFFFFFFFFF11
7FFFFFFFFFFFFFFF35
7FFFFFFFFFFFFFFE17
0000000000000000C4
0000000000000000A1
00000000000000012E
000000000000000157
000000000000000010
7FFFFFFFFFFFFFFF25
000000000000000072
0000000000000000E3
000000000000000205
00000000000000005B
7FFFFFFFFFFFFFFE74
000000000000000002
7FFFFFFFFFFFFFFFE8
000000000000000130
00000000000000013F
7FFFFFFFFFFFFFFF49
000000000000000042
000000000000000145
7FFFFFFFFFFFFFFFAF
7FFFFFFFFFFFFFFEB3
000000000000000127
000000000000000131
00000000000000010B
7FFFFFFFFFFFFFFE7A
7FFFFFFFFFFFFFFE9B
000000000000000070
7FFFFFFFFFFFFFFF2F
7FFFFFFFFFFFFFFFFA
000000000000000193
7FFFFFFFFFFFFFFF66
7FFFFFFFFFFFFFFFF7
7FFFFFFFFFFFFFFF87
0000000000000002F7
000000000000000023
7FFFFFFFFFFFFFFF5C
7FFFFFFFFFFFFFFF65
7FFFFFFFFFFFFFFF99
7FFFFFFFFFFFFFFEB2
7FFFFFFFFFFFFFFE14
7FFFFFFFFFFFFFFDEA
7FFFFFFFFFFFFFFE97
000000000000000188
7FFFFFFFFFFFFFFFD1
000000000000000028
000000000000000021
7FFFFFFFFFFFFFFEB6
0000000000000000BE
7FFFFFFFFFFFFFFE97
000000000000000025
0000000000000000DC
7FFFFFFFFFFFFFFF6A
7FFFFFFFFFFFFFFEBF
000000000000000086
0000000000000000AC
7FFFFFFFFFFFFFFF44
7FFFFFFFFFFFFFFED5
00000000000000008B
000000000000000017
7FFFFFFFFFFFFFFF7C
000000000000000010
7FFFFFFFFFFFFFFFFC
7FFFFFFFFFFFFFFF0A
7FFFFFFFFFFFFFFFDB
000000000000000118
7FFFFFFFFFFFFFFFFC
7FFFFFFFFFFFFFFF31
00000000000000010A
00000000000000000F
7FFFFFFFFFFFFFFF6B
7FFFFFFFFFFFFFFEF7
7FFFFFFFFFFFFFFFB8
7FFFFFFFFFFFFFFFCA
7FFFFFFFFFFFFFFF10
000000000000000060
7FFFFFFFFFFFFFFF02
000000000000000024
7FFFFFFFFFFFFFFEB2
7FFFFFFFFFFFFFFF61
000000000000000124
000000000000000002
0000000000000000CA
7FFFFFFFFFFFFFFEDF
00000000000000003A
7FFFFFFFFFFFFFFEDC
00000000000000002A
7FFFFFFFFFFFFFFECF
00000000000000000C
00000000000000020B
000000000000000004
000000000000000015
7FFFFFFFFFFFFFFE96
000000000000000087
7FFFFFFFFFFFFFFFE2
7FFFFFFFFFFFFFFF64
0000000000000000D8
00000000000000003E
000000000000000065
7FFFFFFFFFFFFFFEB6
000000000000000023
000000000000000169
00000000000000016E
00000000000000008A
7FFFFFFFFFFFFFFEC3
7FFFFFFFFFFFFFFEDB
00000000000000015A
0000000000000000AF
7FFFFFFFFFFFFFFFAA
0000000000000000AB
00000000000000011C
7FFFFFFFFFFFFFFE81
7FFFFFFFFFFFFFFEDB
7FFFFFFFFFFFFFFEF7
000000000000000036
7FFFFFFFFFFFFFFEDE
7FFFFFFFFFFFFFFFF1
7FFFFFFFFFFFFFFFEC
000000000000000057
7FFFFFFFFFFFFFFFC3
000000000000000019
7FFFFFFFFFFFFFFF2B
7FFFFFFFFFFFFFFFA9
7FFFFFFFFFFFFFFF3E
7FFFFFFFFFFFFFFEB0
000000000000000018
0000000000000000D2
000000000000000325
000000000000000054
7FFFFFFFFFFFFFFED0
7FFFFFFFFFFFFFFE46
7FFFFFFFFFFFFFFF49
7FFFFFFFFFFFFFFFB8
000000000000000057
7FFFFFFFFFFFFFFFEB
7FFFFFFFFFFFFFFF3E
7FFFFFFFFFFFFFFF7C
00000000000000004F
00000000000000000E
000000000000000158
7FFFFFFFFFFFFFFF94
0000000000000000E5
00000000000000006B
00000000000000006D
000000000000000013
7FFFFFFFFFFFFFFF80
00000000000000007F
0000000000000000AB
0000000000000000BB
00000000000000006C
000000000000000049
7FFFFFFFFFFFFFFFE7
7FFFFFFFFFFFFFFDF7
000000000000000042
7FFFFFFFFFFFFFFF33
00000000000000002D
00000000000000001E
7FFFFFFFFFFFFFFFCC
7FFFFFFFFFFFFFFF58
0000000000000000B1
000000000000000046
7FFFFFFFFFFFFFFF99
7FFFFFFFFFFFFFFF02
7FFFFFFFFFFFFFFFD3
000000000000000138
00000000000000011A
000000000000000015
0000000000000001DC
7FFFFFFFFFFFFFFFF6
000000000000000210
7FFFFFFFFFFFFFFE35
0000000000000001CE
000000000000000031
7FFFFFFFFFFFFFFF21
7FFFFFFFFFFFFFFF90
7FFFFFFFFFFFFFFF34
00000000000000011F
00000000000000016C
7FFFFFFFFFFFFFFFB3
7FFFFFFFFFFFFFFF34
00000000000000007A
7FFFFFFFFFFFFFFD78
000000000000000014
7FFFFFFFFFFFFFFFF4
7FFFFFFFFFFFFFFFD2
7FFFFFFFFFFFFFFE81
00000000000000026A
7FFFFFFFFFFFFFFFDF
00000000000000000F
7FFFFFFFFFFFFFFFD8
7FFFFFFFFFFFFFFEF4
000000000000000166
7FFFFFFFFFFFFFFF1A
000000000000000007
7FFFFFFFFFFFFFFF38
00000000000000011D
7FFFFFFFFFFFFFFF8F
000000000000000125
0000000000000000ED
7FFFFFFFFFFFFFFEE8
00000000000000025B
7FFFFFFFFFFFFFFF0F
0000000000000000E6
000000000000000239
7FFFFFFFFFFFFFFF44
7FFFFFFFFFFFFFFF53
000000000000000111
000000000000000133
7FFFFFFFFFFFFFFF62
7FFFFFFFFFFFFFFF39
7FFFFFFFFFFFFFFFB6
00000000000000016C
000000000000000006
000000000000000061
7FFFFFFFFFFFFFFF5A
7FFFFFFFFFFFFFFFCC
0000000000000000FF
7FFFFFFFFFFFFFFFFB
7FFFFFFFFFFFFFFE7B
000000000000000130
0000000000000000B3
00000000000000001D
7FFFFFFFFFFFFFFFD9
7FFFFFFFFFFFFFFFFC
000000000000000024
0000000000000001CF
000000000000000262
0000000000000000A6
7FFFFFFFFFFFFFFE75
000000000000000040
0000000000000000AD
00000000000000000A
7FFFFFFFFFFFFFFEDE
7FFFFFFFFFFFFFFFE1
7FFFFFFFFFFFFFFEB8
7FFFFFFFFFFFFFFFF3
00000000000000000F
000000000000000050
7FFFFFFFFFFFFFFF2D
7FFFFFFFFFFFFFFEAE
7FFFFFFFFFFFFFFF60
000000000000000115
7FFFFFFFFFFFFFFEE4
000000000000000181
7FFFFFFFFFFFFFFE8F
7FFFFFFFFFFFFFFF5E
0000000000000000E9
7FFFFFFFFFFFFFFE70
000000000000000040
000000000000000001
00000000000000008F
00000000000000017C
7FFFFFFFFFFFFFFFCC
00000000000000016F
7FFFFFFFFFFFFFFE98
7FFFFFFFFFFFFFFED4
7FFFFFFFFFFFFFFF5F
000000000000000051
7FFFFFFFFFFFFFFFB1
7FFFFFFFFFFFFFFF65
000000000000000095
000000000000000197
000000000000000185
7FFFFFFFFFFFFFFE3E
7FFFFFFFFFFFFFFEEE
7FFFFFFFFFFFFFFF49
000000000000000030
7FFFFFFFFFFFFFFEC1
000000000000000089
7FFFFFFFFFFFFFFFF5
00000000000000009F
7FFFFFFFFFFFFFFF45
7FFFFFFFFFFFFFFFE3
7FFFFFFFFFFFFFFF79
7FFFFFFFFFFFFFFF15
7FFFFFFFFFFFFFFFCE
000000000000000000
7FFFFFFFFFFFFFFFCF
7FFFFFFFFFFFFFFF96
000000000000000014
7FFFFFFFFFFFFFFF3B
7FFFFFFFFFFFFFFF68
0000000000000000F7
00000000000000003C
7FFFFFFFFFFFFFFFA3
7FFFFFFFFFFFFFFF40
7FFFFFFFFFFFFFFE6E
0000000000000001A2
0000000000000000B1
000000000000000085
0000000000000000DB
7FFFFFFFFFFFFFFECE
7FFFFFFFFFFFFFFECA
000000000000000095
7FFFFFFFFFFFFFFF1C
7FFFFFFFFFFFFFFF64
7FFFFFFFFFFFFFFF56
7FFFFFFFFFFFFFFE4B
000000000000000067
000000000000000032
7FFFFFFFFFFFFFFFA1
0000000000000001C0
7FFFFFFFFFFFFFFF3A
7FFFFFFFFFFFFFFE7C
7FFFFFFFFFFFFFFE4B
0000000000000000D1
000000000000000055
00000000000000000E
7FFFFFFFFFFFFFFF3D
0000000000000000A6
7FFFFFFFFFFFFFFF8C
000000000000000154
0000000000000000C4
7FFFFFFFFFFFFFFFBB
0000000000000000B7
0000000000000000E0
00000000000000003E
7FFFFFFFFFFFFFFF3D
7FFFFFFFFFFFFFFFAE
00000000000000016F
7FFFFFFFFFFFFFFF09
7FFFFFFFFFFFFFFED0
7FFFFFFFFFFFFFFFAD
0000000000000001AD
00000000000000001F
7FFFFFFFFFFFFFFECB
7FFFFFFFFFFFFFFF22
000000000000000178
7FFFFFFFFFFFFFFDB8
0000000000000000AA
7FFFFFFFFFFFFFFEC0
7FFFFFFFFFFFFFFF3A
00000000000000003A
000000000000000152
7FFFFFFFFFFFFFFEBB
7FFFFFFFFFFFFFFF87
7FFFFFFFFFFFFFFE98
000000000000000076
000000000000000036
7FFFFFFFFFFFFFFFF6
00000000000000014E
7FFFFFFFFFFFFFFF43
0000000000000000D2
0000000000000000BF
7FFFFFFFFFFFFFFFA3
000000000000000035
7FFFFFFFFFFFFFFF67
7FFFFFFFFFFFFFFF08
0000000000000000A9
7FFFFFFFFFFFFFFF0D
0000000000000000DF
00000000000000003B
000000000000000072
000000000000000067
7FFFFFFFFFFFFFFFE1
7FFFFFFFFFFFFFFEC8
7FFFFFFFFFFFFFFF5F
7FFFFFFFFFFFFFFFCA
0000000000000001D7
7FFFFFFFFFFFFFFF44
7FFFFFFFFFFFFFFFB9
0000000000000000C3
000000000000000056
000000000000000130
00000000000000001B
7FFFFFFFFFFFFFFF3D
7FFFFFFFFFFFFFFFC4
7FFFFFFFFFFFFFFFA2
000000000000000010
7FFFFFFFFFFFFFFE2B
7FFFFFFFFFFFFFFF57
7FFFFFFFFFFFFFFFE5
7FFFFFFFFFFFFFFDE5
000000000000000101
00000000000000000E
000000000000000075
000000000000000134
7FFFFFFFFFFFFFFF7D
7FFFFFFFFFFFFFFFAA
000000000000000129
7FFFFFFFFFFFFFFF69
7FFFFFFFFFFFFFFF2A
0000000000000000A9
0000000000000000F8
7FFFFFFFFFFFFFFFD9
7FFFFFFFFFFFFFFFF8
0000000000000000C0
000000000000000069
7FFFFFFFFFFFFFFFDA
0000000000000000ED
7FFFFFFFFFFFFFFEDF
7FFFFFFFFFFFFFFCF1
00000000000000004E
000000000000000122
000000000000000087
7FFFFFFFFFFFFFFF5A
7FFFFFFFFFFFFFFF9F
00000000000000009C
0000000000000000E1
7FFFFFFFFFFFFFFEE1
7FFFFFFFFFFFFFFF38
7FFFFFFFFFFFFFFEEC
7FFFFFFFFFFFFFFFCF
7FFFFFFFFFFFFFFEF9
00000000000000000B
000000000000000054
0000000000000000C9
0000000000000001B3
7FFFFFFFFFFFFFFFC1
7FFFFFFFFFFFFFFEF8
7FFFFFFFFFFFFFFF1F
000000000000000055
0000000000000000E4
000000000000000056
7FFFFFFFFFFFFFFFD4
000000000000000111
7FFFFFFFFFFFFFFF07
00000000000000010A
00000000000000028C
000000000000000124
7FFFFFFFFFFFFFFF97
7FFFFFFFFFFFFFFEFF
7FFFFFFFFFFFFFFE97
7FFFFFFFFFFFFFFDC6
7FFFFFFFFFFFFFFEE3
7FFFFFFFFFFFFFFE1C
000000000000000078
7FFFFFFFFFFFFFFF46
0000000000000000B6
000000000000000115
7FFFFFFFFFFFFFFF71
00000000000000010E
7FFFFFFFFFFFFFFFED
7FFFFFFFFFFFFFFF3B
7FFFFFFFFFFFFFFF1E
000000000000000072
7FFFFFFFFFFFFFFE3B
00000000000000002B
0000000000000000F9
7FFFFFFFFFFFFFFDF7
7FFFFFFFFFFFFFFF20
0000000000000000E4
7FFFFFFFFFFFFFFF2D
7FFFFFFFFFFFFFFFF3
7FFFFFFFFFFFFFFEF2
000000000000000078
0000000000000000A0
7FFFFFFFFFFFFFFFEA
000000000000000022
7FFFFFFFFFFFFFFF65
00000000000000015E
7FFFFFFFFFFFFFFF0B
0000000000000000A2
000000000000000106
7FFFFFFFFFFFFFFDDB
0000000000000000EE
7FFFFFFFFFFFFFFF0B
000000000000000004
7FFFFFFFFFFFFFFEBC
7FFFFFFFFFFFFFFEFD
7FFFFFFFFFFFFFFFE5
7FFFFFFFFFFFFFFFD9
0000000000000000D8
7FFFFFFFFFFFFFFDCC
7FFFFFFFFFFFFFFFF9
7FFFFFFFFFFFFFFF96
7FFFFFFFFFFFFFFEEB
000000000000000117
7FFFFFFFFFFFFFFFC4
7FFFFFFFFFFFFFFF99
7FFFFFFFFFFFFFFF08
0000000000000000B2
7FFFFFFFFFFFFFFF17
000000000000000126
000000000000000083
000000000000000109
0000000000000000AC
7FFFFFFFFFFFFFFEF7
0000000000000000FA
00000000000000005E
000000000000000077
7FFFFFFFFFFFFFFF60
7FFFFFFFFFFFFFFF59
000000000000000119
00000000000000008D
7FFFFFFFFFFFFFFE8C
7FFFFFFFFFFFFFFF87
7FFFFFFFFFFFFFFFEA
00000000000000002D
000000000000000073
7FFFFFFFFFFFFFFFA3
000000000000000067
000000000000000088
7FFFFFFFFFFFFFFFB5
7FFFFFFFFFFFFFFF98
7FFFFFFFFFFFFFFFFE
000000000000000036
00000000000000006C
7FFFFFFFFFFFFFFF65
7FFFFFFFFFFFFFFF03
00000000000000003B
0000000000000000A2
7FFFFFFFFFFFFFFFE2
7FFFFFFFFFFFFFFF01
000000000000000172
0000000000000001A4
000000000000000095
0000000000000000FE
000000000000000149
7FFFFFFFFFFFFFFF03
7FFFFFFFFFFFFFFEA9
7FFFFFFFFFFFFFFFF8
7FFFFFFFFFFFFFFFF1
000000000000000176
7FFFFFFFFFFFFFFFAD
000000000000000062
7FFFFFFFFFFFFFFF36
000000000000000015
7FFFFFFFFFFFFFFFA7
7FFFFFFFFFFFFFFFE1
7FFFFFFFFFFFFFFEFC
7FFFFFFFFFFFFFFFA7
7FFFFFFFFFFFFFFF78
000000000000000003
00000000000000014E
7FFFFFFFFFFFFFFE6D
7FFFFFFFFFFFFFFEFF
7FFFFFFFFFFFFFFE7E
7FFFFFFFFFFFFFFDF4
00000000000000012E
000000000000000068
000000000000000070
000000000000000071
7FFFFFFFFFFFFFFE7B
7FFFFFFFFFFFFFFEDF
7FFFFFFFFFFFFFFFE5
000000000000000095
0000000000000000A2
7FFFFFFFFFFFFFFFE6
7FFFFFFFFFFFFFFEC3
000000000000000106
7FFFFFFFFFFFFFFFD9
0000000000000000B0
7FFFFFFFFFFFFFFE7A
00000000000000016D
7FFFFFFFFFFFFFFF31
7FFFFFFFFFFFFFFF30
7FFFFFFFFFFFFFFEF6
7FFFFFFFFFFFFFFF31
0000000000000000DF
7FFFFFFFFFFFFFFF25
000000000000000113
00000000000000010B
000000000000000014
000000000000000072
7FFFFFFFFFFFFFFE94
7FFFFFFFFFFFFFFE5A
7FFFFFFFFFFFFFFF9C
000000000000000036
7FFFFFFFFFFFFFFF3C
7FFFFFFFFFFFFFFFD8
000000000000000008
7FFFFFFFFFFFFFFF7B
0000000000000000B3
000000000000000051
00000000000000000B
7FFFFFFFFFFFFFFFB4
0000000000000001BA
00000000000000001E
7FFFFFFFFFFFFFFF38
7FFFFFFFFFFFFFFEEE
7FFFFFFFFFFFFFFF4A
7FFFFFFFFFFFFFFFD7
7FFFFFFFFFFFFFFF07
000000000000000007
000000000000000025
7FFFFFFFFFFFFFFF49
0000000000000000CB
7FFFFFFFFFFFFFFFBE
7FFFFFFFFFFFFFFF89
0000000000000000A2
0000000000000000E5
7FFFFFFFFFFFFFFF32
000000000000000149
0000000000000000EE
000000000000000092
7FFFFFFFFFFFFFFEC0
7FFFFFFFFFFFFFFE93
000000000000000030
00000000000000001C
7FFFFFFFFFFFFFFF4F
7FFFFFFFFFFFFFFFC5
7FFFFFFFFFFFFFFE9A
7FFFFFFFFFFFFFFEBB
0000000000000000CB
7FFFFFFFFFFFFFFEAF
00000000000000017E
7FFFFFFFFFFFFFFF24
000000000000000033
000000000000000149
000000000000000046
00000000000000022F
000000000000000065
000000000000000057
000000000000000181
7FFFFFFFFFFFFFFEA5
7FFFFFFFFFFFFFFE86
7FFFFFFFFFFFFFFFA1
7FFFFFFFFFFFFFFF7C
7FFFFFFFFFFFFFFF8E
00000000000000021A
7FFFFFFFFFFFFFFF8F
7FFFFFFFFFFFFFFE8B
000000000000000106
000000000000000121
7FFFFFFFFFFFFFFFFF
000000000000000145
00000000000000003B
7FFFFFFFFFFFFFFFD9
0000000000000000BE
000000000000000060
7FFFFFFFFFFFFFFFC0
000000000000000076
00000000000000000C
000000000000000096
7FFFFFFFFFFFFFFE1F
7FFFFFFFFFFFFFFFC4
00000000000000008E
7FFFFFFFFFFFFFFF11
000000000000000137
7FFFFFFFFFFFFFFFE9
7FFFFFFFFFFFFFFED6
000000000000000099
7FFFFFFFFFFFFFFFAA
7FFFFFFFFFFFFFFFC5
000000000000000190
7FFFFFFFFFFFFFFFBA
7FFFFFFFFFFFFFFF8E
0000000000000000C1
000000000000000028
000000000000000062
7FFFFFFFFFFFFFFEB8
000000000000000027
7FFFFFFFFFFFFFFED1
0000000000000000D3
000000000000000208
000000000000000036
7FFFFFFFFFFFFFFF2D
7FFFFFFFFFFFFFFF13
00000000000000008F
7FFFFFFFFFFFFFFD25
7FFFFFFFFFFFFFFFDB
000000000000000148
000000000000000003
7FFFFFFFFFFFFFFF34
000000000000000163
0000000000000000BE
000000000000000199
7FFFFFFFFFFFFFFEDB
7FFFFFFFFFFFFFFE27
7FFFFFFFFFFFFFFF99
000000000000000083
7FFFFFFFFFFFFFFF58
7FFFFFFFFFFFFFFFEE
0000000000000000FD
000000000000000047
00000000000000006E
7FFFFFFFFFFFFFFF5F
7FFFFFFFFFFFFFFFEB
000000000000000011
000000000000000025
7FFFFFFFFFFFFFFF58
7FFFFFFFFFFFFFFF19
7FFFFFFFFFFFFFFE0E
000000000000000030
7FFFFFFFFFFFFFFF8B
000000000000000028
7FFFFFFFFFFFFFFF72
7FFFFFFFFFFFFFFEEC
000000000000000056
7FFFFFFFFFFFFFFF36
7FFFFFFFFFFFFFFF97
00000000000000014F
7FFFFFFFFFFFFFFDD5
7FFFFFFFFFFFFFFF35
0000000000000000DF
7FFFFFFFFFFFFFFFD7
000000000000000359
7FFFFFFFFFFFFFFE60
7FFFFFFFFFFFFFFFC3
7FFFFFFFFFFFFFFF0E
7FFFFFFFFFFFFFFFB5
7FFFFFFFFFFFFFFFD2
0000000000000000AE
0000000000000000BC
00000000000000018B
7FFFFFFFFFFFFFFF68
000000000000000051
0000000000000000F4
7FFFFFFFFFFFFFFE8E
000000000000000072
0000000000000002BC
7FFFFFFFFFFFFFFF56
0000000000000000F3
7FFFFFFFFFFFFFFF7F
00000000000000008E
00000000000000009C
0000000000000000A3
7FFFFFFFFFFFFFFF50
7FFFFFFFFFFFFFFEE6
00000000000000004B
0000000000000000CB
000000000000000192
000000000000000033
0000000000000000FF
0000000000000001F0
7FFFFFFFFFFFFFFFEE
0000000000000000A6
7FFFFFFFFFFFFFFEB1
7FFFFFFFFFFFFFFF1A
000000000000000193
000000000000000169
00000000000000011C
7FFFFFFFFFFFFFFF69
7FFFFFFFFFFFFFFFF7
7FFFFFFFFFFFFFFF98
0000000000000000EF
0000000000000000E3
7FFFFFFFFFFFFFFF69
7FFFFFFFFFFFFFFDB2
7FFFFFFFFFFFFFFFA2
000000000000000162
7FFFFFFFFFFFFFFFE1
000000000000000093
7FFFFFFFFFFFFFFE31
00000000000000006B
7FFFFFFFFFFFFFFFE6
7FFFFFFFFFFFFFFF63
000000000000000073
7FFFFFFFFFFFFFFF9D
000000000000000063
7FFFFFFFFFFFFFFFAD
7FFFFFFFFFFFFFFFEB
00000000000000007F
000000000000000315
00000000000000008A
7FFFFFFFFFFFFFFFFE
7FFFFFFFFFFFFFFF96
000000000000000058
7FFFFFFFFFFFFFFE3C
7FFFFFFFFFFFFFFF80
0000000000000000A3
0000000000000000D3
7FFFFFFFFFFFFFFEEA
7FFFFFFFFFFFFFFF8B
000000000000000043
0000000000000001E0
7FFFFFFFFFFFFFFF2B
00000000000000009C
7FFFFFFFFFFFFFFFEA
000000000000000063
7FFFFFFFFFFFFFFFBF
7FFFFFFFFFFFFFFFB7
000000000000000104
000000000000000079
00000000000000005A
0000000000000001A8
7FFFFFFFFFFFFFFE47
00000000000000002A
000000000000000088
7FFFFFFFFFFFFFFF7E
00000000000000002C
7FFFFFFFFFFFFFFF95
0000000000000000E9
7FFFFFFFFFFFFFFE54
0000000000000000AE
000000000000000082
000000000000000097
000000000000000044
7FFFFFFFFFFFFFFDEC
7FFFFFFFFFFFFFFF20
000000000000000145
7FFFFFFFFFFFFFFF91
7FFFFFFFFFFFFFFE9B
0000000000000000CA
000000000000000063
000000000000000186
7FFFFFFFFFFFFFFEC5
00000000000000005A
7FFFFFFFFFFFFFFF71
00000000000000017E
0000000000000000DB
00000000000000018E
7FFFFFFFFFFFFFFEA3
7FFFFFFFFFFFFFFE9B
0000000000000000E3
7FFFFFFFFFFFFFFEE9
7FFFFFFFFFFFFFFE60
0000000000000000CF
00000000000000003C
000000000000000117
7FFFFFFFFFFFFFFDFD
000000000000000092
7FFFFFFFFFFFFFFFEE
0000000000000001C1
7FFFFFFFFFFFFFFDFB
7FFFFFFFFFFFFFFF76
7FFFFFFFFFFFFFFFA5
7FFFFFFFFFFFFFFFB8
0000000000000000B1
000000000000000074
00000000000000008B
00000000000000007D
000000000000000008
000000000000000121
000000000000000008
7FFFFFFFFFFFFFFF81
0000000000000000EE
00000000000000009A
0000000000000000FA
000000000000000157
7FFFFFFFFFFFFFFF51
7FFFFFFFFFFFFFFFC2
0000000000000001A2
7FFFFFFFFFFFFFFFF2
7FFFFFFFFFFFFFFF89
7FFFFFFFFFFFFFFEC7
7FFFFFFFFFFFFFFF5E
7FFFFFFFFFFFFFFFDF
0000000000000000C6
0000000000000000E1
7FFFFFFFFFFFFFFFDD
000000000000000006
00000000000000002B
000000000000000123
000000000000000175
0000000000000000C9
7FFFFFFFFFFFFFFE6B
7FFFFFFFFFFFFFFF20
000000000000000052
7FFFFFFFFFFFFFFE1C
000000000000000028
7FFFFFFFFFFFFFFED5
7FFFFFFFFFFFFFFF91
7FFFFFFFFFFFFFFFC7
7FFFFFFFFFFFFFFEC6
7FFFFFFFFFFFFFFEF6
7FFFFFFFFFFFFFFFCB
7FFFFFFFFFFFFFFFF0
000000000000000033
00000000000000006F
000000000000000195
000000000000000051
7FFFFFFFFFFFFFFF10
00000000000000011C
7FFFFFFFFFFFFFFFEA
7FFFFFFFFFFFFFFEA5
00000000000000018A
00000000000000006A
7FFFFFFFFFFFFFFFAB
000000000000000052
00000000000000003B
000000000000000067
00000000000000002C
000000000000000078
7FFFFFFFFFFFFFFF9B
7FFFFFFFFFFFFFFF2E
7FFFFFFFFFFFFFFE62
7FFFFFFFFFFFFFFFFA
00000000000000000F
7FFFFFFFFFFFFFFFFA
7FFFFFFFFFFFFFFFAD
000000000000000142
7FFFFFFFFFFFFFFFF4
000000000000000267
7FFFFFFFFFFFFFFE56
7FFFFFFFFFFFFFFFB4
7FFFFFFFFFFFFFFF1E
7FFFFFFFFFFFFFFFC2
000000000000000039
0000000000000000C7
7FFFFFFFFFFFFFFEFC
000000000000000040
7FFFFFFFFFFFFFFE7B
7FFFFFFFFFFFFFFEDE
000000000000000051
7FFFFFFFFFFFFFFE8A
7FFFFFFFFFFFFFFEF2
7FFFFFFFFFFFFFFEDD
7FFFFFFFFFFFFFFE54
7FFFFFFFFFFFFFFFAB
0000000000000000D1
7FFFFFFFFFFFFFFE00
000000000000000174
7FFFFFFFFFFFFFFF81
0000000000000000A5
0000000000000000D1
7FFFFFFFFFFFFFFFD1
000000000000000006
0000000000000000D9
7FFFFFFFFFFFFFFEFD
000000000000000115
7FFFFFFFFFFFFFFE6E
0000000000000001B5
7FFFFFFFFFFFFFFFED
00000000000000007A
0000000000000000B3
0000000000000000FA
7FFFFFFFFFFFFFFF70
0000000000000000BB
7FFFFFFFFFFFFFFF1F
7FFFFFFFFFFFFFFFBE
000000000000000009
7FFFFFFFFFFFFFFF60
000000000000000031
7FFFFFFFFFFFFFFFE3
7FFFFFFFFFFFFFFFC3
000000000000000109
000000000000000073
7FFFFFFFFFFFFFFDE2
7FFFFFFFFFFFFFFF3D
000000000000000086
000000000000000151
7FFFFFFFFFFFFFFFB1
7FFFFFFFFFFFFFFF96
7FFFFFFFFFFFFFFFE5
0000000000000000CE
00000000000000008C
000000000000000056
000000000000000014
0000000000000000C1
7FFFFFFFFFFFFFFF9D
0000000000000000BF
0000000000000000AD
000000000000000194
7FFFFFFFFFFFFFFEB2
000000000000000013
000000000000000132
7FFFFFFFFFFFFFFE64
7FFFFFFFFFFFFFFFBD
7FFFFFFFFFFFFFFFA3
7FFFFFFFFFFFFFFF51
7FFFFFFFFFFFFFFF55
000000000000000031
7FFFFFFFFFFFFFFFBA
0000000000000000CD
00000000000000011D
00000000000000013E
00000000000000016C
7FFFFFFFFFFFFFFF3B
7FFFFFFFFFFFFFFEDF
0000000000000000BA
0000000000000001A3
7FFFFFFFFFFFFFFFD0
00000000000000003A
00000000000000006D
7FFFFFFFFFFFFFFF6D
7FFFFFFFFFFFFFFF56
7FFFFFFFFFFFFFFFB7
0000000000000000D3
00000000000000013D
7FFFFFFFFFFFFFFF98
7FFFFFFFFFFFFFFFE6
7FFFFFFFFFFFFFFF70
00000000000000009C
7FFFFFFFFFFFFFFFA7
7FFFFFFFFFFFFFFFE6
0000000000000000D3
0000000000000000DA
000000000000000190
00000000000000019D
7FFFFFFFFFFFFFFE90
000000000000000130
7FFFFFFFFFFFFFFFCE
000000000000000114
000000000000000085
0000000000000000F8
7FFFFFFFFFFFFFFFF0
7FFFFFFFFFFFFFFFB9
7FFFFFFFFFFFFFFE15
7FFFFFFFFFFFFFFDCC
7FFFFFFFFFFFFFFFB6
7FFFFFFFFFFFFFFFE9
000000000000000051
00000000000000000C
7FFFFFFFFFFFFFFF69
000000000000000106
000000000000000026
00000000000000007D
7FFFFFFFFFFFFFFF6C
7FFFFFFFFFFFFFFFF6
0000000000000000DD
00000000000000003E
7FFFFFFFFFFFFFFF1E
7FFFFFFFFFFFFFFEA8
7FFFFFFFFFFFFFFEAC
7FFFFFFFFFFFFFFEE0
7FFFFFFFFFFFFFFF96
7FFFFFFFFFFFFFFEE6
7FFFFFFFFFFFFFFE92
00000000000000002D
0000000000000001BB
7FFFFFFFFFFFFFFFA7
000000000000000080
00000000000000009A
000000000000000038
7FFFFFFFFFFFFFFF7A
0000000000000000AA
7FFFFFFFFFFFFFFF9D
0000000000000001D7
000000000000000040
7FFFFFFFFFFFFFFFF6
7FFFFFFFFFFFFFFF3A
000000000000000080
00000000000000007E
00000000000000005B
0000000000000001C8
000000000000000083
000000000000000193
7FFFFFFFFFFFFFFECD
00000000000000006E
7FFFFFFFFFFFFFFF38
000000000000000019
7FFFFFFFFFFFFFFEE5
00000000000000015E
0000000000000001DC
0000000000000000A3
000000000000000039
7FFFFFFFFFFFFFFFE7
0000000000000000B5
0000000000000000A2
0000000000000000AC
000000000000000136
000000000000000122
7FFFFFFFFFFFFFFEA1
7FFFFFFFFFFFFFFF53
7FFFFFFFFFFFFFFF74
7FFFFFFFFFFFFFFFD4
7FFFFFFFFFFFFFFF54
0000000000000000E5
00000000000000015F
00000000000000012C
000000000000000100
7FFFFFFFFFFFFFFEDB
00000000000000006B
000000000000000022
000000000000000048
00000000000000005E
00000000000000015E
7FFFFFFFFFFFFFFFA8
7FFFFFFFFFFFFFFEB7
7FFFFFFFFFFFFFFFCD
7FFFFFFFFFFFFFFF0C
7FFFFFFFFFFFFFFDF0
000000000000000037
7FFFFFFFFFFFFFFF69
00000000000000010C
7FFFFFFFFFFFFFFDD5
000000000000000039
00000000000000012B
000000000000000048
7FFFFFFFFFFFFFFF65
000000000000000072
000000000000000037
7FFFFFFFFFFFFFFF91
7FFFFFFFFFFFFFFFCB
7FFFFFFFFFFFFFFED3
7FFFFFFFFFFFFFFFF9
7FFFFFFFFFFFFFFFC9
0000000000000000F2
000000000000000011
000000000000000156
000000000000000182
7FFFFFFFFFFFFFFEF1
000000000000000134
00000000000000009D
00000000000000011B
000000000000000043
000000000000000122
7FFFFFFFFFFFFFFEA3
7FFFFFFFFFFFFFFFA1
00000000000000008C
0000000000000000D2
00000000000000006B
7FFFFFFFFFFFFFFF26
00000000000000011B
0000000000000000AF
7FFFFFFFFFFFFFFE1F
7FFFFFFFFFFFFFFD61
00000000000000020A
0000000000000000E8
7FFFFFFFFFFFFFFF83
00000000000000011B
7FFFFFFFFFFFFFFFF2
7FFFFFFFFFFFFFFF34
7FFFFFFFFFFFFFFF25
7FFFFFFFFFFFFFFF5B
7FFFFFFFFFFFFFFEF2
000000000000000101
000000000000000031
7FFFFFFFFFFFFFFFDC
7FFFFFFFFFFFFFFF02
000000000000000065
00000000000000011D
7FFFFFFFFFFFFFFFE8
7FFFFFFFFFFFFFFEFF
7FFFFFFFFFFFFFFE7A
00000000000000000B
000000000000000010
00000000000000001D
000000000000000048
000000000000000016
000000000000000050
0000000000000000BD
000000000000000070
00000000000000005F
7FFFFFFFFFFFFFFF1B
000000000000000145
0000000000000000ED
7FFFFFFFFFFFFFFF9F
7FFFFFFFFFFFFFFF93
000000000000000072
7FFFFFFFFFFFFFFF9A
000000000000000037
7FFFFFFFFFFFFFFF42
7FFFFFFFFFFFFFFF19
7FFFFFFFFFFFFFFF5D
7FFFFFFFFFFFFFFF5B
000000000000000075
000000000000000163
00000000000000011F
7FFFFFFFFFFFFFFF2E
000000000000000064
7FFFFFFFFFFFFFFF86
000000000000000095
7FFFFFFFFFFFFFFFB8
7FFFFFFFFFFFFFFFEB
0000000000000001FB
000000000000000081
000000000000000012
7FFFFFFFFFFFFFFF5D
7FFFFFFFFFFFFFFF25
0000000000000000D9
000000000000000080
000000000000000089
7FFFFFFFFFFFFFFF6F
7FFFFFFFFFFFFFFED1
0000000000000000C6
000000000000000028
7FFFFFFFFFFFFFFFE1
7FFFFFFFFFFFFFFFAC
000000000000000066
00000000000000002B
7FFFFFFFFFFFFFFF26
7FFFFFFFFFFFFFFF88
00000000000000004B
7FFFFFFFFFFFFFFF7F
7FFFFFFFFFFFFFFFF9
000000000000000083
0000000000000001FB
7FFFFFFFFFFFFFFF0C
000000000000000083
7FFFFFFFFFFFFFFFF7
000000000000000021
7FFFFFFFFFFFFFFFFF
7FFFFFFFFFFFFFFF16
7FFFFFFFFFFFFFFF1D
000000000000000019
00000000000000007A
7FFFFFFFFFFFFFFFC5
7FFFFFFFFFFFFFFF71
00000000000000009B
000000000000000067
7FFFFFFFFFFFFFFEEB
7FFFFFFFFFFFFFFFD4
7FFFFFFFFFFFFFFFFD
000000000000000019
7FFFFFFFFFFFFFFFC2
0000000000000000D6
000000000000000018
7FFFFFFFFFFFFFFF4F
000000000000000059
0000000000000000EF
7FFFFFFFFFFFFFFE3D
7FFFFFFFFFFFFFFEB0
000000000000000012
7FFFFFFFFFFFFFFFF7
00000000000000006F
0000000000000000C2
7FFFFFFFFFFFFFFF21
7FFFFFFFFFFFFFFE61
7FFFFFFFFFFFFFFE22
7FFFFFFFFFFFFFFF10
7FFFFFFFFFFFFFFEC0
7FFFFFFFFFFFFFFF44
00000000000000012D
000000000000000025
000000000000000173
7FFFFFFFFFFFFFFFE0
00000000000000001C
00000000000000005B
7FFFFFFFFFFFFFFFFD
000000000000000005
7FFFFFFFFFFFFFFF92
0000000000000000B2
7FFFFFFFFFFFFFFFC0
7FFFFFFFFFFFFFFE80
000000000000000017
7FFFFFFFFFFFFFFFF1
000000000000000100
7FFFFFFFFFFFFFFED6
000000000000000118
7FFFFFFFFFFFFFFFAE
000000000000000242
7FFFFFFFFFFFFFFFA6
7FFFFFFFFFFFFFFD49
7FFFFFFFFFFFFFFFBF
000000000000000008
000000000000000100
000000000000000045
7FFFFFFFFFFFFFFEBD
7FFFFFFFFFFFFFFEF8
7FFFFFFFFFFFFFFFDE
7FFFFFFFFFFFFFFEAD
00000000000000000A
7FFFFFFFFFFFFFFF0B
7FFFFFFFFFFFFFFF47
7FFFFFFFFFFFFFFFC9
000000000000000077
7FFFFFFFFFFFFFFCE1
00000000000000006F
7FFFFFFFFFFFFFFE5C
7FFFFFFFFFFFFFFF5C
000000000000000033
000000000000000092
000000000000000183
0000000000000000F0
000000000000000018
000000000000000005
7FFFFFFFFFFFFFFFE3
000000000000000142
0000000000000000CD
7FFFFFFFFFFFFFFF40
7FFFFFFFFFFFFFFFAE
7FFFFFFFFFFFFFFEBA
0000000000000000D9
00000000000000011F
000000000000000177
0000000000000000A0
7FFFFFFFFFFFFFFF11
7FFFFFFFFFFFFFFE8C
000000000000000007
00000000000000004E
7FFFFFFFFFFFFFFF3D
7FFFFFFFFFFFFFFFC8
000000000000000056
000000000000000006
7FFFFFFFFFFFFFFEAA
0000000000000000D4
000000000000000009
7FFFFFFFFFFFFFFFEA
0000000000000000BB
7FFFFFFFFFFFFFFF42
00000000000000019C
7FFFFFFFFFFFFFFEFC
7FFFFFFFFFFFFFFF99
000000000000000013
00000000000000000E
000000000000000001
00000000000000001B
0000000000000000B3
7FFFFFFFFFFFFFFF1F
7FFFFFFFFFFFFFFF30
000000000000000187
0000000000000000AD
7FFFFFFFFFFFFFFF9F
7FFFFFFFFFFFFFFFC2
0000000000000000CE
7FFFFFFFFFFFFFFFC2
7FFFFFFFFFFFFFFF96
7FFFFFFFFFFFFFFFFE
0000000000000002A8
7FFFFFFFFFFFFFFF22
7FFFFFFFFFFFFFFF9E
00000000000000014C
7FFFFFFFFFFFFFFE00
7FFFFFFFFFFFFFFF94
000000000000000003
00000000000000002B
00000000000000005D
7FFFFFFFFFFFFFFE91
7FFFFFFFFFFFFFFEC2
000000000000000080
000000000000000117
000000000000000090
0000000000000000DC
000000000000000032
00000000000000010F
7FFFFFFFFFFFFFFFE3
7FFFFFFFFFFFFFFEEB
7FFFFFFFFFFFFFFFBB
7FFFFFFFFFFFFFFF2A
7FFFFFFFFFFFFFFFD8
00000000000000008D
000000000000000002
7FFFFFFFFFFFFFFF58
7FFFFFFFFFFFFFFFC8
00000000000000012F
0000000000000000EB
0000000000000000A8
7FFFFFFFFFFFFFFFE6
7FFFFFFFFFFFFFFE3E
7FFFFFFFFFFFFFFF57
7FFFFFFFFFFFFFFFA8
0000000000000000C1
000000000000000055
00000000000000002C
00000000000000013A
0000000000000000D3
000000000000000090
00000000000000003A
7FFFFFFFFFFFFFFF19
000000000000000329
7FFFFFFFFFFFFFFE8E
0000000000000000C7
7FFFFFFFFFFFFFFFC0
000000000000000051
7FFFFFFFFFFFFFFF78
7FFFFFFFFFFFFFFF4B
7FFFFFFFFFFFFFFEE8
7FFFFFFFFFFFFFFF83
7FFFFFFFFFFFFFFF3A
7FFFFFFFFFFFFFFF18
000000000000000043
000000000000000089
7FFFFFFFFFFFFFFF1A
7FFFFFFFFFFFFFFEDD
00000000000000018B
00000000000000006A
7FFFFFFFFFFFFFFF9D
000000000000000013
7FFFFFFFFFFFFFFFA2
0000000000000001D6
000000000000000000
000000000000000094
000000000000000061
0000000000000000E2
7FFFFFFFFFFFFFFF6B
00000000000000012E
7FFFFFFFFFFFFFFFE4
7FFFFFFFFFFFFFFFB6
7FFFFFFFFFFFFFFDB1
7FFFFFFFFFFFFFFFAA
7FFFFFFFFFFFFFFEA5
0000000000000000B7
7FFFFFFFFFFFFFFFA6
0000000000000001F8
000000000000000016
00000000000000004E
000000000000000063
7FFFFFFFFFFFFFFE87
0000000000000000EA
000000000000000003
00000000000000005F
0000000000000001FD
7FFFFFFFFFFFFFFEC5
7FFFFFFFFFFFFFFFB5
00000000000000002A
7FFFFFFFFFFFFFFF2E
0000000000000001D7
000000000000000093
7FFFFFFFFFFFFFFEB4
7FFFFFFFFFFFFFFEC1
000000000000000030
0000000000000000C3
7FFFFFFFFFFFFFFF4E
7FFFFFFFFFFFFFFF66
7FFFFFFFFFFFFFFEFD
000000000000000055
7FFFFFFFFFFFFFFF8E
7FFFFFFFFFFFFFFF8F
000000000000000044
000000000000000063
000000000000000019
7FFFFFFFFFFFFFFF7D
00000000000000002C
0000000000000000FB
000000000000000005
7FFFFFFFFFFFFFFFEC
0000000000000000D5
7FFFFFFFFFFFFFFF28
000000000000000004
7FFFFFFFFFFFFFFF9F
00000000000000013D
7FFFFFFFFFFFFFFEA0
00000000000000007C
7FFFFFFFFFFFFFFFA7
000000000000000042
7FFFFFFFFFFFFFFF95
00000000000000018C
00000000000000008D
7FFFFFFFFFFFFFFF55
00000000000000001E
7FFFFFFFFFFFFFFF88
7FFFFFFFFFFFFFFFF5
0000000000000000DA
7FFFFFFFFFFFFFFEED
0000000000000000B2
7FFFFFFFFFFFFFFFE9
00000000000000005C
7FFFFFFFFFFFFFFFEE
7FFFFFFFFFFFFFFFEB
7FFFFFFFFFFFFFFEAB
7FFFFFFFFFFFFFFF37
000000000000000070
7FFFFFFFFFFFFFFFD5
7FFFFFFFFFFFFFFF1E
7FFFFFFFFFFFFFFFA6
0000000000000000DE
000000000000000017
0000000000000000C8
7FFFFFFFFFFFFFFFCF
000000000000000046
7FFFFFFFFFFFFFFF68
7FFFFFFFFFFFFFFFF8
0000000000000000AC
000000000000000054
7FFFFFFFFFFFFFFF19
0000000000000000D2
7FFFFFFFFFFFFFFFBC
000000000000000101
00000000000000019D
00000000000000018E
7FFFFFFFFFFFFFFFDD
7FFFFFFFFFFFFFFFFF
0000000000000000F4
000000000000000140
000000000000000016
7FFFFFFFFFFFFFFEC6
000000000000000128
0000000000000000F8
00000000000000011F
000000000000000136
7FFFFFFFFFFFFFFEBA
000000000000000046
00000000000000002C
000000000000000066
000000000000000030
7FFFFFFFFFFFFFFFB1
0000000000000000FD
000000000000000082
0000000000000001B6
000000000000000106
7FFFFFFFFFFFFFFF9D
7FFFFFFFFFFFFFFE7B
0000000000000000AB
00000000000000000A
0000000000000000B4
7FFFFFFFFFFFFFFFE6
00000000000000007F
7FFFFFFFFFFFFFFF9B
000000000000000013
000000000000000073
000000000000000196
7FFFFFFFFFFFFFFFDE
7FFFFFFFFFFFFFFE55
7FFFFFFFFFFFFFFE6F
000000000000000261
7FFFFFFFFFFFFFFF29
000000000000000098
7FFFFFFFFFFFFFFEAA
0000000000000001B9
00000000000000008C
000000000000000091
000000000000000130
000000000000000145
7FFFFFFFFFFFFFFFA7
7FFFFFFFFFFFFFFF55
7FFFFFFFFFFFFFFF58
7FFFFFFFFFFFFFFEFE
7FFFFFFFFFFFFFFEBB
00000000000000004E
0000000000000000A1
7FFFFFFFFFFFFFFFCF
7FFFFFFFFFFFFFFE5F
7FFFFFFFFFFFFFFFA1
7FFFFFFFFFFFFFFFAB
7FFFFFFFFFFFFFFE2F
7FFFFFFFFFFFFFFF10
00000000000000008E
7FFFFFFFFFFFFFFE99
7FFFFFFFFFFFFFFFA1
000000000000000087
0000000000000000A3
7FFFFFFFFFFFFFFF28
7FFFFFFFFFFFFFFF5C
7FFFFFFFFFFFFFFF82
0000000000000000A0
7FFFFFFFFFFFFFFF6E
7FFFFFFFFFFFFFFE81
0000000000000000AC
000000000000000115
0000000000000000B0
7FFFFFFFFFFFFFFED5
7FFFFFFFFFFFFFFF0F
000000000000000121
7FFFFFFFFFFFFFFE7D
000000000000000060
0000000000000000C3
000000000000000025
7FFFFFFFFFFFFFFDE9
00000000000000003C
000000000000000073
7FFFFFFFFFFFFFFED5
000000000000000018
000000000000000040
7FFFFFFFFFFFFFFFEA
7FFFFFFFFFFFFFFF78
000000000000000137
00000000000000002B
7FFFFFFFFFFFFFFFB6
000000000000000155
00000000000000009C
000000000000000011
000000000000000142
7FFFFFFFFFFFFFFFAE
7FFFFFFFFFFFFFFE89
000000000000000146
7FFFFFFFFFFFFFFE78
000000000000000021
7FFFFFFFFFFFFFFF34
7FFFFFFFFFFFFFFF87
000000000000000024
000000000000000078
7FFFFFFFFFFFFFFEB0
000000000000000101
0000000000000000E7
00000000000000008B
7FFFFFFFFFFFFFFFFE
0000000000000002A2
7FFFFFFFFFFFFFFF75
7FFFFFFFFFFFFFFF19
000000000000000191
7FFFFFFFFFFFFFFFB3
000000000000000072
7FFFFFFFFFFFFFFFBC
00000000000000016F
7FFFFFFFFFFFFFFFDD
000000000000000069
000000000000000054
7FFFFFFFFFFFFFFF00
7FFFFFFFFFFFFFFF2B
7FFFFFFFFFFFFFFF55
7FFFFFFFFFFFFFFEF0
000000000000000212
000000000000000141
000000000000000192
00000000000000002C
00000000000000015B
00000000000000003C
7FFFFFFFFFFFFFFEF9
000000000000000070
7FFFFFFFFFFFFFFFB0
000000000000000100
0000000000000000D1
7FFFFFFFFFFFFFFF9A
000000000000000076
00000000000000011B
7FFFFFFFFFFFFFFED6
7FFFFFFFFFFFFFFF98
7FFFFFFFFFFFFFFF94
7FFFFFFFFFFFFFFF9D
7FFFFFFFFFFFFFFFBE
7FFFFFFFFFFFFFFF24
0000000000000000BE
00000000000000000B
7FFFFFFFFFFFFFFE28
0000000000000001BC
7FFFFFFFFFFFFFFDA5
000000000000000278
7FFFFFFFFFFFFFFFE9
00000000000000019B
7FFFFFFFFFFFFFFF3A
7FFFFFFFFFFFFFFF37
7FFFFFFFFFFFFFFF29
7FFFFFFFFFFFFFFF30
7FFFFFFFFFFFFFFF96
0000000000000000EF
7FFFFFFFFFFFFFFF66
7FFFFFFFFFFFFFFEC0
7FFFFFFFFFFFFFFDAB
000000000000000085
00000000000000007F
000000000000000044
7FFFFFFFFFFFFFFDC2
000000000000000066
7FFFFFFFFFFFFFFF87
7FFFFFFFFFFFFFFF48
7FFFFFFFFFFFFFFEBC
7FFFFFFFFFFFFFFEA6
00000000000000000C
7FFFFFFFFFFFFFFF11
000000000000000053
0000000000000000EE
7FFFFFFFFFFFFFFF87
7FFFFFFFFFFFFFFEDD
000000000000000085
7FFFFFFFFFFFFFFF9B
7FFFFFFFFFFFFFFFDE
7FFFFFFFFFFFFFFE1C
7FFFFFFFFFFFFFFF6C
00000000000000005B
00000000000000008C
7FFFFFFFFFFFFFFEF0
7FFFFFFFFFFFFFFFA4
7FFFFFFFFFFFFFFFC3
7FFFFFFFFFFFFFFFF2
00000000000000005F
7FFFFFFFFFFFFFFF26
7FFFFFFFFFFFFFFFF3
0000000000000001EA
7FFFFFFFFFFFFFFDD9
000000000000000029
7FFFFFFFFFFFFFFFB5
7FFFFFFFFFFFFFFF51
000000000000000132
000000000000000121
000000000000000038
7FFFFFFFFFFFFFFF1D
000000000000000059
000000000000000187
00000000000000004C
7FFFFFFFFFFFFFFF8F
7FFFFFFFFFFFFFFF9A
000000000000000120
7FFFFFFFFFFFFFFE08
7FFFFFFFFFFFFFFFD1
7FFFFFFFFFFFFFFF0F
7FFFFFFFFFFFFFFFE5
7FFFFFFFFFFFFFFF2D
000000000000000073
7FFFFFFFFFFFFFFDEA
0000000000000000D5
7FFFFFFFFFFFFFFF69
000000000000000131
0000000000000000C1
7FFFFFFFFFFFFFFF53
000000000000000122
7FFFFFFFFFFFFFFF71
7FFFFFFFFFFFFFFFEB
00000000000000016A
7FFFFFFFFFFFFFFFAA
0000000000000000BD
7FFFFFFFFFFFFFFF9F
000000000000000061
000000000000000070
0000000000000000D8
7FFFFFFFFFFFFFFF90
7FFFFFFFFFFFFFFE64
7FFFFFFFFFFFFFFF6C
7FFFFFFFFFFFFFFF2B
000000000000000120
000000000000000072
7FFFFFFFFFFFFFFF20
7FFFFFFFFFFFFFFF99
7FFFFFFFFFFFFFFF68
000000000000000050
7FFFFFFFFFFFFFFE56
7FFFFFFFFFFFFFFEB7
0000000000000000D7
7FFFFFFFFFFFFFFFDC
7FFFFFFFFFFFFFFF92
000000000000000007
7FFFFFFFFFFFFFFF53
000000000000000040
7FFFFFFFFFFFFFFFD1
7FFFFFFFFFFFFFFF51
000000000000000097
000000000000000134
0000000000000001DF
7FFFFFFFFFFFFFFF82
0000000000000000BB
7FFFFFFFFFFFFFFF1D
7FFFFFFFFFFFFFFFF5
00000000000000008A
00000000000000009B
7FFFFFFFFFFFFFFE28
7FFFFFFFFFFFFFFF59
7FFFFFFFFFFFFFFFB5
000000000000000011
7FFFFFFFFFFFFFFFAA
7FFFFFFFFFFFFFFEB3
7FFFFFFFFFFFFFFFDC
000000000000000151
7FFFFFFFFFFFFFFFE7
00000000000000006A
0000000000000000FA
00000000000000015B
7FFFFFFFFFFFFFFFE8
00000000000000008B
0000000000000000B1
0000000000000000F8
000000000000000178
7FFFFFFFFFFFFFFF55
7FFFFFFFFFFFFFFEA7
7FFFFFFFFFFFFFFEFE
7FFFFFFFFFFFFFFEB7
7FFFFFFFFFFFFFFFBE
0000000000000000E7
000000000000000138
0000000000000000F0
7FFFFFFFFFFFFFFEB4
00000000000000012F
00000000000000001B
7FFFFFFFFFFFFFFDCF
000000000000000025
7FFFFFFFFFFFFFFD95
000000000000000018
000000000000000062
0000000000000000F6
7FFFFFFFFFFFFFFF20
00000000000000007F
0000000000000002FF
7FFFFFFFFFFFFFFFA9
0000000000000000D1
7FFFFFFFFFFFFFFEBB
7FFFFFFFFFFFFFFFAA
000000000000000122
0000000000000000FE
000000000000000055
7FFFFFFFFFFFFFFEFA
000000000000000020
0000000000000000BB
000000000000000138
00000000000000016D
7FFFFFFFFFFFFFFEAE
7FFFFFFFFFFFFFFE84
7FFFFFFFFFFFFFFE80
000000000000000126
0000000000000001FF
000000000000000027
7FFFFFFFFFFFFFFE4E
000000000000000026
0000000000000000E3
7FFFFFFFFFFFFFFFAD
000000000000000141
000000000000000102
7FFFFFFFFFFFFFFF47
7FFFFFFFFFFFFFFDA6
0000000000000000A5
00000000000000001D
7FFFFFFFFFFFFFFFB5
000000000000000110
7FFFFFFFFFFFFFFFFC
0000000000000000AF
000000000000000028
000000000000000178
0000000000000001A1
00000000000000017B
00000000000000013D
7FFFFFFFFFFFFFFF08
00000000000000007C
7FFFFFFFFFFFFFFFC2
000000000000000110
7FFFFFFFFFFFFFFF06
7FFFFFFFFFFFFFFF4B
7FFFFFFFFFFFFFFFE3
7FFFFFFFFFFFFFFE3F
000000000000000128
000000000000000092
7FFFFFFFFFFFFFFF5F
7FFFFFFFFFFFFFFFAD
0000000000000000AD
7FFFFFFFFFFFFFFDFB
00000000000000007B
000000000000000046
0000000000000000A0
00000000000000010F
7FFFFFFFFFFFFFFF48
00000000000000012C
000000000000000078
00000000000000004B
00000000000000024C
000000000000000021
000000000000000066
00000000000000002D
00000000000000000B
7FFFFFFFFFFFFFFFDE
7FFFFFFFFFFFFFFF97
7FFFFFFFFFFFFFFF71
000000000000000048
7FFFFFFFFFFFFFFF3E
000000000000000086
000000000000000085
0000000000000000C2
7FFFFFFFFFFFFFFE3C
7FFFFFFFFFFFFFFFDF
7FFFFFFFFFFFFFFFB0
7FFFFFFFFFFFFFFFD0
00000000000000003F
000000000000000077
7FFFFFFFFFFFFFFF03
000000000000000004
000000000000000132
0000000000000000BD
7FFFFFFFFFFFFFFF63
000000000000000008
0000000000000000A4
000000000000000071
7FFFFFFFFFFFFFFF77
00000000000000007C
7FFFFFFFFFFFFFFF2A
00000000000000002E
7FFFFFFFFFFFFFFFE5
000000000000000203
7FFFFFFFFFFFFFFF84
000000000000000134
000000000000000198
000000000000000051
7FFFFFFFFFFFFFFFFB
00000000000000025A
7FFFFFFFFFFFFFFF9B
00000000000000004F
7FFFFFFFFFFFFFFFF6
7FFFFFFFFFFFFFFF0B
000000000000000009
00000000000000016E
7FFFFFFFFFFFFFFF87
00000000000000003B
7FFFFFFFFFFFFFFF3A
7FFFFFFFFFFFFFFDC2
00000000000000007B
000000000000000014
7FFFFFFFFFFFFFFF49
7FFFFFFFFFFFFFFF44
000000000000000088
7FFFFFFFFFFFFFFF70
00000000000000004B
7FFFFFFFFFFFFFFDE5
7FFFFFFFFFFFFFFEA1
7FFFFFFFFFFFFFFE6C
0000000000000000B6
0000000000000000CD
00000000000000015D
000000000000000031
000000000000000103
000000000000000037
00000000000000003F
7FFFFFFFFFFFFFFF46
7FFFFFFFFFFFFFFF76
7FFFFFFFFFFFFFFFA6
7FFFFFFFFFFFFFFFD4
7FFFFFFFFFFFFFFF4B
000000000000000082
7FFFFFFFFFFFFFFF34
7FFFFFFFFFFFFFFF55
0000000000000001D0
00000000000000003B
000000000000000013
000000000000000026
7FFFFFFFFFFFFFFF3E
0000000000000000A5
7FFFFFFFFFFFFFFFDE
7FFFFFFFFFFFFFFED3
7FFFFFFFFFFFFFFF56
7FFFFFFFFFFFFFFECD
00000000000000014B
7FFFFFFFFFFFFFFF7B
7FFFFFFFFFFFFFFF7D
00000000000000010B
7FFFFFFFFFFFFFFFB5
7FFFFFFFFFFFFFFFAF
000000000000000044
7FFFFFFFFFFFFFFFDB
7FFFFFFFFFFFFFFF31
7FFFFFFFFFFFFFFFD0
0000000000000001AC
000000000000000193
00000000000000022A
000000000000000000
0000000000000000DA
7FFFFFFFFFFFFFFF87
000000000000000025
0000000000000001BD
000000000000000058
0000000000000002B8
00000000000000009B
0000000000000001A9
7FFFFFFFFFFFFFFEF8
7FFFFFFFFFFFFFFFE1
0000000000000001E1
000000000000000040
000000000000000061
7FFFFFFFFFFFFFFF22
7FFFFFFFFFFFFFFF44
000000000000000006
0000000000000000BA
7FFFFFFFFFFFFFFF82
0000000000000000BE
7FFFFFFFFFFFFFFFD7
7FFFFFFFFFFFFFFFF9
7FFFFFFFFFFFFFFF25
00000000000000000F
7FFFFFFFFFFFFFFF9D
7FFFFFFFFFFFFFFFEF
7FFFFFFFFFFFFFFF81
000000000000000019
7FFFFFFFFFFFFFFF98
0000000000000000DF
7FFFFFFFFFFFFFFFAA
7FFFFFFFFFFFFFFFAB
0000000000000000EE
000000000000000062
00000000000000010E
7FFFFFFFFFFFFFFFA1
7FFFFFFFFFFFFFFF0C
0000000000000000A6
000000000000000173
000000000000000315
00000000000000005A
00000000000000001F
7FFFFFFFFFFFFFFFD3
7FFFFFFFFFFFFFFF8B
00000000000000000E
7FFFFFFFFFFFFFFF53
7FFFFFFFFFFFFFFFE2
000000000000000124
000000000000000043
00000000000000010D
7FFFFFFFFFFFFFFFEC
7FFFFFFFFFFFFFFF22
7FFFFFFFFFFFFFFF76
7FFFFFFFFFFFFFFFD0
7FFFFFFFFFFFFFFFBF
7FFFFFFFFFFFFFFF3B
7FFFFFFFFFFFFFFE5E
0000000000000000B4
00000000000000019D
00000000000000016D
7FFFFFFFFFFFFFFDE5
000000000000000150
7FFFFFFFFFFFFFFF87
7FFFFFFFFFFFFFFFDF
0000000000000000BD
000000000000000153
7FFFFFFFFFFFFFFFB5
7FFFFFFFFFFFFFFD6D
00000000000000012F
0000000000000000BF
000000000000000019
0000000000000000BA
7FFFFFFFFFFFFFFF4C
00000000000000014D
7FFFFFFFFFFFFFFEF3
00000000000000015D
7FFFFFFFFFFFFFFEFD
000000000000000167
00000000000000004F
00000000000000012D
000000000000000174
000000000000000096
7FFFFFFFFFFFFFFE0B
00000000000000005C
000000000000000044
7FFFFFFFFFFFFFFFC5
000000000000000048
0000000000000000D8
7FFFFFFFFFFFFFFF90
00000000000000000D
7FFFFFFFFFFFFFFE13
0000000000000000BF
000000000000000069
0000000000000000FC
000000000000000092
0000000000000000DE
000000000000000062
0000000000000000DF
00000000000000005F
000000000000000083
7FFFFFFFFFFFFFFFAC
7FFFFFFFFFFFFFFEF3
000000000000000020
000000000000000003
0000000000000000C9
7FFFFFFFFFFFFFFF07
000000000000000151
7FFFFFFFFFFFFFFFD5
7FFFFFFFFFFFFFFFA1
7FFFFFFFFFFFFFFFDC
7FFFFFFFFFFFFFFED6
7FFFFFFFFFFFFFFF70
7FFFFFFFFFFFFFFD82
000000000000000185
0000000000000000EC
00000000000000006B
7FFFFFFFFFFFFFFF02
0000000000000000DA
7FFFFFFFFFFFFFFF9D
00000000000000010D
7FFFFFFFFFFFFFFFF1
7FFFFFFFFFFFFFFE06
7FFFFFFFFFFFFFFFB3
7FFFFFFFFFFFFFFE8D
7FFFFFFFFFFFFFFE01
000000000000000109
00000000000000007F
0000000000000000E7
0000000000000002B8
0000000000000000D4
00000000000000004E
7FFFFFFFFFFFFFFEA1
00000000000000005E
0000000000000000D4
7FFFFFFFFFFFFFFDF0
7FFFFFFFFFFFFFFF81
00000000000000018E
0000000000000000FB
7FFFFFFFFFFFFFFECF
000000000000000126
7FFFFFFFFFFFFFFF51
7FFFFFFFFFFFFFFF61
000000000000000039
7FFFFFFFFFFFFFFE01
0000000000000001F6
7FFFFFFFFFFFFFFF82
0000000000000000D1
000000000000000129
000000000000000063
0000000000000000D6
000000000000000138
00000000000000007F
0000000000000000B2
7FFFFFFFFFFFFFFF1B
7FFFFFFFFFFFFFFFCF
00000000000000007F
0000000000000000A1
000000000000000116
7FFFFFFFFFFFFFFFF6
7FFFFFFFFFFFFFFF62
7FFFFFFFFFFFFFFFAD
00000000000000005E
7FFFFFFFFFFFFFFF86
7FFFFFFFFFFFFFFF4A
0000000000000000F2
000000000000000155
00000000000000014D
7FFFFFFFFFFFFFFF18
0000000000000000D0
7FFFFFFFFFFFFFFCFB
00000000000000009B
0000000000000000D9
000000000000000150
000000000000000016
00000000000000005C
000000000000000176
7FFFFFFFFFFFFFFE8A
7FFFFFFFFFFFFFFF43
7FFFFFFFFFFFFFFEFF
7FFFFFFFFFFFFFFF87
7FFFFFFFFFFFFFFF2E
000000000000000189
00000000000000007F
000000000000000039
0000000000000001AD
00000000000000008A
00000000000000004F
7FFFFFFFFFFFFFFE5F
7FFFFFFFFFFFFFFFD8
7FFFFFFFFFFFFFFE4D
7FFFFFFFFFFFFFFFAC
0000000000000000A7
7FFFFFFFFFFFFFFEE6
7FFFFFFFFFFFFFFF61
00000000000000001D
00000000000000009B
7FFFFFFFFFFFFFFF62
000000000000000089
7FFFFFFFFFFFFFFFBD
7FFFFFFFFFFFFFFFFA
00000000000000003D
0000000000000000EB
7FFFFFFFFFFFFFFFF6
7FFFFFFFFFFFFFFF2F
7FFFFFFFFFFFFFFF23
7FFFFFFFFFFFFFFF8C
0000000000000000CF
000000000000000095
0000000000000000FA
00000000000000001A
7FFFFFFFFFFFFFFF9E
000000000000000179
000000000000000064
0000000000000000D7
000000000000000063
000000000000000022
7FFFFFFFFFFFFFFDEB
000000000000000147
000000000000000062
000000000000000141
7FFFFFFFFFFFFFFE2A
000000000000000184
7FFFFFFFFFFFFFFF33
00000000000000006B
000000000000000057
0000000000000000AA
7FFFFFFFFFFFFFFF65
000000000000000088
7FFFFFFFFFFFFFFEC0
00000000000000000D
7FFFFFFFFFFFFFFF83
00000000000000017D
000000000000000025
7FFFFFFFFFFFFFFFE9
7FFFFFFFFFFFFFFD56
7FFFFFFFFFFFFFFE2E
7FFFFFFFFFFFFFFFB8
000000000000000009
0000000000000000B3
00000000000000001F
0000000000000000C9
7FFFFFFFFFFFFFFE31
0000000000000001BB
7FFFFFFFFFFFFFFED0
000000000000000168
0000000000000000E7
7FFFFFFFFFFFFFFE7A
7FFFFFFFFFFFFFFFAB
000000000000000171
7FFFFFFFFFFFFFFFB9
0000000000000001A2
7FFFFFFFFFFFFFFF2D
000000000000000099
000000000000000001
000000000000000066
7FFFFFFFFFFFFFFF3B
0000000000000000D2
7FFFFFFFFFFFFFFF64
000000000000000053
7FFFFFFFFFFFFFFFF3
7FFFFFFFFFFFFFFE3D
7FFFFFFFFFFFFFFF8F
000000000000000099
7FFFFFFFFFFFFFFF46
00000000000000002A
7FFFFFFFFFFFFFFF3F
00000000000000022E
7FFFFFFFFFFFFFFF55
0000000000000000AE
000000000000000047
00000000000000011A
000000000000000024
7FFFFFFFFFFFFFFE52
7FFFFFFFFFFFFFFEAD
00000000000000005E
7FFFFFFFFFFFFFFD85
7FFFFFFFFFFFFFFF11
7FFFFFFFFFFFFFFE56
0000000000000000CB
0000000000000000BE
000000000000000148
00000000000000000C
7FFFFFFFFFFFFFFFE1
7FFFFFFFFFFFFFFFBF
7FFFFFFFFFFFFFFF39
7FFFFFFFFFFFFFFF10
7FFFFFFFFFFFFFFF91
7FFFFFFFFFFFFFFF0E
00000000000000008C
7FFFFFFFFFFFFFFED9
7FFFFFFFFFFFFFFF09
7FFFFFFFFFFFFFFEA6
00000000000000007A
7FFFFFFFFFFFFFFF85
7FFFFFFFFFFFFFFFE1
7FFFFFFFFFFFFFFEDD
7FFFFFFFFFFFFFFEF1
7FFFFFFFFFFFFFFF62
7FFFFFFFFFFFFFFEB1
000000000000000033
0000000000000000CE
7FFFFFFFFFFFFFFF58
00000000000000004A
7FFFFFFFFFFFFFFF13
00000000000000011B
000000000000000046
0000000000000000DF
000000000000000017
7FFFFFFFFFFFFFFE8F
000000000000000121
0000000000000000CD
7FFFFFFFFFFFFFFFE7
000000000000000025
7FFFFFFFFFFFFFFFE4
00000000000000010B
000000000000000005
00000000000000001E
7FFFFFFFFFFFFFFF65
000000000000000063
7FFFFFFFFFFFFFFFBA
7FFFFFFFFFFFFFFF93
7FFFFFFFFFFFFFFF4A
000000000000000079
0000000000000001B6
7FFFFFFFFFFFFFFE89
00000000000000002C
00000000000000008C
000000000000000165
7FFFFFFFFFFFFFFF83
00000000000000000D
7FFFFFFFFFFFFFFFD2
000000000000000034
7FFFFFFFFFFFFFFFC9
7FFFFFFFFFFFFFFE56
7FFFFFFFFFFFFFFF96
7FFFFFFFFFFFFFFEA4
000000000000000094
000000000000000099
0000000000000000FD
00000000000000019A
7FFFFFFFFFFFFFFEFA
000000000000000044
7FFFFFFFFFFFFFFEB8
7FFFFFFFFFFFFFFFA6
7FFFFFFFFFFFFFFED7
7FFFFFFFFFFFFFFF27
000000000000000067
0000000000000000BB
0000000000000000BA
7FFFFFFFFFFFFFFFC0
7FFFFFFFFFFFFFFEAC
0000000000000000A9
0000000000000000D9
00000000000000013E
7FFFFFFFFFFFFFFF9F
7FFFFFFFFFFFFFFEDC
7FFFFFFFFFFFFFFFF4
00000000000000010D
7FFFFFFFFFFFFFFFD7
7FFFFFFFFFFFFFFED5
000000000000000066
7FFFFFFFFFFFFFFFFA
000000000000000019
7FFFFFFFFFFFFFFF73
7FFFFFFFFFFFFFFF77
7FFFFFFFFFFFFFFFE1
7FFFFFFFFFFFFFFF33
000000000000000224
7FFFFFFFFFFFFFFF67
7FFFFFFFFFFFFFFEFA
0000000000000000FA
00000000000000019D
0000000000000000CC
7FFFFFFFFFFFFFFF04
0000000000000001C5
7FFFFFFFFFFFFFFF84
7FFFFFFFFFFFFFFF83
7FFFFFFFFFFFFFFFC3
0000000000000000A8
000000000000000144
7FFFFFFFFFFFFFFFDC
7FFFFFFFFFFFFFFFC4
00000000000000013A
7FFFFFFFFFFFFFFFF9
7FFFFFFFFFFFFFFFFC
7FFFFFFFFFFFFFFFF4
00000000000000024F
0000000000000001FB
7FFFFFFFFFFFFFFFCD
7FFFFFFFFFFFFFFFDD
7FFFFFFFFFFFFFFEAD
0000000000000001C5
000000000000000000
7FFFFFFFFFFFFFFF72
7FFFFFFFFFFFFFFEAA
000000000000000020
7FFFFFFFFFFFFFFFF0
7FFFFFFFFFFFFFFDD6
00000000000000003E
7FFFFFFFFFFFFFFFD1
7FFFFFFFFFFFFFFEB4
000000000000000047
00000000000000017B
7FFFFFFFFFFFFFFFEC
7FFFFFFFFFFFFFFF55
000000000000000003
7FFFFFFFFFFFFFFFC8
7FFFFFFFFFFFFFFFFE
000000000000000038
000000000000000070
7FFFFFFFFFFFFFFF7A
7FFFFFFFFFFFFFFE8B
7FFFFFFFFFFFFFFDF0
7FFFFFFFFFFFFFFDFD
000000000000000153
00000000000000011F
000000000000000128
00000000000000007A
7FFFFFFFFFFFFFFFD9
0000000000000000C7
0000000000000000E9
7FFFFFFFFFFFFFFE1F
7FFFFFFFFFFFFFFF52
7FFFFFFFFFFFFFFF61
7FFFFFFFFFFFFFFEFB
000000000000000049
7FFFFFFFFFFFFFFFF5
000000000000000044
7FFFFFFFFFFFFFFE3B
7FFFFFFFFFFFFFFF76
000000000000000154
7FFFFFFFFFFFFFFEC7
7FFFFFFFFFFFFFFE44
00000000000000014C
000000000000000078
00000000000000001B
7FFFFFFFFFFFFFFED9
7FFFFFFFFFFFFFFF72
7FFFFFFFFFFFFFFFE3
7FFFFFFFFFFFFFFE3B
7FFFFFFFFFFFFFFF11
000000000000000169
7FFFFFFFFFFFFFFE4C
000000000000000145
7FFFFFFFFFFFFFFE3A
000000000000000123
7FFFFFFFFFFFFFFF72
7FFFFFFFFFFFFFFFE3
000000000000000159
00000000000000004C
000000000000000076
000000000000000000
0000000000000001D9
000000000000000022
7FFFFFFFFFFFFFFEE1
000000000000000088
000000000000000023
000000000000000052
7FFFFFFFFFFFFFFDBF
0000000000000001D1
7FFFFFFFFFFFFFFF74
0000000000000000C3
0000000000000001BD
7FFFFFFFFFFFFFFFC5
000000000000000095
00000000000000005B
0000000000000000CF
7FFFFFFFFFFFFFFF27
0000000000000000B6
7FFFFFFFFFFFFFFF52
7FFFFFFFFFFFFFFFDA
000000000000000008
7FFFFFFFFFFFFFFFD2
000000000000000018
7FFFFFFFFFFFFFFCF8
0000000000000000A1
0000000000000000CE
000000000000000129
7FFFFFFFFFFFFFFE7E
7FFFFFFFFFFFFFFFEC
7FFFFFFFFFFFFFFEC0
7FFFFFFFFFFFFFFF35
000000000000000029
7FFFFFFFFFFFFFFF81
00000000000000005F
00000000000000002C
000000000000000020
7FFFFFFFFFFFFFFDC0
7FFFFFFFFFFFFFFF33
7FFFFFFFFFFFFFFFAF
000000000000000065
0000000000000000E8
7FFFFFFFFFFFFFFF02
7FFFFFFFFFFFFFFFFD
00000000000000001C
7FFFFFFFFFFFFFFED2
7FFFFFFFFFFFFFFFC5
7FFFFFFFFFFFFFFFBA
0000000000000000CB
7FFFFFFFFFFFFFFFFC
7FFFFFFFFFFFFFFFFC
00000000000000011B
000000000000000060
00000000000000012D
7FFFFFFFFFFFFFFFF0
7FFFFFFFFFFFFFFE7A
7FFFFFFFFFFFFFFF6B
00000000000000007C
7FFFFFFFFFFFFFFF07
7FFFFFFFFFFFFFFFE2
000000000000000204
7FFFFFFFFFFFFFFFB1
000000000000000081
7FFFFFFFFFFFFFFFB7
0000000000000001B8
00000000000000008D
7FFFFFFFFFFFFFFF5A
7FFFFFFFFFFFFFFF38
7FFFFFFFFFFFFFFE97
7FFFFFFFFFFFFFFE9C
00000000000000015E
000000000000000125
00000000000000018A
7FFFFFFFFFFFFFFF8A
00000000000000005F
7FFFFFFFFFFFFFFEA3
000000000000000140
7FFFFFFFFFFFFFFDBD
000000000000000067
7FFFFFFFFFFFFFFF2E
0000000000000000D2
7FFFFFFFFFFFFFFFE2
000000000000000115
7FFFFFFFFFFFFFFEFB
7FFFFFFFFFFFFFFFA9
7FFFFFFFFFFFFFFF3E
00000000000000001F
7FFFFFFFFFFFFFFFCC
000000000000000152
000000000000000049
000000000000000058
7FFFFFFFFFFFFFFFEA
000000000000000056
000000000000000215
000000000000000092
000000000000000104
7FFFFFFFFFFFFFFF41
0000000000000000D9
000000000000000161
7FFFFFFFFFFFFFFEC1
7FFFFFFFFFFFFFFE7B
7FFFFFFFFFFFFFFFD4
00000000000000011D
7FFFFFFFFFFFFFFF2F
7FFFFFFFFFFFFFFFE6
7FFFFFFFFFFFFFFF5B
7FFFFFFFFFFFFFFF84
7FFFFFFFFFFFFFFFD6
0000000000000000A8
00000000000000007C
000000000000000027
7FFFFFFFFFFFFFFFC9
00000000000000033A
7FFFFFFFFFFFFFFFC3
000000000000000161
000000000000000039
7FFFFFFFFFFFFFFF3C
7FFFFFFFFFFFFFFDEB
7FFFFFFFFFFFFFFFD2
000000000000000180
7FFFFFFFFFFFFFFFAD
000000000000000022
7FFFFFFFFFFFFFFE5F
0000000000000000BD
0000000000000001E3
00000000000000011F
7FFFFFFFFFFFFFFF5A
0000000000000000B2
0000000000000000B6
0000000000000000AD
0000000000000001DB
0000000000000000B3
000000000000000049
7FFFFFFFFFFFFFFFB1
7FFFFFFFFFFFFFFE19
7FFFFFFFFFFFFFFF6C
7FFFFFFFFFFFFFFFB5
000000000000000001
0000000000000001F2
7FFFFFFFFFFFFFFFAE
0000000000000000D2
7FFFFFFFFFFFFFFF43
7FFFFFFFFFFFFFFFF0
000000000000000098
7FFFFFFFFFFFFFFF21
000000000000000206
000000000000000013
7FFFFFFFFFFFFFFECE
7FFFFFFFFFFFFFFFF6
7FFFFFFFFFFFFFFF09
0000000000000001AE
000000000000000119
0000000000000000B4
000000000000000066
7FFFFFFFFFFFFFFFBB
000000000000000025
0000000000000000F8
00000000000000002C
000000000000000008
7FFFFFFFFFFFFFFECE
7FFFFFFFFFFFFFFF45
7FFFFFFFFFFFFFFE6B
7FFFFFFFFFFFFFFFAC
7FFFFFFFFFFFFFFE1A
7FFFFFFFFFFFFFFF56
000000000000000118
7FFFFFFFFFFFFFFF9A
0000000000000000A0
7FFFFFFFFFFFFFFF01
7FFFFFFFFFFFFFFEE1
7FFFFFFFFFFFFFFEE0
7FFFFFFFFFFFFFFE73
7FFFFFFFFFFFFFFFA1
7FFFFFFFFFFFFFFFD8
7FFFFFFFFFFFFFFEBC
7FFFFFFFFFFFFFFFDF
7FFFFFFFFFFFFFFFA3
000000000000000024
7FFFFFFFFFFFFFFFCB
7FFFFFFFFFFFFFFFFD
000000000000000087
7FFFFFFFFFFFFFFF8A
0000000000000001C5
7FFFFFFFFFFFFFFE4C
7FFFFFFFFFFFFFFFD3
7FFFFFFFFFFFFFFF82
7FFFFFFFFFFFFFFEA1
0000000000000000AC
000000000000000179
7FFFFFFFFFFFFFFFC5
7FFFFFFFFFFFFFFFCE
7FFFFFFFFFFFFFFEF4
0000000000000000B9
7FFFFFFFFFFFFFFFF0
000000000000000099
7FFFFFFFFFFFFFFFF2
00000000000000002C
000000000000000032
000000000000000046
7FFFFFFFFFFFFFFF6A
7FFFFFFFFFFFFFFFC2
7FFFFFFFFFFFFFFE38
0000000000000000ED
000000000000000024
00000000000000016E
00000000000000010C
0000000000000000A4
7FFFFFFFFFFFFFFFDB
000000000000000138
00000000000000021C
0000000000000000AA
00000000000000001B
000000000000000135
00000000000000014D
000000000000000023
7FFFFFFFFFFFFFFFEE
7FFFFFFFFFFFFFFFD2
000000000000000114
7FFFFFFFFFFFFFFFFA
0000000000000000CD
7FFFFFFFFFFFFFFEEF
7FFFFFFFFFFFFFFFEC
00000000000000007A
7FFFFFFFFFFFFFFFE9
7FFFFFFFFFFFFFFE5D
7FFFFFFFFFFFFFFDC1
0000000000000000B7
7FFFFFFFFFFFFFFF4A
7FFFFFFFFFFFFFFFE6
00000000000000026D
7FFFFFFFFFFFFFFFAC
7FFFFFFFFFFFFFFEBA
7FFFFFFFFFFFFFFE0A
0000000000000000CD
7FFFFFFFFFFFFFFFF4
7FFFFFFFFFFFFFFF60
7FFFFFFFFFFFFFFFBE
000000000000000034
00000000000000009F
7FFFFFFFFFFFFFFF3F
000000000000000252
7FFFFFFFFFFFFFFF7A
000000000000000127
7FFFFFFFFFFFFFFFF1
7FFFFFFFFFFFFFFF6C
00000000000000008C
7FFFFFFFFFFFFFFF72
0000000000000000BC
7FFFFFFFFFFFFFFE9D
00000000000000004A
7FFFFFFFFFFFFFFDC6
7FFFFFFFFFFFFFFEA5
000000000000000178
000000000000000011
7FFFFFFFFFFFFFFEEF
000000000000000088
00000000000000012B
00000000000000002E
7FFFFFFFFFFFFFFF30
00000000000000014C
7FFFFFFFFFFFFFFEFA
000000000000000056
7FFFFFFFFFFFFFFFEB
0000000000000001AD
7FFFFFFFFFFFFFFF1B
7FFFFFFFFFFFFFFF93
000000000000000015
000000000000000057
7FFFFFFFFFFFFFFF9C
7FFFFFFFFFFFFFFED3
000000000000000000
000000000000000014
7FFFFFFFFFFFFFFF79
7FFFFFFFFFFFFFFF78
7FFFFFFFFFFFFFFEB8
7FFFFFFFFFFFFFFFD4
0000000000000000FD
0000000000000000B1
00000000000000007C
7FFFFFFFFFFFFFFFFD
0000000000000001A9
000000000000000152
000000000000000023
000000000000000059
7FFFFFFFFFFFFFFED7
7FFFFFFFFFFFFFFEB1
0000000000000000CD
0000000000000001AC
7FFFFFFFFFFFFFFEC3
7FFFFFFFFFFFFFFFFE
7FFFFFFFFFFFFFFFF1
7FFFFFFFFFFFFFFE1D
7FFFFFFFFFFFFFFFBD
7FFFFFFFFFFFFFFFB5
000000000000000070
7FFFFFFFFFFFFFFFB0
7FFFFFFFFFFFFFFEF8
7FFFFFFFFFFFFFFE2E
0000000000000000F6
7FFFFFFFFFFFFFFFB2
000000000000000031
000000000000000006
0000000000000001D3
000000000000000133
7FFFFFFFFFFFFFFE76
7FFFFFFFFFFFFFFF41
7FFFFFFFFFFFFFFDD1
7FFFFFFFFFFFFFFF58
0000000000000001EC
0000000000000000A6
7FFFFFFFFFFFFFFF9E
7FFFFFFFFFFFFFFF02
7FFFFFFFFFFFFFFEED
000000000000000052
000000000000000169
00000000000000005E
00000000000000005C
7FFFFFFFFFFFFFFEA9
7FFFFFFFFFFFFFFE64
7FFFFFFFFFFFFFFEC6
7FFFFFFFFFFFFFFFBD
00000000000000011C
7FFFFFFFFFFFFFFF84
000000000000000115
7FFFFFFFFFFFFFFD7E
7FFFFFFFFFFFFFFE7E
7FFFFFFFFFFFFFFFB1
000000000000000027
000000000000000151
7FFFFFFFFFFFFFFF58
0000000000000000F8
7FFFFFFFFFFFFFFFD1
00000000000000006E
00000000000000002D
000000000000000015
7FFFFFFFFFFFFFFF0A
000000000000000013
7FFFFFFFFFFFFFFE96
000000000000000152
7FFFFFFFFFFFFFFF00
000000000000000090
7FFFFFFFFFFFFFFFF0
7FFFFFFFFFFFFFFEB9
7FFFFFFFFFFFFFFF41
7FFFFFFFFFFFFFFE75
7FFFFFFFFFFFFFFE18
7FFFFFFFFFFFFFFF29
7FFFFFFFFFFFFFFE59
000000000000000018
7FFFFFFFFFFFFFFFD4
7FFFFFFFFFFFFFFE0D
7FFFFFFFFFFFFFFFB0
000000000000000154
000000000000000181
7FFFFFFFFFFFFFFF46
7FFFFFFFFFFFFFFF62
7FFFFFFFFFFFFFFEBF
7FFFFFFFFFFFFFFFA2
0000000000000000AE
000000000000000030
7FFFFFFFFFFFFFFF79
7FFFFFFFFFFFFFFF76
000000000000000029
0000000000000000B0
00000000000000007C
7FFFFFFFFFFFFFFFF0
7FFFFFFFFFFFFFFF34
7FFFFFFFFFFFFFFFED
7FFFFFFFFFFFFFFE36
000000000000000039
7FFFFFFFFFFFFFFEB8
0000000000000000D4
000000000000000043
000000000000000100
0000000000000000F8
00000000000000017C
7FFFFFFFFFFFFFFF3F
7FFFFFFFFFFFFFFF24
00000000000000006D
000000000000000101
7FFFFFFFFFFFFFFFBA
7FFFFFFFFFFFFFFFF1
7FFFFFFFFFFFFFFFE5
7FFFFFFFFFFFFFFFD5
7FFFFFFFFFFFFFFF89
7FFFFFFFFFFFFFFF60
7FFFFFFFFFFFFFFF42
7FFFFFFFFFFFFFFFC6
7FFFFFFFFFFFFFFF21
7FFFFFFFFFFFFFFF56
0000000000000001FE
00000000000000019C
7FFFFFFFFFFFFFFFA2
7FFFFFFFFFFFFFFF68
7FFFFFFFFFFFFFFE73
00000000000000010C
7FFFFFFFFFFFFFFF49
7FFFFFFFFFFFFFFF14
00000000000000016A
7FFFFFFFFFFFFFFED2
000000000000000167
0000000000000000AB
7FFFFFFFFFFFFFFF82
000000000000000082
7FFFFFFFFFFFFFFFC1
7FFFFFFFFFFFFFFF97
7FFFFFFFFFFFFFFE4C
7FFFFFFFFFFFFFFEF2
7FFFFFFFFFFFFFFFE5
00000000000000008E
7FFFFFFFFFFFFFFE62
000000000000000151
0000000000000000C3
7FFFFFFFFFFFFFFE0D
7FFFFFFFFFFFFFFF19
7FFFFFFFFFFFFFFF07
000000000000000220
000000000000000030
000000000000000156
0000000000000001B8
0000000000000000A1
7FFFFFFFFFFFFFFEEE
7FFFFFFFFFFFFFFFC2
7FFFFFFFFFFFFFFF85
7FFFFFFFFFFFFFFE70
7FFFFFFFFFFFFFFF75
0000000000000001F3
7FFFFFFFFFFFFFFE41
7FFFFFFFFFFFFFFF55
000000000000000074
7FFFFFFFFFFFFFFFFA
7FFFFFFFFFFFFFFF72
0000000000000000E9
0000000000000001CE
000000000000000050
7FFFFFFFFFFFFFFF7F
7FFFFFFFFFFFFFFED7
7FFFFFFFFFFFFFFEE9
7FFFFFFFFFFFFFFCE7
7FFFFFFFFFFFFFFED9
7FFFFFFFFFFFFFFE9F
7FFFFFFFFFFFFFFFB6
0000000000000000D1
7FFFFFFFFFFFFFFF6B
00000000000000005D
7FFFFFFFFFFFFFFFFC
7FFFFFFFFFFFFFFF4E
7FFFFFFFFFFFFFFEF0
7FFFFFFFFFFFFFFF5A
000000000000000037
7FFFFFFFFFFFFFFFFB
00000000000000009A
0000000000000000E4
7FFFFFFFFFFFFFFFF8
00000000000000010A
7FFFFFFFFFFFFFFF65
000000000000000220
000000000000000108
000000000000000128
000000000000000065
0000000000000000DD
00000000000000015E
7FFFFFFFFFFFFFFF84
0000000000000000EB
000000000000000218
7FFFFFFFFFFFFFFF57
000000000000000192
7FFFFFFFFFFFFFFEB7
7FFFFFFFFFFFFFFE37
00000000000000012B
00000000000000000C
000000000000000062
0000000000000000A7
00000000000000008C
7FFFFFFFFFFFFFFF5B
7FFFFFFFFFFFFFFF5C
7FFFFFFFFFFFFFFE1B
7FFFFFFFFFFFFFFF18
7FFFFFFFFFFFFFFFF9
7FFFFFFFFFFFFFFFA4
7FFFFFFFFFFFFFFF9A
00000000000000000C
7FFFFFFFFFFFFFFF87
7FFFFFFFFFFFFFFFAE
7FFFFFFFFFFFFFFFC9
7FFFFFFFFFFFFFFF8D
7FFFFFFFFFFFFFFFE1
00000000000000007B
7FFFFFFFFFFFFFFFC5
7FFFFFFFFFFFFFFF30
000000000000000124
0000000000000001FC
7FFFFFFFFFFFFFFF7B
7FFFFFFFFFFFFFFF50
7FFFFFFFFFFFFFFF6B
7FFFFFFFFFFFFFFF47
0000000000000000ED
000000000000000097
7FFFFFFFFFFFFFFF65
00000000000000009F
0000000000000001AE
00000000000000002B
0000000000000002B8
7FFFFFFFFFFFFFFF7C
00000000000000000C
000000000000000077
7FFFFFFFFFFFFFFED1
0000000000000000D4
00000000000000003F
00000000000000001D
000000000000000097
7FFFFFFFFFFFFFFEC9
7FFFFFFFFFFFFFFFAE
7FFFFFFFFFFFFFFFC9
7FFFFFFFFFFFFFFF9C
000000000000000107
00000000000000006B
00000000000000017D
000000000000000074
7FFFFFFFFFFFFFFF48
7FFFFFFFFFFFFFFFF8
0000000000000001C2
7FFFFFFFFFFFFFFF86
7FFFFFFFFFFFFFFEEC
00000000000000014D
0000000000000001D7
000000000000000029
7FFFFFFFFFFFFFFFF6
0000000000000000EE
00000000000000013A
000000000000000004
7FFFFFFFFFFFFFFFC4
0000000000000000A2
00000000000000001A
7FFFFFFFFFFFFFFF51
7FFFFFFFFFFFFFFF0D
7FFFFFFFFFFFFFFFFF
000000000000000184
0000000000000001A1
7FFFFFFFFFFFFFFEDA
7FFFFFFFFFFFFFFF09
7FFFFFFFFFFFFFFF2D
000000000000000081
7FFFFFFFFFFFFFFEBA
7FFFFFFFFFFFFFFDE7
00000000000000000A
7FFFFFFFFFFFFFFF1C
7FFFFFFFFFFFFFFFFE
000000000000000030
000000000000000124
7FFFFFFFFFFFFFFF63
7FFFFFFFFFFFFFFFFB
7FFFFFFFFFFFFFFF95
00000000000000004B
7FFFFFFFFFFFFFFFC4
000000000000000075
0000000000000001C0
0000000000000000A0
7FFFFFFFFFFFFFFFE3
7FFFFFFFFFFFFFFF3F
7FFFFFFFFFFFFFFE9D
7FFFFFFFFFFFFFFF1F
7FFFFFFFFFFFFFFFC9
000000000000000063
000000000000000102
000000000000000077
00000000000000009F
000000000000000080
0000000000000000AB
7FFFFFFFFFFFFFFFF4
7FFFFFFFFFFFFFFF70
7FFFFFFFFFFFFFFF90
0000000000000000EE
7FFFFFFFFFFFFFFF90
000000000000000017
0000000000000000E9
000000000000000025
0000000000000001F7
000000000000000004
7FFFFFFFFFFFFFFFD8
0000000000000000DE
7FFFFFFFFFFFFFFFCB
7FFFFFFFFFFFFFFE65
7FFFFFFFFFFFFFFEC2
0000000000000000C2
7FFFFFFFFFFFFFFF16
000000000000000057
7FFFFFFFFFFFFFFEE9
7FFFFFFFFFFFFFFFE9
7FFFFFFFFFFFFFFFFC
7FFFFFFFFFFFFFFFF6
0000000000000000DA
7FFFFFFFFFFFFFFF44
000000000000000126
00000000000000002D
0000000000000000EB
7FFFFFFFFFFFFFFFFC
0000000000000001AE
7FFFFFFFFFFFFFFFBC
7FFFFFFFFFFFFFFF6F
000000000000000004
7FFFFFFFFFFFFFFF04
000000000000000152
00000000000000002E
0000000000000000A4
000000000000000113
00000000000000007C
000000000000000171
000000000000000037
7FFFFFFFFFFFFFFDBD
0000000000000000A8
000000000000000176
7FFFFFFFFFFFFFFFAF
7FFFFFFFFFFFFFFF81
7FFFFFFFFFFFFFFFA9
0000000000000000E5
7FFFFFFFFFFFFFFEB4
7FFFFFFFFFFFFFFEE6
00000000000000023E
7FFFFFFFFFFFFFFE02
7FFFFFFFFFFFFFFF98
000000000000000155
7FFFFFFFFFFFFFFFAD
000000000000000027
7FFFFFFFFFFFFFFDE3
000000000000000043
7FFFFFFFFFFFFFFFBC
7FFFFFFFFFFFFFFF7E
7FFFFFFFFFFFFFFDE2
0000000000000000FC
0000000000000001F3
00000000000000001D
7FFFFFFFFFFFFFFFB0
000000000000000139
00000000000000026A
7FFFFFFFFFFFFFFED7
7FFFFFFFFFFFFFFF5C
00000000000000014E
000000000000000009
7FFFFFFFFFFFFFFE3B
7FFFFFFFFFFFFFFF12
0000000000000000A2
7FFFFFFFFFFFFFFF89
0000000000000000E9
000000000000000071
7FFFFFFFFFFFFFFF1F
7FFFFFFFFFFFFFFF37
7FFFFFFFFFFFFFFEE2
0000000000000000B2
7FFFFFFFFFFFFFFF29
7FFFFFFFFFFFFFFF38
7FFFFFFFFFFFFFFE4C
000000000000000037
7FFFFFFFFFFFFFFFED
7FFFFFFFFFFFFFFF12
7FFFFFFFFFFFFFFF67
7FFFFFFFFFFFFFFFD1
00000000000000003C
000000000000000261
7FFFFFFFFFFFFFFF8A
000000000000000028
0000000000000001B0
0000000000000000C9
0000000000000001C3
0000000000000000EA
7FFFFFFFFFFFFFFF78
000000000000000179
00000000000000005C
7FFFFFFFFFFFFFFEBC
7FFFFFFFFFFFFFFFF2
00000000000000008A
7FFFFFFFFFFFFFFFE9
00000000000000004A
7FFFFFFFFFFFFFFE94
0000000000000000B3
00000000000000016E
7FFFFFFFFFFFFFFFA1
7FFFFFFFFFFFFFFF68
7FFFFFFFFFFFFFFECD
000000000000000188
7FFFFFFFFFFFFFFF6E
000000000000000090
7FFFFFFFFFFFFFFFD5
7FFFFFFFFFFFFFFECA
7FFFFFFFFFFFFFFFB7
0000000000000000EC
7FFFFFFFFFFFFFFFCF
0000000000000000AB
00000000000000008F
000000000000000138
7FFFFFFFFFFFFFFE23
000000000000000011
00000000000000003D
7FFFFFFFFFFFFFFF25
7FFFFFFFFFFFFFFFFF
00000000000000005A
7FFFFFFFFFFFFFFF9A
00000000000000004B
7FFFFFFFFFFFFFFED6
7FFFFFFFFFFFFFFF70
7FFFFFFFFFFFFFFF29
7FFFFFFFFFFFFFFFE1
0000000000000000BC
7FFFFFFFFFFFFFFF54
000000000000000033
000000000000000058
000000000000000055
7FFFFFFFFFFFFFFF9E
7FFFFFFFFFFFFFFFBD
000000000000000077
7FFFFFFFFFFFFFFFA8
7FFFFFFFFFFFFFFF38
000000000000000038
00000000000000009D
7FFFFFFFFFFFFFFED2
7FFFFFFFFFFFFFFF43
7FFFFFFFFFFFFFFF5F
7FFFFFFFFFFFFFFF28
7FFFFFFFFFFFFFFFA6
00000000000000007F
7FFFFFFFFFFFFFFE7B
000000000000000022
7FFFFFFFFFFFFFFF52
7FFFFFFFFFFFFFFF8E
7FFFFFFFFFFFFFFF71
7FFFFFFFFFFFFFFF57
7FFFFFFFFFFFFFFF72
7FFFFFFFFFFFFFFED2
00000000000000005F
000000000000000155
000000000000000100
7FFFFFFFFFFFFFFF08
000000000000000119
00000000000000017B
000000000000000021
000000000000000018
7FFFFFFFFFFFFFFE42
00000000000000013D
7FFFFFFFFFFFFFFEA3
000000000000000083
7FFFFFFFFFFFFFFF7F
7FFFFFFFFFFFFFFED5
7FFFFFFFFFFFFFFEE6
000000000000000108
00000000000000011A
7FFFFFFFFFFFFFFF67
7FFFFFFFFFFFFFFF45
7FFFFFFFFFFFFFFFA7
000000000000000021
7FFFFFFFFFFFFFFF79
00000000000000011B
7FFFFFFFFFFFFFFECB
7FFFFFFFFFFFFFFFFC
7FFFFFFFFFFFFFFF0E
7FFFFFFFFFFFFFFF11
7FFFFFFFFFFFFFFF68
0000000000000001B1
7FFFFFFFFFFFFFFFE8
000000000000000077
7FFFFFFFFFFFFFFFFD
7FFFFFFFFFFFFFFFD9
7FFFFFFFFFFFFFFE9B
000000000000000167
00000000000000017E
00000000000000002A
7FFFFFFFFFFFFFFF50
0000000000000000E4
000000000000000058
7FFFFFFFFFFFFFFE7A
000000000000000130
0000000000000000F8
00000000000000002B
00000000000000004B
7FFFFFFFFFFFFFFFD4
00000000000000009E
7FFFFFFFFFFFFFFFB5
7FFFFFFFFFFFFFFF99
7FFFFFFFFFFFFFFFDF
000000000000000141
7FFFFFFFFFFFFFFF2E
7FFFFFFFFFFFFFFF2E
7FFFFFFFFFFFFFFFCD
0000000000000000D4
000000000000000113
7FFFFFFFFFFFFFFF7D
000000000000000092
7FFFFFFFFFFFFFFFE3
000000000000000109
0000000000000000EE
7FFFFFFFFFFFFFFEF3
0000000000000000AE
7FFFFFFFFFFFFFFF78
7FFFFFFFFFFFFFFFCF
0000000000000000F6
7FFFFFFFFFFFFFFEDB
7FFFFFFFFFFFFFFF3D
7FFFFFFFFFFFFFFE99
7FFFFFFFFFFFFFFEF6
7FFFFFFFFFFFFFFEF5
7FFFFFFFFFFFFFFFF4
000000000000000026
7FFFFFFFFFFFFFFE8B
0000000000000000B7
000000000000000098
7FFFFFFFFFFFFFFFE5
7FFFFFFFFFFFFFFFFF
7FFFFFFFFFFFFFFF16
7FFFFFFFFFFFFFFF34
00000000000000005C
7FFFFFFFFFFFFFFEE7
7FFFFFFFFFFFFFFFBF
00000000000000014D
0000000000000000F9
7FFFFFFFFFFFFFFED9
7FFFFFFFFFFFFFFFBA
0000000000000000C3
0000000000000000C6
7FFFFFFFFFFFFFFF26
00000000000000009B
7FFFFFFFFFFFFFFFBE
000000000000000155
7FFFFFFFFFFFFFFF37
7FFFFFFFFFFFFFFF02
00000000000000007E
0000000000000001F8
00000000000000009C
000000000000000036
7FFFFFFFFFFFFFFFED
00000000000000004F
7FFFFFFFFFFFFFFF16
7FFFFFFFFFFFFFFE9F
7FFFFFFFFFFFFFFE80
000000000000000134
0000000000000001A0
0000000000000000C4
0000000000000000ED
7FFFFFFFFFFFFFFFF8
00000000000000004D
00000000000000012A
0000000000000000F3
000000000000000119
7FFFFFFFFFFFFFFFE6
000000000000000132
00000000000000013E
00000000000000009E
7FFFFFFFFFFFFFFE2E
7FFFFFFFFFFFFFFF12
7FFFFFFFFFFFFFFFA9
7FFFFFFFFFFFFFFF8C
7FFFFFFFFFFFFFFFFD
0000000000000000DD
7FFFFFFFFFFFFFFFF3
000000000000000134
7FFFFFFFFFFFFFFFCD
7FFFFFFFFFFFFFFE31
7FFFFFFFFFFFFFFF38
000000000000000015
7FFFFFFFFFFFFFFFE3
7FFFFFFFFFFFFFFFF6
7FFFFFFFFFFFFFFEC0
000000000000000018
0000000000000000D3
7FFFFFFFFFFFFFFE7E
7FFFFFFFFFFFFFFF35
000000000000000054
000000000000000050
7FFFFFFFFFFFFFFF0A
7FFFFFFFFFFFFFFFBC
0000000000000000BC
000000000000000018
000000000000000088
00000000000000007C
7FFFFFFFFFFFFFFEF3
7FFFFFFFFFFFFFFF2F
7FFFFFFFFFFFFFFEC7
7FFFFFFFFFFFFFFF0B
00000000000000007B
7FFFFFFFFFFFFFFF55
7FFFFFFFFFFFFFFF86
7FFFFFFFFFFFFFFFED
7FFFFFFFFFFFFFFF86
7FFFFFFFFFFFFFFF87
7FFFFFFFFFFFFFFF43
00000000000000005F
00000000000000003B
000000000000000091
0000000000000000B2
7FFFFFFFFFFFFFFFC2
000000000000000074
7FFFFFFFFFFFFFFFE8
7FFFFFFFFFFFFFFE28
7FFFFFFFFFFFFFFFDE
00000000000000008F
7FFFFFFFFFFFFFFFAE
7FFFFFFFFFFFFFFF75
7FFFFFFFFFFFFFFFCF
7FFFFFFFFFFFFFFEC3
0000000000000000B0
00000000000000002E
7FFFFFFFFFFFFFFFC4
7FFFFFFFFFFFFFFFFB
7FFFFFFFFFFFFFFF67
7FFFFFFFFFFFFFFEFF
0000000000000000DD
7FFFFFFFFFFFFFFFFF
000000000000000166
7FFFFFFFFFFFFFFFBF
7FFFFFFFFFFFFFFF79
7FFFFFFFFFFFFFFF35
0000000000000001BF
7FFFFFFFFFFFFFFEE0
7FFFFFFFFFFFFFFEB7
000000000000000037
7FFFFFFFFFFFFFFEA4
0000000000000000A0
7FFFFFFFFFFFFFFFC7
7FFFFFFFFFFFFFFF1B
00000000000000004E
00000000000000011C
0000000000000000B8
7FFFFFFFFFFFFFFFAD
7FFFFFFFFFFFFFFFBD
000000000000000051
7FFFFFFFFFFFFFFE8E
0000000000000000A1
0000000000000000A9
00000000000000010F
0000000000000001C5
7FFFFFFFFFFFFFFEBC
000000000000000117
000000000000000009
7FFFFFFFFFFFFFFFC1
7FFFFFFFFFFFFFFE19
00000000000000016C
7FFFFFFFFFFFFFFF9F
7FFFFFFFFFFFFFFFFA
000000000000000085
7FFFFFFFFFFFFFFF88
7FFFFFFFFFFFFFFFBE
7FFFFFFFFFFFFFFF3F
7FFFFFFFFFFFFFFFAA
7FFFFFFFFFFFFFFF6A
00000000000000010C
7FFFFFFFFFFFFFFECA
7FFFFFFFFFFFFFFF02
00000000000000003A
7FFFFFFFFFFFFFFFD3
7FFFFFFFFFFFFFFF38
0000000000000000F5
000000000000000119
00000000000000008E
0000000000000000F1
0000000000000002CE
00000000000000003B
0000000000000000E6
00000000000000008F
000000000000000111
7FFFFFFFFFFFFFFEFA
000000000000000036
7FFFFFFFFFFFFFFF55
7FFFFFFFFFFFFFFD3A
7FFFFFFFFFFFFFFDEC
7FFFFFFFFFFFFFFF3B
00000000000000005E
0000000000000001BC
000000000000000088
7FFFFFFFFFFFFFFF1E
000000000000000021
000000000000000253
000000000000000066
7FFFFFFFFFFFFFFFB8
7FFFFFFFFFFFFFFF49
000000000000000090
7FFFFFFFFFFFFFFF9C
7FFFFFFFFFFFFFFFD0
000000000000000005
0000000000000000D9
7FFFFFFFFFFFFFFE71
7FFFFFFFFFFFFFFFED
7FFFFFFFFFFFFFFF45
7FFFFFFFFFFFFFFFDE
0000000000000001C6
0000000000000000AC
00000000000000000F
7FFFFFFFFFFFFFFEE9
000000000000000011
7FFFFFFFFFFFFFFF67
7FFFFFFFFFFFFFFFD8
7FFFFFFFFFFFFFFFF8
000000000000000146
00000000000000001B
7FFFFFFFFFFFFFFFAB
7FFFFFFFFFFFFFFFEC
00000000000000016A
000000000000000038
00000000000000005E
7FFFFFFFFFFFFFFEE3
7FFFFFFFFFFFFFFF74
7FFFFFFFFFFFFFFFE1
000000000000000065
7FFFFFFFFFFFFFFFC8
00000000000000004A
00000000000000008F
7FFFFFFFFFFFFFFEF1
7FFFFFFFFFFFFFFF81
0000000000000000B0
7FFFFFFFFFFFFFFF7F
000000000000000049
7FFFFFFFFFFFFFFF6D
0000000000000001E3
00000000000000017C
7FFFFFFFFFFFFFFFA2
000000000000000084
000000000000000191
7FFFFFFFFFFFFFFE19
7FFFFFFFFFFFFFFF05
7FFFFFFFFFFFFFFF54
00000000000000001F
000000000000000027
0000000000000001A9
0000000000000000F6
7FFFFFFFFFFFFFFFCF
7FFFFFFFFFFFFFFEBE
0000000000000000CC
000000000000000141
000000000000000088
000000000000000287
000000000000000180
000000000000000085
000000000000000048
00000000000000001C
00000000000000002B
00000000000000006E
000000000000000128
000000000000000179
000000000000000083
0000000000000000B6
7FFFFFFFFFFFFFFF7A
7FFFFFFFFFFFFFFF2D
000000000000000173
00000000000000019E
7FFFFFFFFFFFFFFE7F
000000000000000035
00000000000000008E
0000000000000000C6
00000000000000010D
7FFFFFFFFFFFFFFF2D
000000000000000031
7FFFFFFFFFFFFFFFE8
000000000000000141
7FFFFFFFFFFFFFFF33
000000000000000030
7FFFFFFFFFFFFFFE89
00000000000000012F
7FFFFFFFFFFFFFFF1F
000000000000000031
000000000000000023
00000000000000002D
000000000000000122
7FFFFFFFFFFFFFFF60
7FFFFFFFFFFFFFFF7C
000000000000000015
7FFFFFFFFFFFFFFFCC
000000000000000093
000000000000000021
000000000000000106
7FFFFFFFFFFFFFFEDE
000000000000000219
0000000000000000BA
000000000000000021
7FFFFFFFFFFFFFFF7D
7FFFFFFFFFFFFFFFFC
00000000000000013B
00000000000000002A
000000000000000079
7FFFFFFFFFFFFFFFC0
7FFFFFFFFFFFFFFF1E
000000000000000159
7FFFFFFFFFFFFFFF67
7FFFFFFFFFFFFFFF63
7FFFFFFFFFFFFFFFB6
000000000000000098
0000000000000001B0
7FFFFFFFFFFFFFFF73
7FFFFFFFFFFFFFFE6B
000000000000000170
000000000000000081
0000000000000000CB
7FFFFFFFFFFFFFFF0D
7FFFFFFFFFFFFFFFCD
7FFFFFFFFFFFFFFFD8
7FFFFFFFFFFFFFFFC1
000000000000000061
000000000000000000
7FFFFFFFFFFFFFFFC9
7FFFFFFFFFFFFFFF38
00000000000000014A
000000000000000215
0000000000000000BA
7FFFFFFFFFFFFFFFC8
7FFFFFFFFFFFFFFF2A
7FFFFFFFFFFFFFFFD6
7FFFFFFFFFFFFFFEF9
7FFFFFFFFFFFFFFE52
7FFFFFFFFFFFFFFF45
0000000000000000C7
00000000000000015A
7FFFFFFFFFFFFFFF9D
0000000000000000FE
7FFFFFFFFFFFFFFF17
000000000000000097
00000000000000004F
000000000000000091
000000000000000042
000000000000000051
00000000000000010A
7FFFFFFFFFFFFFFFC7
000000000000000061
7FFFFFFFFFFFFFFFC6
000000000000000025
7FFFFFFFFFFFFFFF7F
0000000000000000DC
7FFFFFFFFFFFFFFFA2
000000000000000132
7FFFFFFFFFFFFFFF0E
7FFFFFFFFFFFFFFF4F
7FFFFFFFFFFFFFFEFF
0000000000000000CF
7FFFFFFFFFFFFFFF73
000000000000000046
7FFFFFFFFFFFFFFF0B
7FFFFFFFFFFFFFFF6F
000000000000000084
0000000000000000CA
7FFFFFFFFFFFFFFFD1
7FFFFFFFFFFFFFFD51
000000000000000123
7FFFFFFFFFFFFFFE59
0000000000000000B1
7FFFFFFFFFFFFFFFE9
00000000000000003E
000000000000000091
0000000000000001CD
7FFFFFFFFFFFFFFF02
00000000000000009E
7FFFFFFFFFFFFFFF15
7FFFFFFFFFFFFFFE05
00000000000000005C
00000000000000013E
00000000000000009D
7FFFFFFFFFFFFFFF2B
0000000000000000D4
00000000000000006F
7FFFFFFFFFFFFFFF3B
7FFFFFFFFFFFFFFED6
00000000000000011A
000000000000000249
7FFFFFFFFFFFFFFE3E
7FFFFFFFFFFFFFFF88
0000000000000000C4
0000000000000000D4
000000000000000141
7FFFFFFFFFFFFFFF68
000000000000000078
0000000000000000E4
0000000000000001EC
00000000000000000B
7FFFFFFFFFFFFFFFBF
00000000000000002C
000000000000000047
7FFFFFFFFFFFFFFE97
000000000000000007
7FFFFFFFFFFFFFFFB9
000000000000000091
7FFFFFFFFFFFFFFE8D
7FFFFFFFFFFFFFFF47
000000000000000151
7FFFFFFFFFFFFFFE35
7FFFFFFFFFFFFFFE3C
7FFFFFFFFFFFFFFE9B
000000000000000098
7FFFFFFFFFFFFFFFBC
000000000000000111
7FFFFFFFFFFFFFFEFC
0000000000000000A2
00000000000000009B
7FFFFFFFFFFFFFFFD7
0000000000000000F8
7FFFFFFFFFFFFFFFDF
00000000000000011D
7FFFFFFFFFFFFFFFEB
7FFFFFFFFFFFFFFF80
7FFFFFFFFFFFFFFF26
7FFFFFFFFFFFFFFF0F
000000000000000030
0000000000000000A1
7FFFFFFFFFFFFFFE92
000000000000000074
7FFFFFFFFFFFFFFF66
7FFFFFFFFFFFFFFFB3
7FFFFFFFFFFFFFFF53
0000000000000001BD
7FFFFFFFFFFFFFFF25
7FFFFFFFFFFFFFFF48
00000000000000000F
000000000000000125
00000000000000007F
00000000000000003F
7FFFFFFFFFFFFFFF7E
7FFFFFFFFFFFFFFFF0
000000000000000207
7FFFFFFFFFFFFFFDB2
7FFFFFFFFFFFFFFE52
7FFFFFFFFFFFFFFF20
000000000000000086
7FFFFFFFFFFFFFFF4E
7FFFFFFFFFFFFFFF36
0000000000000001A0
7FFFFFFFFFFFFFFF4B
7FFFFFFFFFFFFFFFCA
7FFFFFFFFFFFFFFECA
000000000000000083
7FFFFFFFFFFFFFFE7F
00000000000000000A
0000000000000000A7
7FFFFFFFFFFFFFFE9E
000000000000000255
0000000000000000C8
7FFFFFFFFFFFFFFF27
7FFFFFFFFFFFFFFE9B
000000000000000154
00000000000000010C
000000000000000175
7FFFFFFFFFFFFFFFF8
7FFFFFFFFFFFFFFFEA
7FFFFFFFFFFFFFFEFE
7FFFFFFFFFFFFFFF2A
000000000000000118
00000000000000009C
7FFFFFFFFFFFFFFF3F
0000000000000001C8
000000000000000051
000000000000000049
000000000000000126
00000000000000002D
7FFFFFFFFFFFFFFFC9
000000000000000030
7FFFFFFFFFFFFFFF15
7FFFFFFFFFFFFFFF63
0000000000000000A8
0000000000000001DC
000000000000000257
000000000000000140
7FFFFFFFFFFFFFFED6
7FFFFFFFFFFFFFFE9C
0000000000000001D0
000000000000000135
0000000000000000C5
00000000000000013E
7FFFFFFFFFFFFFFF5C
000000000000000040
7FFFFFFFFFFFFFFF9B
000000000000000147
000000000000000076
000000000000000071
7FFFFFFFFFFFFFFE00
7FFFFFFFFFFFFFFEF6
00000000000000009A
7FFFFFFFFFFFFFFFE8
00000000000000000F
000000000000000004
0000000000000000C7
000000000000000138
0000000000000000B3
000000000000000004
7FFFFFFFFFFFFFFE6F
00000000000000016A
7FFFFFFFFFFFFFFF5A
7FFFFFFFFFFFFFFF72
7FFFFFFFFFFFFFFFCC
7FFFFFFFFFFFFFFDD6
7FFFFFFFFFFFFFFFF2
0000000000000000D2
7FFFFFFFFFFFFFFFB6
7FFFFFFFFFFFFFFF07
00000000000000001C
00000000000000017E
0000000000000000E6
7FFFFFFFFFFFFFFFC6
7FFFFFFFFFFFFFFFB6
000000000000000193
7FFFFFFFFFFFFFFF4B
000000000000000098
000000000000000017
7FFFFFFFFFFFFFFF5B
7FFFFFFFFFFFFFFF4E
7FFFFFFFFFFFFFFF8D
000000000000000060
7FFFFFFFFFFFFFFFAA
7FFFFFFFFFFFFFFFC7
7FFFFFFFFFFFFFFFD1
00000000000000017D
000000000000000211
7FFFFFFFFFFFFFFEF8
7FFFFFFFFFFFFFFFA3
7FFFFFFFFFFFFFFF4E
000000000000000000
7FFFFFFFFFFFFFFE80
7FFFFFFFFFFFFFFFDA
0000000000000000A2
7FFFFFFFFFFFFFFE2B
000000000000000061
000000000000000153
00000000000000003D
000000000000000014
0000000000000001BD
7FFFFFFFFFFFFFFF88
7FFFFFFFFFFFFFFF75
000000000000000028
0000000000000000FC
0000000000000000AD
7FFFFFFFFFFFFFFE8D
7FFFFFFFFFFFFFFFFD
7FFFFFFFFFFFFFFEBD
7FFFFFFFFFFFFFFFDB
7FFFFFFFFFFFFFFF5B
7FFFFFFFFFFFFFFF14
7FFFFFFFFFFFFFFF9C
7FFFFFFFFFFFFFFFE1
000000000000000115
7FFFFFFFFFFFFFFF7B
000000000000000049
000000000000000198
0000000000000000C0
000000000000000026
7FFFFFFFFFFFFFFF82
00000000000000015A
7FFFFFFFFFFFFFFE0E
000000000000000097
000000000000000210
000000000000000154
7FFFFFFFFFFFFFFF39
000000000000000093
00000000000000006F
7FFFFFFFFFFFFFFF21
7FFFFFFFFFFFFFFF8D
7FFFFFFFFFFFFFFF62
7FFFFFFFFFFFFFFEDD
00000000000000005B
000000000000000047
000000000000000108
0000000000000000AE
000000000000000167
00000000000000002F
0000000000000000DE
7FFFFFFFFFFFFFFFB7
000000000000000023
7FFFFFFFFFFFFFFF93
00000000000000006F
7FFFFFFFFFFFFFFF3F
0000000000000000E2
7FFFFFFFFFFFFFFF45
7FFFFFFFFFFFFFFF82
7FFFFFFFFFFFFFFF63
000000000000000002
7FFFFFFFFFFFFFFF77
7FFFFFFFFFFFFFFF6B
000000000000000141
7FFFFFFFFFFFFFFF9F
7FFFFFFFFFFFFFFF61
7FFFFFFFFFFFFFFEFC
000000000000000014
00000000000000017F
0000000000000000C5
0000000000000000B6
000000000000000037
000000000000000119
000000000000000032
00000000000000009E
7FFFFFFFFFFFFFFFA9
7FFFFFFFFFFFFFFF93
00000000000000002D
000000000000000124
7FFFFFFFFFFFFFFEE3
7FFFFFFFFFFFFFFF70
7FFFFFFFFFFFFFFE69
7FFFFFFFFFFFFFFFCB
7FFFFFFFFFFFFFFFD0
7FFFFFFFFFFFFFFFA3
7FFFFFFFFFFFFFFFCF
000000000000000023
7FFFFFFFFFFFFFFFEA
00000000000000016B
7FFFFFFFFFFFFFFEB2
00000000000000007E
000000000000000144
00000000000000002E
000000000000000052
7FFFFFFFFFFFFFFF4F
7FFFFFFFFFFFFFFF75
00000000000000014D
7FFFFFFFFFFFFFFD7F
00000000000000002E
7FFFFFFFFFFFFFFF4B
7FFFFFFFFFFFFFFFCE
7FFFFFFFFFFFFFFEEF
7FFFFFFFFFFFFFFFCC
00000000000000013A
7FFFFFFFFFFFFFFF59
7FFFFFFFFFFFFFFE1E
000000000000000039
7FFFFFFFFFFFFFFFFC
000000000000000017
00000000000000007F
0000000000000000DF
7FFFFFFFFFFFFFFF36
0000000000000001B3
00000000000000006E
000000000000000060
000000000000000016
000000000000000040
7FFFFFFFFFFFFFFF46
7FFFFFFFFFFFFFFF6D
0000000000000000B3
7FFFFFFFFFFFFFFF0E
000000000000000085
7FFFFFFFFFFFFFFDDE
0000000000000000F1
000000000000000003
000000000000000060
0000000000000001EB
7FFFFFFFFFFFFFFE9E
0000000000000000C9
00000000000000006B
7FFFFFFFFFFFFFFF8E
000000000000000058
7FFFFFFFFFFFFFFFF9
000000000000000038
7FFFFFFFFFFFFFFF4F
7FFFFFFFFFFFFFFF8A
7FFFFFFFFFFFFFFF7F
7FFFFFFFFFFFFFFF33
7FFFFFFFFFFFFFFF03
7FFFFFFFFFFFFFFFA3
000000000000000096
7FFFFFFFFFFFFFFFD5
000000000000000062
7FFFFFFFFFFFFFFF83
7FFFFFFFFFFFFFFF7C
0000000000000000A3
7FFFFFFFFFFFFFFE06
0000000000000000A6
7FFFFFFFFFFFFFFFD3
7FFFFFFFFFFFFFFF6A
7FFFFFFFFFFFFFFFFF
00000000000000007D
7FFFFFFFFFFFFFFD6F
000000000000000092
0000000000000000F3
7FFFFFFFFFFFFFFF64
00000000000000007C
0000000000000000C8
000000000000000074
7FFFFFFFFFFFFFFF17
000000000000000101
7FFFFFFFFFFFFFFF8C
7FFFFFFFFFFFFFFFB7
0000000000000000C8
0000000000000000E3
000000000000000006
7FFFFFFFFFFFFFFF06
0000000000000000EF
0000000000000001A1
000000000000000010
000000000000000206
0000000000000001FA
0000000000000000E8
000000000000000250
00000000000000012B
00000000000000003C
7FFFFFFFFFFFFFFF79
000000000000000158
000000000000000155
7FFFFFFFFFFFFFFF73
7FFFFFFFFFFFFFFE79
00000000000000007C
000000000000000100
00000000000000011C
7FFFFFFFFFFFFFFF89
0000000000000000DE
7FFFFFFFFFFFFFFF88
0000000000000001C8
7FFFFFFFFFFFFFFFF7
00000000000000001E
7FFFFFFFFFFFFFFF0B
00000000000000001C
7FFFFFFFFFFFFFFF2E
000000000000000134
00000000000000005D
000000000000000042
000000000000000142
000000000000000038
0000000000000000B8
00000000000000013B
00000000000000009F
7FFFFFFFFFFFFFFF76
000000000000000045
7FFFFFFFFFFFFFFE7C
00000000000000004D
7FFFFFFFFFFFFFFFA7
7FFFFFFFFFFFFFFF43
000000000000000099
7FFFFFFFFFFFFFFF2A
7FFFFFFFFFFFFFFFC6
7FFFFFFFFFFFFFFE04
7FFFFFFFFFFFFFFF37
00000000000000015C
000000000000000072
7FFFFFFFFFFFFFFF6E
7FFFFFFFFFFFFFFE66
7FFFFFFFFFFFFFFD1B
7FFFFFFFFFFFFFFF4A
7FFFFFFFFFFFFFFF70
0000000000000001DF
7FFFFFFFFFFFFFFDA5
000000000000000267
000000000000000088
7FFFFFFFFFFFFFFFDC
7FFFFFFFFFFFFFFF76
00000000000000003A
000000000000000020
7FFFFFFFFFFFFFFE67
7FFFFFFFFFFFFFFCE9
000000000000000110
000000000000000169
0000000000000000AF
00000000000000005D
7FFFFFFFFFFFFFFF0A
00000000000000005E
000000000000000007
7FFFFFFFFFFFFFFED9
7FFFFFFFFFFFFFFFD2
0000000000000000A3
0000000000000001CC
7FFFFFFFFFFFFFFEA0
7FFFFFFFFFFFFFFF59
7FFFFFFFFFFFFFFF21
000000000000000053
00000000000000008F
0000000000000001D1
000000000000000003
7FFFFFFFFFFFFFFFA6
7FFFFFFFFFFFFFFF80
0000000000000000F0
7FFFFFFFFFFFFFFFC9
000000000000000189
000000000000000006
7FFFFFFFFFFFFFFFA6
7FFFFFFFFFFFFFFEF4
7FFFFFFFFFFFFFFFEA
7FFFFFFFFFFFFFFDD6
7FFFFFFFFFFFFFFF6C
7FFFFFFFFFFFFFFEDC
7FFFFFFFFFFFFFFF58
00000000000000000A
000000000000000185
0000000000000000E3
0000000000000001E6
000000000000000102
00000000000000023A
000000000000000005
00000000000000008E
00000000000000008C
000000000000000117
7FFFFFFFFFFFFFFFE9
7FFFFFFFFFFFFFFF09
0000000000000000F8
7FFFFFFFFFFFFFFED4
0000000000000001CB
000000000000000141
7FFFFFFFFFFFFFFF48
00000000000000009C
7FFFFFFFFFFFFFFF2D
0000000000000000C4
0000000000000001A8
0000000000000000A8
000000000000000042
7FFFFFFFFFFFFFFE58
00000000000000004D
000000000000000092
000000000000000027
000000000000000093
0000000000000000AE
0000000000000000D6
00000000000000000A
00000000000000015A
00000000000000006A
00000000000000008F
000000000000000024
00000000000000002F
7FFFFFFFFFFFFFFFA6
7FFFFFFFFFFFFFFEEF
7FFFFFFFFFFFFFFF15
7FFFFFFFFFFFFFFEB8
000000000000000039
7FFFFFFFFFFFFFFF4D
7FFFFFFFFFFFFFFFF7
0000000000000000A2
000000000000000106
7FFFFFFFFFFFFFFFD4
7FFFFFFFFFFFFFFE88
7FFFFFFFFFFFFFFF8E
000000000000000112
0000000000000000F6
7FFFFFFFFFFFFFFF02
7FFFFFFFFFFFFFFFAC
0000000000000000B6
7FFFFFFFFFFFFFFFD7
00000000000000006F
0000000000000000A1
7FFFFFFFFFFFFFFDF4
0000000000000001CF
000000000000000179
0000000000000001EF
7FFFFFFFFFFFFFFFE0
7FFFFFFFFFFFFFFE5D
000000000000000043
00000000000000014F
7FFFFFFFFFFFFFFECE
7FFFFFFFFFFFFFFFED
7FFFFFFFFFFFFFFFC2
7FFFFFFFFFFFFFFF55
7FFFFFFFFFFFFFFDB0
7FFFFFFFFFFFFFFED1
00000000000000004E
0000000000000000FA
7FFFFFFFFFFFFFFE9D
000000000000000070
7FFFFFFFFFFFFFFF1A
00000000000000004E
7FFFFFFFFFFFFFFFE9
00000000000000006E
7FFFFFFFFFFFFFFF37
7FFFFFFFFFFFFFFD08
0000000000000000B3
7FFFFFFFFFFFFFFF99
000000000000000028
000000000000000077
0000000000000000DD
000000000000000049
7FFFFFFFFFFFFFFFAE
00000000000000006D
00000000000000000C
00000000000000000E
0000000000000000F0
000000000000000042
7FFFFFFFFFFFFFFE4D
0000000000000000AF
7FFFFFFFFFFFFFFF1D
00000000000000006F
00000000000000016A
7FFFFFFFFFFFFFFEBE
000000000000000066
000000000000000088
7FFFFFFFFFFFFFFF53
7FFFFFFFFFFFFFFE93
000000000000000079
7FFFFFFFFFFFFFFF77
7FFFFFFFFFFFFFFFBD
7FFFFFFFFFFFFFFFD8
000000000000000148
000000000000000050
7FFFFFFFFFFFFFFF54
000000000000000109
000000000000000039
7FFFFFFFFFFFFFFF18
000000000000000141
7FFFFFFFFFFFFFFF24
0000000000000000B3
0000000000000001A6
000000000000000075
000000000000000074
7FFFFFFFFFFFFFFEE6
0000000000000000AC
000000000000000051
7FFFFFFFFFFFFFFE41
000000000000000133
7FFFFFFFFFFFFFFF4C
000000000000000114
7FFFFFFFFFFFFFFF7D
000000000000000236
7FFFFFFFFFFFFFFEEB
7FFFFFFFFFFFFFFF5E
7FFFFFFFFFFFFFFF06
000000000000000046
00000000000000010D
00000000000000007C
7FFFFFFFFFFFFFFEF6
000000000000000085
00000000000000024F
00000000000000011E
00000000000000010F
7FFFFFFFFFFFFFFF78
000000000000000070
000000000000000089
000000000000000032
000000000000000165
000000000000000118
000000000000000072
0000000000000000F9
7FFFFFFFFFFFFFFF44
000000000000000114
7FFFFFFFFFFFFFFF27
000000000000000271
0000000000000000B5
7FFFFFFFFFFFFFFF45
7FFFFFFFFFFFFFFEA8
00000000000000009C
7FFFFFFFFFFFFFFFD7
7FFFFFFFFFFFFFFFCF
00000000000000003B
0000000000000000B2
7FFFFFFFFFFFFFFFBA
7FFFFFFFFFFFFFFFA4
000000000000000091
000000000000000250
7FFFFFFFFFFFFFFFBD
000000000000000038
0000000000000001E0
0000000000000000DC
00000000000000008E
7FFFFFFFFFFFFFFFF7
7FFFFFFFFFFFFFFE66
000000000000000002
7FFFFFFFFFFFFFFED7
000000000000000122
7FFFFFFFFFFFFFFF52
00000000000000009B
7FFFFFFFFFFFFFFE75
7FFFFFFFFFFFFFFE95
7FFFFFFFFFFFFFFFB7
7FFFFFFFFFFFFFFFBA
7FFFFFFFFFFFFFFFF3
000000000000000005
00000000000000001A
000000000000000074
7FFFFFFFFFFFFFFFAE
7FFFFFFFFFFFFFFFEA
000000000000000031
000000000000000201
7FFFFFFFFFFFFFFF63
000000000000000186
7FFFFFFFFFFFFFFFE4
7FFFFFFFFFFFFFFF1D
00000000000000017B
00000000000000009D
0000000000000001F9
00000000000000009A
000000000000000007
0000000000000000F8
7FFFFFFFFFFFFFFEB9
000000000000000123
7FFFFFFFFFFFFFFFF9
7FFFFFFFFFFFFFFF97
7FFFFFFFFFFFFFFFCD
0000000000000000FB
00000000000000008B
0000000000000000EE
7FFFFFFFFFFFFFFFA8
7FFFFFFFFFFFFFFF66
000000000000000047
000000000000000011
0000000000000000F0
0000000000000000C0
7FFFFFFFFFFFFFFF3F
7FFFFFFFFFFFFFFFA3
7FFFFFFFFFFFFFFFBA
000000000000000038
7FFFFFFFFFFFFFFE91
7FFFFFFFFFFFFFFF79
000000000000000139
000000000000000144
7FFFFFFFFFFFFFFFA7
7FFFFFFFFFFFFFFF1F
7FFFFFFFFFFFFFFFC2
000000000000000081
000000000000000075
7FFFFFFFFFFFFFFF6B
7FFFFFFFFFFFFFFF93
7FFFFFFFFFFFFFFF6E
7FFFFFFFFFFFFFFF19
000000000000000188
7FFFFFFFFFFFFFFFF2
7FFFFFFFFFFFFFFFC0
000000000000000147
000000000000000130
7FFFFFFFFFFFFFFF79
00000000000000005D
000000000000000073
7FFFFFFFFFFFFFFE25
7FFFFFFFFFFFFFFFD4
0000000000000000AE
00000000000000005E
7FFFFFFFFFFFFFFFB1
7FFFFFFFFFFFFFFF9B
7FFFFFFFFFFFFFFFE2
7FFFFFFFFFFFFFFF19
7FFFFFFFFFFFFFFFC0
7FFFFFFFFFFFFFFED4
00000000000000018D
7FFFFFFFFFFFFFFFD1
0000000000000000AD
000000000000000055
7FFFFFFFFFFFFFFF85
0000000000000000FA
0000000000000000EA
7FFFFFFFFFFFFFFFF8
7FFFFFFFFFFFFFFF90
00000000000000016E
7FFFFFFFFFFFFFFFC5
7FFFFFFFFFFFFFFFE0
0000000000000000FB
7FFFFFFFFFFFFFFFCE
0000000000000000C3
000000000000000259
7FFFFFFFFFFFFFFE9B
000000000000000082
7FFFFFFFFFFFFFFE1B
7FFFFFFFFFFFFFFF3A
000000000000000074
7FFFFFFFFFFFFFFF07
7FFFFFFFFFFFFFFE58
7FFFFFFFFFFFFFFF75
000000000000000224
7FFFFFFFFFFFFFFF09
000000000000000124
00000000000000005C
7FFFFFFFFFFFFFFEA1
0000000000000000D8
000000000000000044
7FFFFFFFFFFFFFFF29
7FFFFFFFFFFFFFFFF6
7FFFFFFFFFFFFFFEF8
00000000000000009D
0000000000000000DA
0000000000000000FE
00000000000000012B
7FFFFFFFFFFFFFFFE8
0000000000000000D0
7FFFFFFFFFFFFFFF45
7FFFFFFFFFFFFFFFF1
7FFFFFFFFFFFFFFF46
7FFFFFFFFFFFFFFFE3
00000000000000000F
7FFFFFFFFFFFFFFED1
7FFFFFFFFFFFFFFEBA
00000000000000004D
0000000000000000C1
000000000000000075
0000000000000000D5
7FFFFFFFFFFFFFFF7E
0000000000000001FF
000000000000000161
00000000000000007F
7FFFFFFFFFFFFFFF14
000000000000000224
00000000000000006C
7FFFFFFFFFFFFFFFE5
7FFFFFFFFFFFFFFD8B
000000000000000008
7FFFFFFFFFFFFFFF2E
0000000000000000EF
7FFFFFFFFFFFFFFFD7
7FFFFFFFFFFFFFFFB9
00000000000000005B
0000000000000000E8
7FFFFFFFFFFFFFFF74
00000000000000000F
000000000000000074
000000000000000035
7FFFFFFFFFFFFFFEDB
00000000000000011B
000000000000000198
7FFFFFFFFFFFFFFF42
000000000000000099
000000000000000135
000000000000000069
7FFFFFFFFFFFFFFFED
000000000000000043
000000000000000053
000000000000000050
7FFFFFFFFFFFFFFF6C
0000000000000000EC
000000000000000033
0000000000000000F3
7FFFFFFFFFFFFFFF8F
0000000000000000E1
7FFFFFFFFFFFFFFF8C
000000000000000075
00000000000000009B
0000000000000000F3
000000000000000090
000000000000000163
000000000000000115
7FFFFFFFFFFFFFFEF9
7FFFFFFFFFFFFFFFD5
00000000000000009A
7FFFFFFFFFFFFFFF94
7FFFFFFFFFFFFFFF6B
00000000000000000B
7FFFFFFFFFFFFFFEC4
000000000000000007
7FFFFFFFFFFFFFFFBD
00000000000000017F
0000000000000001B9
00000000000000001F
7FFFFFFFFFFFFFFF4E
00000000000000001E
7FFFFFFFFFFFFFFFCD
0000000000000000B6
00000000000000003B
7FFFFFFFFFFFFFFEA4
00000000000000008C
000000000000000099
0000000000000000E3
000000000000000026
7FFFFFFFFFFFFFFFBE
7FFFFFFFFFFFFFFEE7
000000000000000021
7FFFFFFFFFFFFFFF3A
7FFFFFFFFFFFFFFF4D
000000000000000081
7FFFFFFFFFFFFFFFD8
7FFFFFFFFFFFFFFFAC
0000000000000000CB
7FFFFFFFFFFFFFFFBE
000000000000000050
000000000000000050
000000000000000059
7FFFFFFFFFFFFFFF46
7FFFFFFFFFFFFFFE92
7FFFFFFFFFFFFFFF54
7FFFFFFFFFFFFFFF8A
0000000000000001B3
7FFFFFFFFFFFFFFFF4
7FFFFFFFFFFFFFFFFF
00000000000000020E
000000000000000135
7FFFFFFFFFFFFFFDA0
0000000000000000B7
7FFFFFFFFFFFFFFE3B
0000000000000001BF
7FFFFFFFFFFFFFFF90
7FFFFFFFFFFFFFFEB8
000000000000000061
7FFFFFFFFFFFFFFF74
7FFFFFFFFFFFFFFFC6
00000000000000001B
7FFFFFFFFFFFFFFF17
7FFFFFFFFFFFFFFE73
000000000000000075
0000000000000000EB
7FFFFFFFFFFFFFFDD3
00000000000000008A
00000000000000008E
000000000000000102
7FFFFFFFFFFFFFFFD6
7FFFFFFFFFFFFFFEE7
0000000000000000D9
00000000000000018B
0000000000000000A0
000000000000000037
0000000000000000AD
000000000000000142
7FFFFFFFFFFFFFFF80
7FFFFFFFFFFFFFFFE4
7FFFFFFFFFFFFFFF86
7FFFFFFFFFFFFFFF40
7FFFFFFFFFFFFFFFEB
0000000000000000BE
000000000000000001
0000000000000000AD
7FFFFFFFFFFFFFFF16
7FFFFFFFFFFFFFFF36
7FFFFFFFFFFFFFFF98
000000000000000109
00000000000000011C
00000000000000017D
000000000000000196
7FFFFFFFFFFFFFFF26
000000000000000104
0000000000000000F5
00000000000000001F
7FFFFFFFFFFFFFFF6D
000000000000000169
00000000000000009F
000000000000000041
0000000000000000E8
0000000000000000BD
0000000000000001C2
00000000000000001A
7FFFFFFFFFFFFFFFAE
00000000000000002B
00000000000000004C
00000000000000005B
7FFFFFFFFFFFFFFFCF
7FFFFFFFFFFFFFFF41
7FFFFFFFFFFFFFFF8A
7FFFFFFFFFFFFFFE4B
0000000000000000F1
7FFFFFFFFFFFFFFEF2
7FFFFFFFFFFFFFFF9A
7FFFFFFFFFFFFFFFB7
000000000000000081
7FFFFFFFFFFFFFFE5F
7FFFFFFFFFFFFFFF28
7FFFFFFFFFFFFFFEDB
000000000000000075
00000000000000013A
00000000000000003C
000000000000000020
000000000000000171
000000000000000218
7FFFFFFFFFFFFFFF9E
000000000000000060
7FFFFFFFFFFFFFFF71
0000000000000001A8
00000000000000001B
000000000000000068
7FFFFFFFFFFFFFFF99
00000000000000013C
7FFFFFFFFFFFFFFF18
7FFFFFFFFFFFFFFF99
7FFFFFFFFFFFFFFFEA
0000000000000000DE
7FFFFFFFFFFFFFFF8C
0000000000000000D4
7FFFFFFFFFFFFFFEF1
000000000000000105
000000000000000208
7FFFFFFFFFFFFFFFB3
00000000000000001F
0000000000000000DE
7FFFFFFFFFFFFFFF8A
7FFFFFFFFFFFFFFF21
000000000000000010
7FFFFFFFFFFFFFFFBA
7FFFFFFFFFFFFFFFBA
000000000000000136
7FFFFFFFFFFFFFFFED
7FFFFFFFFFFFFFFFEE
7FFFFFFFFFFFFFFFC5
000000000000000086
7FFFFFFFFFFFFFFE9B
7FFFFFFFFFFFFFFEBF
7FFFFFFFFFFFFFFE4E
000000000000000046
7FFFFFFFFFFFFFFEF2
000000000000000078
7FFFFFFFFFFFFFFFE1
000000000000000119
00000000000000008A
000000000000000100
000000000000000127
7FFFFFFFFFFFFFFF33
7FFFFFFFFFFFFFFF22
7FFFFFFFFFFFFFFF03
7FFFFFFFFFFFFFFFFF
7FFFFFFFFFFFFFFDF7
7FFFFFFFFFFFFFFF2B
000000000000000008
000000000000000040
000000000000000155
7FFFFFFFFFFFFFFFDB
00000000000000006B
000000000000000230
7FFFFFFFFFFFFFFEE4
7FFFFFFFFFFFFFFF8A
000000000000000041
00000000000000003A
7FFFFFFFFFFFFFFF80
000000000000000077
7FFFFFFFFFFFFFFF09
00000000000000007B
7FFFFFFFFFFFFFFFAD
0000000000000000DF
7FFFFFFFFFFFFFFEAE
000000000000000124
7FFFFFFFFFFFFFFF87
000000000000000003
7FFFFFFFFFFFFFFDDA
0000000000000000DC
00000000000000003E
7FFFFFFFFFFFFFFF0E
7FFFFFFFFFFFFFFF96
00000000000000000C
7FFFFFFFFFFFFFFFFB
7FFFFFFFFFFFFFFEE7
7FFFFFFFFFFFFFFFB8
0000000000000001F7
7FFFFFFFFFFFFFFDAD
7FFFFFFFFFFFFFFEF2
00000000000000001A
000000000000000071
000000000000000052
7FFFFFFFFFFFFFFE67
7FFFFFFFFFFFFFFFFA
000000000000000076
7FFFFFFFFFFFFFFE03
000000000000000134
7FFFFFFFFFFFFFFEC5
7FFFFFFFFFFFFFFF75
000000000000000129
7FFFFFFFFFFFFFFFF8
7FFFFFFFFFFFFFFFE5
00000000000000002A
7FFFFFFFFFFFFFFF71
7FFFFFFFFFFFFFFFF3
7FFFFFFFFFFFFFFFB5
0000000000000000C3
7FFFFFFFFFFFFFFFA3
7FFFFFFFFFFFFFFE77
000000000000000057
000000000000000095
7FFFFFFFFFFFFFFF0A
0000000000000000DA
7FFFFFFFFFFFFFFED0
0000000000000000A0
7FFFFFFFFFFFFFFF32
0000000000000000EF
00000000000000005A
7FFFFFFFFFFFFFFFD8
7FFFFFFFFFFFFFFF1B
7FFFFFFFFFFFFFFF67
00000000000000015F
00000000000000007D
7FFFFFFFFFFFFFFF3A
000000000000000112
7FFFFFFFFFFFFFFE3E
0000000000000000AF
000000000000000206
7FFFFFFFFFFFFFFF48
7FFFFFFFFFFFFFFE97
7FFFFFFFFFFFFFFED4
7FFFFFFFFFFFFFFF5F
7FFFFFFFFFFFFFFF96
7FFFFFFFFFFFFFFF4A
7FFFFFFFFFFFFFFEF4
00000000000000005E
7FFFFFFFFFFFFFFFD7
7FFFFFFFFFFFFFFFBC
00000000000000007D
0000000000000001AD
7FFFFFFFFFFFFFFEBB
7FFFFFFFFFFFFFFF02
7FFFFFFFFFFFFFFE53
7FFFFFFFFFFFFFFF21
00000000000000010D
00000000000000001A
7FFFFFFFFFFFFFFE21
7FFFFFFFFFFFFFFF1B
000000000000000055
7FFFFFFFFFFFFFFEEF
0000000000000001C0
7FFFFFFFFFFFFFFF72
7FFFFFFFFFFFFFFF0D
000000000000000083
7FFFFFFFFFFFFFFEEF
0000000000000000C6
7FFFFFFFFFFFFFFF7F
7FFFFFFFFFFFFFFF76
7FFFFFFFFFFFFFFE97
7FFFFFFFFFFFFFFE88
7FFFFFFFFFFFFFFFF6
0000000000000000DD
0000000000000000BA
7FFFFFFFFFFFFFFF26
7FFFFFFFFFFFFFFFD6
7FFFFFFFFFFFFFFFE9
000000000000000016
0000000000000001E6
7FFFFFFFFFFFFFFFBA
7FFFFFFFFFFFFFFF8E
7FFFFFFFFFFFFFFE5B
7FFFFFFFFFFFFFFF6C
7FFFFFFFFFFFFFFF4D
7FFFFFFFFFFFFFFF80
0000000000000000B3
000000000000000013
0000000000000000F2
00000000000000014A
000000000000000028
7FFFFFFFFFFFFFFF8A
00000000000000026A
7FFFFFFFFFFFFFFE0E
7FFFFFFFFFFFFFFFE6
000000000000000001
000000000000000194
0000000000000000F6
7FFFFFFFFFFFFFFF1E
7FFFFFFFFFFFFFFF3C
000000000000000193
7FFFFFFFFFFFFFFEB4
000000000000000038
000000000000000103
7FFFFFFFFFFFFFFF0A
7FFFFFFFFFFFFFFFA6
000000000000000088
7FFFFFFFFFFFFFFF6E
7FFFFFFFFFFFFFFF0D
7FFFFFFFFFFFFFFF6D
7FFFFFFFFFFFFFFF88
00000000000000001A
00000000000000006D
7FFFFFFFFFFFFFFDA9
7FFFFFFFFFFFFFFF75
0000000000000000D3
000000000000000074
7FFFFFFFFFFFFFFF48
7FFFFFFFFFFFFFFF36
7FFFFFFFFFFFFFFEBA
7FFFFFFFFFFFFFFE94
000000000000000159
000000000000000176
000000000000000285
000000000000000129
7FFFFFFFFFFFFFFFFE
7FFFFFFFFFFFFFFE34
0000000000000000FB
7FFFFFFFFFFFFFFE67
7FFFFFFFFFFFFFFF61
7FFFFFFFFFFFFFFF56
7FFFFFFFFFFFFFFDF8
0000000000000000C7
00000000000000007E
00000000000000011F
00000000000000004B
00000000000000013E
7FFFFFFFFFFFFFFF92
000000000000000167
7FFFFFFFFFFFFFFE87
7FFFFFFFFFFFFFFFB6
00000000000000003C
000000000000000016
000000000000000188
00000000000000003B
7FFFFFFFFFFFFFFFF0
000000000000000003
7FFFFFFFFFFFFFFE7B
7FFFFFFFFFFFFFFF87
7FFFFFFFFFFFFFFF66
000000000000000085
7FFFFFFFFFFFFFFD77
000000000000000155
7FFFFFFFFFFFFFFE59
7FFFFFFFFFFFFFFF74
7FFFFFFFFFFFFFFFAE
7FFFFFFFFFFFFFFE05
7FFFFFFFFFFFFFFDBA
000000000000000180
7FFFFFFFFFFFFFFF09
0000000000000000CE
00000000000000008F
0000000000000000D2
7FFFFFFFFFFFFFFF33
7FFFFFFFFFFFFFFFE3
0000000000000000BB
0000000000000000DA
7FFFFFFFFFFFFFFEC3
7FFFFFFFFFFFFFFD82
00000000000000007E
0000000000000000CC
0000000000000000E9
7FFFFFFFFFFFFFFD9F
000000000000000071
7FFFFFFFFFFFFFFFCE
000000000000000128
00000000000000015C
7FFFFFFFFFFFFFFEE2
000000000000000042
0000000000000001D6
000000000000000003
00000000000000002C
00000000000000010B
7FFFFFFFFFFFFFFF79
0000000000000001B2
7FFFFFFFFFFFFFFF73
7FFFFFFFFFFFFFFED9
7FFFFFFFFFFFFFFE57
7FFFFFFFFFFFFFFFBB
000000000000000089
0000000000000000AD
000000000000000063
0000000000000000D6
000000000000000191
7FFFFFFFFFFFFFFEDE
000000000000000170
000000000000000069
000000000000000039
00000000000000000A
000000000000000054
000000000000000167
7FFFFFFFFFFFFFFFE7
7FFFFFFFFFFFFFFF8D
7FFFFFFFFFFFFFFE4E
000000000000000179
7FFFFFFFFFFFFFFF57
00000000000000005C
0000000000000001F9
7FFFFFFFFFFFFFFFAA
000000000000000101
7FFFFFFFFFFFFFFFF3
000000000000000078
000000000000000030
000000000000000046
00000000000000000B
7FFFFFFFFFFFFFFFD9
0000000000000002C2
7FFFFFFFFFFFFFFF70
00000000000000002B
000000000000000231
000000000000000009
0000000000000000A0
0000000000000000FC
7FFFFFFFFFFFFFFF4C
7FFFFFFFFFFFFFFF03
7FFFFFFFFFFFFFFF7C
7FFFFFFFFFFFFFFE4B
7FFFFFFFFFFFFFFE99
7FFFFFFFFFFFFFFF69
7FFFFFFFFFFFFFFF30
000000000000000004
00000000000000003C
0000000000000000E3
7FFFFFFFFFFFFFFFFD
000000000000000031
0000000000000000A6
7FFFFFFFFFFFFFFFCA
000000000000000008
000000000000000079
000000000000000068
7FFFFFFFFFFFFFFFF6
7FFFFFFFFFFFFFFFC8
7FFFFFFFFFFFFFFFE5
000000000000000043
7FFFFFFFFFFFFFFFB6
000000000000000165
7FFFFFFFFFFFFFFF28
7FFFFFFFFFFFFFFEE2
7FFFFFFFFFFFFFFF1A
000000000000000072
0000000000000000FF
000000000000000375
000000000000000040
7FFFFFFFFFFFFFFE3A
7FFFFFFFFFFFFFFEA5
000000000000000037
7FFFFFFFFFFFFFFF12
7FFFFFFFFFFFFFFFBF
000000000000000076
7FFFFFFFFFFFFFFE6C
7FFFFFFFFFFFFFFE78
000000000000000059
0000000000000000C8
7FFFFFFFFFFFFFFFF2
7FFFFFFFFFFFFFFE67
7FFFFFFFFFFFFFFE9E
7FFFFFFFFFFFFFFF47
000000000000000108
7FFFFFFFFFFFFFFEAE
7FFFFFFFFFFFFFFFF5
7FFFFFFFFFFFFFFF75
00000000000000000F
00000000000000009F
7FFFFFFFFFFFFFFF3F
7FFFFFFFFFFFFFFF1D
00000000000000006B
7FFFFFFFFFFFFFFE76
7FFFFFFFFFFFFFFF5E
000000000000000012
7FFFFFFFFFFFFFFEDD
7FFFFFFFFFFFFFFE5F
7FFFFFFFFFFFFFFFFD
00000000000000002B
7FFFFFFFFFFFFFFFB4
000000000000000054
7FFFFFFFFFFFFFFF04
7FFFFFFFFFFFFFFEC2
7FFFFFFFFFFFFFFF33
0000000000000000B2
7FFFFFFFFFFFFFFFA4
7FFFFFFFFFFFFFFF17
000000000000000109
0000000000000001AA
0000000000000000DD
7FFFFFFFFFFFFFFFA0
7FFFFFFFFFFFFFFFBF
7FFFFFFFFFFFFFFE47
0000000000000000AF
7FFFFFFFFFFFFFFF8C
7FFFFFFFFFFFFFFFDE
7FFFFFFFFFFFFFFEE3
7FFFFFFFFFFFFFFF98
00000000000000003A
000000000000000154
7FFFFFFFFFFFFFFF6C
00000000000000001F
7FFFFFFFFFFFFFFF1B
7FFFFFFFFFFFFFFF99
7FFFFFFFFFFFFFFF4E
0000000000000000D5
7FFFFFFFFFFFFFFF20
00000000000000003A
000000000000000066
7FFFFFFFFFFFFFFEF7
00000000000000000F
0000000000000000D0
7FFFFFFFFFFFFFFEC1
00000000000000012C
00000000000000006E
0000000000000000EF
7FFFFFFFFFFFFFFF99
7FFFFFFFFFFFFFFDB7
7FFFFFFFFFFFFFFF9E
7FFFFFFFFFFFFFFFB0
7FFFFFFFFFFFFFFEB1
000000000000000036
0000000000000000E1
00000000000000006F
000000000000000081
7FFFFFFFFFFFFFFFDD
7FFFFFFFFFFFFFFEE4
00000000000000010A
0000000000000002EB
7FFFFFFFFFFFFFFF09
00000000000000019F
7FFFFFFFFFFFFFFFF9
7FFFFFFFFFFFFFFDE7
7FFFFFFFFFFFFFFF5C
00000000000000007E
000000000000000005
7FFFFFFFFFFFFFFECA
7FFFFFFFFFFFFFFE87
00000000000000009A
7FFFFFFFFFFFFFFFA8
7FFFFFFFFFFFFFFE93
00000000000000007B
0000000000000000B8
0000000000000000E5
7FFFFFFFFFFFFFFF91
0000000000000001F3
7FFFFFFFFFFFFFFFA8
00000000000000005B
7FFFFFFFFFFFFFFF6F
00000000000000005F
00000000000000012A
00000000000000004D
000000000000000052
7FFFFFFFFFFFFFFFCC
0000000000000000E4
7FFFFFFFFFFFFFFD6D
00000000000000006A
7FFFFFFFFFFFFFFEDB
0000000000000000D6
7FFFFFFFFFFFFFFF47
7FFFFFFFFFFFFFFEB5
00000000000000000F
7FFFFFFFFFFFFFFFD2
7FFFFFFFFFFFFFFEE0
7FFFFFFFFFFFFFFED1
000000000000000360
7FFFFFFFFFFFFFFFC7
000000000000000092
7FFFFFFFFFFFFFFED5
00000000000000019D
7FFFFFFFFFFFFFFF59
000000000000000140
000000000000000107
7FFFFFFFFFFFFFFF48
00000000000000006F
7FFFFFFFFFFFFFFFDA
00000000000000001C
000000000000000002
7FFFFFFFFFFFFFFE14
7FFFFFFFFFFFFFFF34
7FFFFFFFFFFFFFFF67
000000000000000109
00000000000000002F
7FFFFFFFFFFFFFFF79
00000000000000010E
7FFFFFFFFFFFFFFF04
7FFFFFFFFFFFFFFE97
000000000000000082
00000000000000021F
00000000000000018C
000000000000000113
7FFFFFFFFFFFFFFFF9
7FFFFFFFFFFFFFFE7A
7FFFFFFFFFFFFFFFEC
0000000000000000B8
00000000000000016F
7FFFFFFFFFFFFFFF43
7FFFFFFFFFFFFFFFC1
7FFFFFFFFFFFFFFE9D
7FFFFFFFFFFFFFFF29
000000000000000019
00000000000000008D
000000000000000079
0000000000000000CF
7FFFFFFFFFFFFFFFC5
000000000000000003
0000000000000000E1
7FFFFFFFFFFFFFFF23
00000000000000006F
000000000000000042
00000000000000008C
00000000000000002D
0000000000000000C2
7FFFFFFFFFFFFFFEFD
7FFFFFFFFFFFFFFF02
0000000000000000F6
7FFFFFFFFFFFFFFE96
000000000000000070
000000000000000057
0000000000000001CA
000000000000000122
000000000000000078
7FFFFFFFFFFFFFFEF6
00000000000000002E
000000000000000116
7FFFFFFFFFFFFFFFDC
7FFFFFFFFFFFFFFF1A
0000000000000001A2
7FFFFFFFFFFFFFFF02
7FFFFFFFFFFFFFFECC
00000000000000006B
7FFFFFFFFFFFFFFFD0
000000000000000110
7FFFFFFFFFFFFFFFF4
00000000000000004E
7FFFFFFFFFFFFFFE54
7FFFFFFFFFFFFFFF7D
000000000000000109
7FFFFFFFFFFFFFFFC8
0000000000000000A3
7FFFFFFFFFFFFFFE45
7FFFFFFFFFFFFFFFE3
0000000000000001C4
7FFFFFFFFFFFFFFFB6
7FFFFFFFFFFFFFFFEB
000000000000000153
0000000000000000C6
000000000000000035
7FFFFFFFFFFFFFFFBD
000000000000000016
7FFFFFFFFFFFFFFFEE
00000000000000002A
7FFFFFFFFFFFFFFF9C
7FFFFFFFFFFFFFFFFE
7FFFFFFFFFFFFFFFCB
0000000000000000BA
00000000000000002A
7FFFFFFFFFFFFFFE91
7FFFFFFFFFFFFFFF73
000000000000000183
7FFFFFFFFFFFFFFF0F
000000000000000021
7FFFFFFFFFFFFFFEF4
000000000000000013
000000000000000034
7FFFFFFFFFFFFFFF3B
7FFFFFFFFFFFFFFFEF
00000000000000010A
00000000000000008E
0000000000000000DD
0000000000000000A5
000000000000000036
000000000000000147
7FFFFFFFFFFFFFFEFE
00000000000000000D
7FFFFFFFFFFFFFFE74
7FFFFFFFFFFFFFFEF4
00000000000000013A
7FFFFFFFFFFFFFFFA7
7FFFFFFFFFFFFFFFDD
7FFFFFFFFFFFFFFF41
7FFFFFFFFFFFFFFFB5
7FFFFFFFFFFFFFFF15
0000000000000000F5
000000000000000066
7FFFFFFFFFFFFFFF74
7FFFFFFFFFFFFFFFDB
7FFFFFFFFFFFFFFFBB
000000000000000087
00000000000000008E
0000000000000000D2
00000000000000003D
7FFFFFFFFFFFFFFF19
00000000000000021A
0000000000000000AD
000000000000000077
7FFFFFFFFFFFFFFDDB
0000000000000001B9
7FFFFFFFFFFFFFFE5C
7FFFFFFFFFFFFFFF3D
00000000000000014B
7FFFFFFFFFFFFFFE7C
7FFFFFFFFFFFFFFF6C
7FFFFFFFFFFFFFFEBF
000000000000000117
7FFFFFFFFFFFFFFFB0
7FFFFFFFFFFFFFFF99
7FFFFFFFFFFFFFFFFE
7FFFFFFFFFFFFFFFA5
7FFFFFFFFFFFFFFF52
7FFFFFFFFFFFFFFE27
000000000000000038
000000000000000025
7FFFFFFFFFFFFFFEB9
000000000000000068
000000000000000018
00000000000000004E
0000000000000001B5
00000000000000001E
0000000000000000A4
0000000000000000C0
7FFFFFFFFFFFFFFFE0
7FFFFFFFFFFFFFFFBF
000000000000000033
7FFFFFFFFFFFFFFFC2
00000000000000001A
0000000000000000F5
7FFFFFFFFFFFFFFF02
7FFFFFFFFFFFFFFFEB
7FFFFFFFFFFFFFFF1A
00000000000000001A
00000000000000003D
00000000000000001A
7FFFFFFFFFFFFFFEED
7FFFFFFFFFFFFFFFE6
000000000000000168
7FFFFFFFFFFFFFFF93
000000000000000058
0000000000000000BB
7FFFFFFFFFFFFFFEDB
000000000000000042
7FFFFFFFFFFFFFFE3F
0000000000000000F5
7FFFFFFFFFFFFFFFED
000000000000000057
7FFFFFFFFFFFFFFFA7
000000000000000176
7FFFFFFFFFFFFFFFFA
0000000000000000D7
7FFFFFFFFFFFFFFF80
0000000000000000B6
7FFFFFFFFFFFFFFEDC
00000000000000003C
000000000000000009
7FFFFFFFFFFFFFFEDA
7FFFFFFFFFFFFFFFBB
00000000000000007B
000000000000000006
7FFFFFFFFFFFFFFEBB
7FFFFFFFFFFFFFFFDE
000000000000000079
7FFFFFFFFFFFFFFEDC
7FFFFFFFFFFFFFFEC6
7FFFFFFFFFFFFFFFA4
7FFFFFFFFFFFFFFEDE
00000000000000021D
000000000000000054
0000000000000001C4
000000000000000062
0000000000000000B0
7FFFFFFFFFFFFFFED5
0000000000000000FF
7FFFFFFFFFFFFFFF50
000000000000000090
00000000000000007D
000000000000000017
7FFFFFFFFFFFFFFF28
00000000000000005A
7FFFFFFFFFFFFFFFDB
00000000000000017F
7FFFFFFFFFFFFFFF6B
7FFFFFFFFFFFFFFEE5
7FFFFFFFFFFFFFFE67
00000000000000003F
000000000000000174
7FFFFFFFFFFFFFFEF2
000000000000000021
000000000000000020
7FFFFFFFFFFFFFFFD7
7FFFFFFFFFFFFFFFAA
000000000000000025
0000000000000000DB
7FFFFFFFFFFFFFFF77
0000000000000000E6
7FFFFFFFFFFFFFFFBE
00000000000000002E
7FFFFFFFFFFFFFFE43
000000000000000059
7FFFFFFFFFFFFFFF53
00000000000000000E
7FFFFFFFFFFFFFFEAE
7FFFFFFFFFFFFFFFFF
7FFFFFFFFFFFFFFED5
7FFFFFFFFFFFFFFEE7
0000000000000000D0
00000000000000007D
7FFFFFFFFFFFFFFF9A
00000000000000013F
7FFFFFFFFFFFFFFFAA
7FFFFFFFFFFFFFFFC8
000000000000000064
7FFFFFFFFFFFFFFF39
7FFFFFFFFFFFFFFEF7
7FFFFFFFFFFFFFFFE2
7FFFFFFFFFFFFFFE4A
7FFFFFFFFFFFFFFF44
0000000000000000B2
7FFFFFFFFFFFFFFF5C
7FFFFFFFFFFFFFFFCE
000000000000000056
7FFFFFFFFFFFFFFFAD
000000000000000076
00000000000000013F
0000000000000001D6
0000000000000000D8
7FFFFFFFFFFFFFFF54
000000000000000137
7FFFFFFFFFFFFFFFFB
7FFFFFFFFFFFFFFFE3
000000000000000031
00000000000000002B
7FFFFFFFFFFFFFFECD
000000000000000102
7FFFFFFFFFFFFFFFCD
7FFFFFFFFFFFFFFF6F
000000000000000210
7FFFFFFFFFFFFFFFD9
7FFFFFFFFFFFFFFF1F
0000000000000000C1
000000000000000142
7FFFFFFFFFFFFFFFEF
7FFFFFFFFFFFFFFE61
00000000000000008D
0000000000000000A5
7FFFFFFFFFFFFFFE49
7FFFFFFFFFFFFFFF59
7FFFFFFFFFFFFFFF78
7FFFFFFFFFFFFFFF4A
7FFFFFFFFFFFFFFE30
7FFFFFFFFFFFFFFEBB
7FFFFFFFFFFFFFFFC0
0000000000000000DC
00000000000000005A
7FFFFFFFFFFFFFFF4C
0000000000000000F9
7FFFFFFFFFFFFFFF53
0000000000000000C8
0000000000000000C2
000000000000000044
0000000000000000EA
000000000000000023
00000000000000000B
00000000000000008A
0000000000000000E9
7FFFFFFFFFFFFFFF61
7FFFFFFFFFFFFFFF7E
000000000000000053
7FFFFFFFFFFFFFFF55
0000000000000000C1
7FFFFFFFFFFFFFFEFC
7FFFFFFFFFFFFFFF9F
7FFFFFFFFFFFFFFF29
7FFFFFFFFFFFFFFFDA
000000000000000014
7FFFFFFFFFFFFFFEE8
7FFFFFFFFFFFFFFE46
0000000000000000F3
7FFFFFFFFFFFFFFFCA
7FFFFFFFFFFFFFFE64
7FFFFFFFFFFFFFFE39
0000000000000001D7
7FFFFFFFFFFFFFFF69
000000000000000021
000000000000000122
000000000000000215
0000000000000001CC
7FFFFFFFFFFFFFFFFE
00000000000000006B
000000000000000030
7FFFFFFFFFFFFFFFA1
7FFFFFFFFFFFFFFF7C
7FFFFFFFFFFFFFFEC2
000000000000000013
000000000000000012
7FFFFFFFFFFFFFFF76
7FFFFFFFFFFFFFFF7B
7FFFFFFFFFFFFFFEFE
000000000000000059
000000000000000214
7FFFFFFFFFFFFFFEBC
7FFFFFFFFFFFFFFF5E
000000000000000081
000000000000000052
000000000000000107
000000000000000100
7FFFFFFFFFFFFFFFBD
7FFFFFFFFFFFFFFF60
7FFFFFFFFFFFFFFF39
0000000000000001AB
7FFFFFFFFFFFFFFE79
000000000000000059
000000000000000162
00000000000000007D
7FFFFFFFFFFFFFFFD2
000000000000000024
7FFFFFFFFFFFFFFF57
7FFFFFFFFFFFFFFFB3
7FFFFFFFFFFFFFFE77
7FFFFFFFFFFFFFFEEF
0000000000000000A1
7FFFFFFFFFFFFFFEB1
7FFFFFFFFFFFFFFECB
000000000000000059
00000000000000005F
0000000000000000EF
7FFFFFFFFFFFFFFED5
00000000000000005A
7FFFFFFFFFFFFFFFF5
7FFFFFFFFFFFFFFFBD
7FFFFFFFFFFFFFFF18
7FFFFFFFFFFFFFFEF7
0000000000000000AA
7FFFFFFFFFFFFFFE97
7FFFFFFFFFFFFFFEF3
0000000000000000A1
7FFFFFFFFFFFFFFF4C
7FFFFFFFFFFFFFFF38
000000000000000036
7FFFFFFFFFFFFFFFFA
000000000000000138
0000000000000001A2
0000000000000000CE
000000000000000125
00000000000000002C
7FFFFFFFFFFFFFFFFF
7FFFFFFFFFFFFFFFD2
7FFFFFFFFFFFFFFE0A
7FFFFFFFFFFFFFFF65
000000000000000042
7FFFFFFFFFFFFFFD72
0000000000000000C3
7FFFFFFFFFFFFFFF8D
000000000000000007
7FFFFFFFFFFFFFFE75
0000000000000000C4
00000000000000002B
7FFFFFFFFFFFFFFE70
7FFFFFFFFFFFFFFFAC
000000000000000018
000000000000000038
0000000000000000E1
7FFFFFFFFFFFFFFFE3
7FFFFFFFFFFFFFFF80
7FFFFFFFFFFFFFFF20
0000000000000000C7
7FFFFFFFFFFFFFFF6C
7FFFFFFFFFFFFFFEF7
7FFFFFFFFFFFFFFF4B
7FFFFFFFFFFFFFFF0E
7FFFFFFFFFFFFFFF67
7FFFFFFFFFFFFFFFCD
00000000000000004B
000000000000000299
00000000000000003C
0000000000000001A2
00000000000000004D
00000000000000003A
7FFFFFFFFFFFFFFF4E
00000000000000009C
7FFFFFFFFFFFFFFF32
7FFFFFFFFFFFFFFF9D
0000000000000001DE
7FFFFFFFFFFFFFFFBB
000000000000000059
7FFFFFFFFFFFFFFFCE
7FFFFFFFFFFFFFFEF0
7FFFFFFFFFFFFFFF75
7FFFFFFFFFFFFFFFCA
00000000000000008C
000000000000000033
7FFFFFFFFFFFFFFFC8
00000000000000025C
7FFFFFFFFFFFFFFF6B
7FFFFFFFFFFFFFFFDA
0000000000000001A0
7FFFFFFFFFFFFFFEE0
00000000000000004B
0000000000000000EF
000000000000000190
0000000000000001D0
0000000000000000C5
0000000000000000F4
0000000000000000CF
00000000000000001D
000000000000000040
7FFFFFFFFFFFFFFF5C
7FFFFFFFFFFFFFFFC0
000000000000000124
000000000000000087
000000000000000004
7FFFFFFFFFFFFFFFBB
7FFFFFFFFFFFFFFFEA
00000000000000001B
7FFFFFFFFFFFFFFE1D
7FFFFFFFFFFFFFFF0B
7FFFFFFFFFFFFFFFBD
00000000000000004A
000000000000000036
000000000000000327
0000000000000000BD
7FFFFFFFFFFFFFFFEF
0000000000000000FC
000000000000000045
7FFFFFFFFFFFFFFE92
000000000000000135
7FFFFFFFFFFFFFFED7
7FFFFFFFFFFFFFFF3F
7FFFFFFFFFFFFFFF94
0000000000000001E6
7FFFFFFFFFFFFFFFD9
0000000000000000BD
7FFFFFFFFFFFFFFF15
0000000000000001DF
0000000000000000BB
00000000000000000E
0000000000000000E4
00000000000000011E
0000000000000001DE
0000000000000000C6
7FFFFFFFFFFFFFFED8
7FFFFFFFFFFFFFFDE2
7FFFFFFFFFFFFFFF86
7FFFFFFFFFFFFFFF97
7FFFFFFFFFFFFFFFE7
7FFFFFFFFFFFFFFF9A
7FFFFFFFFFFFFFFF59
7FFFFFFFFFFFFFFEFB
000000000000000099
000000000000000103
7FFFFFFFFFFFFFFF35
7FFFFFFFFFFFFFFF7D
7FFFFFFFFFFFFFFE21
0000000000000000A4
00000000000000015A
7FFFFFFFFFFFFFFF32
000000000000000087
7FFFFFFFFFFFFFFF02
0000000000000001BC
0000000000000000AA
7FFFFFFFFFFFFFFF9D
0000000000000000AD
7FFFFFFFFFFFFFFEE7
000000000000000069
00000000000000004E
000000000000000037
0000000000000000C9
7FFFFFFFFFFFFFFFFB
000000000000000121
000000000000000081
000000000000000131
7FFFFFFFFFFFFFFFEA
000000000000000122
7FFFFFFFFFFFFFFFD3
7FFFFFFFFFFFFFFFFF
7FFFFFFFFFFFFFFFA1
00000000000000004A
000000000000000082
000000000000000026
000000000000000064
000000000000000016
00000000000000003C
00000000000000022B
000000000000000168
7FFFFFFFFFFFFFFE78
000000000000000182
0000000000000000FD
7FFFFFFFFFFFFFFF2F
7FFFFFFFFFFFFFFE47
00000000000000016D
000000000000000174
0000000000000001B9
000000000000000084
0000000000000000C0
7FFFFFFFFFFFFFFFAF
7FFFFFFFFFFFFFFEA5
000000000000000032
000000000000000037
7FFFFFFFFFFFFFFF38
7FFFFFFFFFFFFFFFCF
00000000000000002C
00000000000000016B
00000000000000003B
7FFFFFFFFFFFFFFFEA
0000000000000000B1
0000000000000000BA
0000000000000001AE
00000000000000016D
000000000000000068
7FFFFFFFFFFFFFFF44
000000000000000096
7FFFFFFFFFFFFFFF91
000000000000000055
000000000000000041
7FFFFFFFFFFFFFFE1D
000000000000000004
7FFFFFFFFFFFFFFEE7
00000000000000000F
000000000000000060
000000000000000181
0000000000000000ED
000000000000000057
00000000000000021D
000000000000000038
000000000000000050
7FFFFFFFFFFFFFFEE4
0000000000000000B9
7FFFFFFFFFFFFFFE99
7FFFFFFFFFFFFFFF3D
0000000000000000FB
7FFFFFFFFFFFFFFF9C
00000000000000010D
00000000000000012D
000000000000000151
000000000000000166
0000000000000000FC
7FFFFFFFFFFFFFFEF9
00000000000000001B
0000000000000001B9
000000000000000028
7FFFFFFFFFFFFFFFA4
7FFFFFFFFFFFFFFEE8
000000000000000019
00000000000000025A
000000000000000152
000000000000000150
000000000000000089
7FFFFFFFFFFFFFFE04
00000000000000010F
7FFFFFFFFFFFFFFEAE
000000000000000054
7FFFFFFFFFFFFFFF8D
7FFFFFFFFFFFFFFFDB
7FFFFFFFFFFFFFFFD1
00000000000000004B
7FFFFFFFFFFFFFFE54
0000000000000001BA
7FFFFFFFFFFFFFFF03
7FFFFFFFFFFFFFFEF8
7FFFFFFFFFFFFFFF15
7FFFFFFFFFFFFFFFD4
00000000000000018C
000000000000000020
00000000000000003E
000000000000000183
000000000000000173
0000000000000001DC
7FFFFFFFFFFFFFFFB7
7FFFFFFFFFFFFFFF90
00000000000000004B
000000000000000021
000000000000000122
7FFFFFFFFFFFFFFF6B
7FFFFFFFFFFFFFFFB3
0000000000000000C7
7FFFFFFFFFFFFFFF15
7FFFFFFFFFFFFFFFE4
7FFFFFFFFFFFFFFFB6
000000000000000138
00000000000000008A
7FFFFFFFFFFFFFFFFA
000000000000000156
7FFFFFFFFFFFFFFE57
00000000000000006F
7FFFFFFFFFFFFFFF08
000000000000000031
00000000000000028D
000000000000000002
00000000000000010A
7FFFFFFFFFFFFFFFE9
7FFFFFFFFFFFFFFFA4
0000000000000000A7
0000000000000000FB
7FFFFFFFFFFFFFFF14
00000000000000014A
7FFFFFFFFFFFFFFFEE
7FFFFFFFFFFFFFFF55
7FFFFFFFFFFFFFFFED
000000000000000061
000000000000000050
7FFFFFFFFFFFFFFF5E
7FFFFFFFFFFFFFFE17
000000000000000102
7FFFFFFFFFFFFFFE55
000000000000000117
0000000000000000D6
7FFFFFFFFFFFFFFEBF
7FFFFFFFFFFFFFFDDF
7FFFFFFFFFFFFFFF62
00000000000000006A
0000000000000000AD
7FFFFFFFFFFFFFFF75
7FFFFFFFFFFFFFFF69
7FFFFFFFFFFFFFFF24
7FFFFFFFFFFFFFFE9E
000000000000000099
000000000000000018
7FFFFFFFFFFFFFFE2C
000000000000000261
000000000000000115
7FFFFFFFFFFFFFFE82
7FFFFFFFFFFFFFFFFF
000000000000000048
7FFFFFFFFFFFFFFEFA
000000000000000063
7FFFFFFFFFFFFFFE5D
7FFFFFFFFFFFFFFFCF
7FFFFFFFFFFFFFFFFE
00000000000000017F
000000000000000203
0000000000000000E4
000000000000000225
7FFFFFFFFFFFFFFF2B
7FFFFFFFFFFFFFFF3F
7FFFFFFFFFFFFFFF1E
7FFFFFFFFFFFFFFF3E
00000000000000001B
7FFFFFFFFFFFFFFFF3
0000000000000000DF
7FFFFFFFFFFFFFFEAB
7FFFFFFFFFFFFFFF76
000000000000000008
000000000000000026
000000000000000108
7FFFFFFFFFFFFFFF45
000000000000000054
000000000000000035
00000000000000001A
00000000000000006E
7FFFFFFFFFFFFFFF63
000000000000000046
00000000000000009B
00000000000000009C
000000000000000057
7FFFFFFFFFFFFFFFCB
00000000000000009A
7FFFFFFFFFFFFFFFD1
00000000000000011F
000000000000000102
00000000000000009C
7FFFFFFFFFFFFFFF62
0000000000000000CD
7FFFFFFFFFFFFFFFF8
7FFFFFFFFFFFFFFF46
000000000000000012
7FFFFFFFFFFFFFFF91
0000000000000000E6
7FFFFFFFFFFFFFFFD9
000000000000000106
7FFFFFFFFFFFFFFF48
7FFFFFFFFFFFFFFFD3
7FFFFFFFFFFFFFFF76
7FFFFFFFFFFFFFFF10
7FFFFFFFFFFFFFFF6C
0000000000000001AF
00000000000000004C
7FFFFFFFFFFFFFFEDE
000000000000000194
000000000000000022
0000000000000000D4
0000000000000001B7
7FFFFFFFFFFFFFFF3A
0000000000000000AA
7FFFFFFFFFFFFFFF23
000000000000000055
7FFFFFFFFFFFFFFF85
0000000000000000F2
0000000000000000FF
7FFFFFFFFFFFFFFF4D
7FFFFFFFFFFFFFFF91
7FFFFFFFFFFFFFFF2E
00000000000000003A
0000000000000000BD
7FFFFFFFFFFFFFFFD5
7FFFFFFFFFFFFFFFB6
00000000000000007C
7FFFFFFFFFFFFFFFF7
7FFFFFFFFFFFFFFD99
7FFFFFFFFFFFFFFF89
7FFFFFFFFFFFFFFEBB
7FFFFFFFFFFFFFFF9B
0000000000000000B3
7FFFFFFFFFFFFFFEF9
7FFFFFFFFFFFFFFEFE
7FFFFFFFFFFFFFFFC2
000000000000000090
000000000000000015
000000000000000098
000000000000000054
000000000000000249
000000000000000193
0000000000000000AF
0000000000000000B4
7FFFFFFFFFFFFFFF4C
7FFFFFFFFFFFFFFE89
000000000000000049
7FFFFFFFFFFFFFFF86
000000000000000181
7FFFFFFFFFFFFFFE6F
7FFFFFFFFFFFFFFF01
7FFFFFFFFFFFFFFF37
0000000000000000F9
7FFFFFFFFFFFFFFF38
7FFFFFFFFFFFFFFF45
000000000000000055
7FFFFFFFFFFFFFFF5A
000000000000000092
000000000000000072
7FFFFFFFFFFFFFFFA1
0000000000000001E0
7FFFFFFFFFFFFFFFA9
00000000000000005B
00000000000000001C
00000000000000001A
7FFFFFFFFFFFFFFF9F
7FFFFFFFFFFFFFFFD5
7FFFFFFFFFFFFFFE51
7FFFFFFFFFFFFFFEAD
000000000000000173
000000000000000003
7FFFFFFFFFFFFFFFC9
0000000000000001A1
7FFFFFFFFFFFFFFD71
7FFFFFFFFFFFFFFF5B
7FFFFFFFFFFFFFFFE0
7FFFFFFFFFFFFFFF0F
7FFFFFFFFFFFFFFE82
0000000000000000B2
0000000000000000F9
7FFFFFFFFFFFFFFE58
7FFFFFFFFFFFFFFE6B
0000000000000000A5
000000000000000095
0000000000000001FC
7FFFFFFFFFFFFFFF18
00000000000000007F
7FFFFFFFFFFFFFFF88
7FFFFFFFFFFFFFFFB5
000000000000000036
00000000000000006A
7FFFFFFFFFFFFFFFBA
7FFFFFFFFFFFFFFF9B
7FFFFFFFFFFFFFFEF2
7FFFFFFFFFFFFFFFE0
0000000000000000E7
7FFFFFFFFFFFFFFE89
7FFFFFFFFFFFFFFE8A
0000000000000000C0
7FFFFFFFFFFFFFFFF7
7FFFFFFFFFFFFFFD70
7FFFFFFFFFFFFFFEFF
0000000000000000E7
7FFFFFFFFFFFFFFFD6
000000000000000041
000000000000000121
0000000000000000F3
000000000000000277
7FFFFFFFFFFFFFFEDD
7FFFFFFFFFFFFFFF5D
000000000000000139
7FFFFFFFFFFFFFFE7C
7FFFFFFFFFFFFFFFE1
7FFFFFFFFFFFFFFF45
000000000000000130
000000000000000020
7FFFFFFFFFFFFFFF01
7FFFFFFFFFFFFFFF6E
000000000000000113
7FFFFFFFFFFFFFFEC0
7FFFFFFFFFFFFFFF12
7FFFFFFFFFFFFFFEC8
0000000000000001E1
00000000000000003C
7FFFFFFFFFFFFFFE9A
7FFFFFFFFFFFFFFF45
7FFFFFFFFFFFFFFF22
7FFFFFFFFFFFFFFE6E
0000000000000000FD
000000000000000047
7FFFFFFFFFFFFFFFBC
7FFFFFFFFFFFFFFF11
7FFFFFFFFFFFFFFE79
7FFFFFFFFFFFFFFF7C
00000000000000000C
7FFFFFFFFFFFFFFFCD
000000000000000091
0000000000000000E9
00000000000000002E
7FFFFFFFFFFFFFFFB3
000000000000000206
0000000000000000F4
7FFFFFFFFFFFFFFFC7
7FFFFFFFFFFFFFFD90
000000000000000043
7FFFFFFFFFFFFFFDFD
7FFFFFFFFFFFFFFF8C
7FFFFFFFFFFFFFFDCD
000000000000000135
0000000000000000EB
7FFFFFFFFFFFFFFFF3
000000000000000069
7FFFFFFFFFFFFFFFD8
0000000000000000E7
00000000000000001C
7FFFFFFFFFFFFFFF65
7FFFFFFFFFFFFFFF55
0000000000000000B0
7FFFFFFFFFFFFFFF30
0000000000000000D6
000000000000000042
0000000000000000B0
00000000000000001F
7FFFFFFFFFFFFFFFF3
000000000000000057
7FFFFFFFFFFFFFFFBE
000000000000000014
7FFFFFFFFFFFFFFF3D
0000000000000000DC
0000000000000000C2
7FFFFFFFFFFFFFFF18
00000000000000000C
7FFFFFFFFFFFFFFF76
7FFFFFFFFFFFFFFFA1
7FFFFFFFFFFFFFFF08
000000000000000060
7FFFFFFFFFFFFFFED6
000000000000000072
00000000000000008C
000000000000000027
7FFFFFFFFFFFFFFFE0
00000000000000007A
7FFFFFFFFFFFFFFFE2
000000000000000138
7FFFFFFFFFFFFFFFE4
7FFFFFFFFFFFFFFFA0
0000000000000000B2
000000000000000105
000000000000000084
7FFFFFFFFFFFFFFEA2
0000000000000000A6
7FFFFFFFFFFFFFFFE6
00000000000000007D
0000000000000001B1
7FFFFFFFFFFFFFFEE7
000000000000000016
7FFFFFFFFFFFFFFF91
7FFFFFFFFFFFFFFF9D
0000000000000000A9
7FFFFFFFFFFFFFFFC4
000000000000000230
00000000000000000B
7FFFFFFFFFFFFFFF5A
000000000000000003
0000000000000000F1
000000000000000068
000000000000000003
7FFFFFFFFFFFFFFFD0
000000000000000050
7FFFFFFFFFFFFFFF6E
7FFFFFFFFFFFFFFF78
7FFFFFFFFFFFFFFF29
7FFFFFFFFFFFFFFEAA
7FFFFFFFFFFFFFFFD1
7FFFFFFFFFFFFFFF22
7FFFFFFFFFFFFFFFC7
7FFFFFFFFFFFFFFFA1
000000000000000068
7FFFFFFFFFFFFFFFF0
7FFFFFFFFFFFFFFF6B
7FFFFFFFFFFFFFFE2E
000000000000000149
7FFFFFFFFFFFFFFF01
0000000000000000D4
000000000000000092
0000000000000000CC
7FFFFFFFFFFFFFFF7B
00000000000000012D
0000000000000000EC
7FFFFFFFFFFFFFFF1E
7FFFFFFFFFFFFFFFAE
000000000000000145
0000000000000000B1
000000000000000154
7FFFFFFFFFFFFFFEE5
7FFFFFFFFFFFFFFDA8
7FFFFFFFFFFFFFFFFE
000000000000000030
000000000000000114
000000000000000090
7FFFFFFFFFFFFFFF72
000000000000000128
7FFFFFFFFFFFFFFF74
0000000000000000E9
00000000000000015D
7FFFFFFFFFFFFFFFC7
0000000000000000AD
00000000000000003F
7FFFFFFFFFFFFFFF4D
000000000000000174
7FFFFFFFFFFFFFFED9
0000000000000000BD
000000000000000011
7FFFFFFFFFFFFFFF9B
7FFFFFFFFFFFFFFF02
000000000000000055
7FFFFFFFFFFFFFFF9E
00000000000000022C
7FFFFFFFFFFFFFFF45
7FFFFFFFFFFFFFFF83
000000000000000130
7FFFFFFFFFFFFFFF08
000000000000000079
7FFFFFFFFFFFFFFFBC
7FFFFFFFFFFFFFFF6F
000000000000000142
000000000000000214
000000000000000103
00000000000000009C
00000000000000010D
7FFFFFFFFFFFFFFF66
7FFFFFFFFFFFFFFFD9
7FFFFFFFFFFFFFFFB3
000000000000000014
7FFFFFFFFFFFFFFE94
7FFFFFFFFFFFFFFDD0
7FFFFFFFFFFFFFFE49
0000000000000000C1
00000000000000003F
7FFFFFFFFFFFFFFFC9
00000000000000012D
7FFFFFFFFFFFFFFFEB
000000000000000038
7FFFFFFFFFFFFFFFE1
000000000000000029
00000000000000001F
7FFFFFFFFFFFFFFE1F
7FFFFFFFFFFFFFFF78
00000000000000011B
0000000000000001E5
000000000000000062
00000000000000001C
0000000000000000E7
0000000000000000C4
000000000000000026
7FFFFFFFFFFFFFFF18
7FFFFFFFFFFFFFFFB3
7FFFFFFFFFFFFFFE91
7FFFFFFFFFFFFFFEFA
7FFFFFFFFFFFFFFE08
7FFFFFFFFFFFFFFFFB
7FFFFFFFFFFFFFFFBC
000000000000000009
0000000000000000C6
00000000000000005D
7FFFFFFFFFFFFFFFBA
7FFFFFFFFFFFFFFFF3
7FFFFFFFFFFFFFFEA2
000000000000000070
00000000000000001E
7FFFFFFFFFFFFFFFF0
000000000000000037
7FFFFFFFFFFFFFFFC2
7FFFFFFFFFFFFFFECE
7FFFFFFFFFFFFFFFCC
000000000000000115
000000000000000288
000000000000000089
0000000000000000D6
0000000000000001BC
000000000000000156
7FFFFFFFFFFFFFFFF2
7FFFFFFFFFFFFFFF18
0000000000000000B5
7FFFFFFFFFFFFFFEFD
000000000000000026
000000000000000078
00000000000000019E
7FFFFFFFFFFFFFFF4F
000000000000000095
000000000000000264
000000000000000100
0000000000000001A6
00000000000000003C
7FFFFFFFFFFFFFFE71
0000000000000000C9
7FFFFFFFFFFFFFFFA1
7FFFFFFFFFFFFFFF72
000000000000000196
000000000000000066
7FFFFFFFFFFFFFFD8A
000000000000000050
0000000000000001F4
00000000000000010B
7FFFFFFFFFFFFFFF12
7FFFFFFFFFFFFFFF7A
7FFFFFFFFFFFFFFEB5
7FFFFFFFFFFFFFFF02
7FFFFFFFFFFFFFFF14
00000000000000003E
7FFFFFFFFFFFFFFEC4
7FFFFFFFFFFFFFFFFB
0000000000000000D1
000000000000000003
0000000000000000CF
7FFFFFFFFFFFFFFFF9
7FFFFFFFFFFFFFFFE8
0000000000000000DA
00000000000000002D
7FFFFFFFFFFFFFFF71
000000000000000015
7FFFFFFFFFFFFFFFE1
000000000000000207
0000000000000001CC
0000000000000000AE
7FFFFFFFFFFFFFFE46
000000000000000034
7FFFFFFFFFFFFFFF34
000000000000000004
00000000000000001D
7FFFFFFFFFFFFFFFB5
7FFFFFFFFFFFFFFFF9
7FFFFFFFFFFFFFFF74
00000000000000000A
000000000000000142
000000000000000019
000000000000000052
7FFFFFFFFFFFFFFFD9
000000000000000065
0000000000000000C4
000000000000000011
7FFFFFFFFFFFFFFDF4
000000000000000110
000000000000000068
000000000000000036
7FFFFFFFFFFFFFFFEF
7FFFFFFFFFFFFFFFB0
00000000000000006D
00000000000000002C
7FFFFFFFFFFFFFFFB2
7FFFFFFFFFFFFFFF6F
00000000000000009D
7FFFFFFFFFFFFFFF62
0000000000000000D5
7FFFFFFFFFFFFFFE82
7FFFFFFFFFFFFFFD88
000000000000000141
000000000000000216
0000000000000001B8
000000000000000003
000000000000000235
000000000000000124
000000000000000019
000000000000000171
7FFFFFFFFFFFFFFF11
00000000000000012E
7FFFFFFFFFFFFFFF9F
7FFFFFFFFFFFFFFFC4
0000000000000001A7
7FFFFFFFFFFFFFFF61
7FFFFFFFFFFFFFFF99
7FFFFFFFFFFFFFFF36
000000000000000285
0000000000000000D2
0000000000000000D6
000000000000000227
000000000000000039
7FFFFFFFFFFFFFFF88
7FFFFFFFFFFFFFFF4F
00000000000000012C
000000000000000044
00000000000000003C
00000000000000001C
7FFFFFFFFFFFFFFF0E
0000000000000000ED
000000000000000145
7FFFFFFFFFFFFFFFD6
7FFFFFFFFFFFFFFFCA
7FFFFFFFFFFFFFFEDA
7FFFFFFFFFFFFFFEDC
0000000000000001C2
0000000000000000C3
7FFFFFFFFFFFFFFF97
7FFFFFFFFFFFFFFF07
000000000000000086
000000000000000081
000000000000000003
7FFFFFFFFFFFFFFE7B
0000000000000000B6
0000000000000001ED
000000000000000137
0000000000000000B8
7FFFFFFFFFFFFFFFBA
000000000000000023
0000000000000000BD
7FFFFFFFFFFFFFFF9E
7FFFFFFFFFFFFFFF93
0000000000000000D7
7FFFFFFFFFFFFFFF0D
7FFFFFFFFFFFFFFFB3
7FFFFFFFFFFFFFFFEF
000000000000000015
00000000000000020B
7FFFFFFFFFFFFFFDE5
0000000000000000B4
7FFFFFFFFFFFFFFFB5
0000000000000000B1
000000000000000139
7FFFFFFFFFFFFFFE56
0000000000000001A8
7FFFFFFFFFFFFFFFD7
000000000000000042
7FFFFFFFFFFFFFFF3A
0000000000000000D0
7FFFFFFFFFFFFFFF9B
000000000000000028
000000000000000115
7FFFFFFFFFFFFFFF07
7FFFFFFFFFFFFFFFB2
000000000000000125
7FFFFFFFFFFFFFFE0E
7FFFFFFFFFFFFFFFFA
000000000000000101
00000000000000004F
7FFFFFFFFFFFFFFFF8
00000000000000018E
00000000000000009D
00000000000000007A
0000000000000001FB
7FFFFFFFFFFFFFFF54
7FFFFFFFFFFFFFFD8D
00000000000000011F
7FFFFFFFFFFFFFFDE7
00000000000000003B
000000000000000008
7FFFFFFFFFFFFFFF1B
7FFFFFFFFFFFFFFF3C
7FFFFFFFFFFFFFFEFE
7FFFFFFFFFFFFFFE9E
7FFFFFFFFFFFFFFF5E
0000000000000000A8
000000000000000117
7FFFFFFFFFFFFFFFC4
7FFFFFFFFFFFFFFFC5
000000000000000009
000000000000000051
7FFFFFFFFFFFFFFEBF
0000000000000001C4
00000000000000007C
000000000000000069
7FFFFFFFFFFFFFFFD5
00000000000000006D
7FFFFFFFFFFFFFFF8D
7FFFFFFFFFFFFFFF78
0000000000000000AB
000000000000000043
0000000000000001B8
00000000000000003B
7FFFFFFFFFFFFFFFBF
00000000000000010C
7FFFFFFFFFFFFFFF49
000000000000000116
7FFFFFFFFFFFFFFFC5
7FFFFFFFFFFFFFFE02
0000000000000000FA
7FFFFFFFFFFFFFFFB5
7FFFFFFFFFFFFFFFCA
0000000000000000CD
7FFFFFFFFFFFFFFF31
0000000000000001BB
7FFFFFFFFFFFFFFF4B
000000000000000040
7FFFFFFFFFFFFFFFC1
7FFFFFFFFFFFFFFF76
00000000000000012D
00000000000000021A
7FFFFFFFFFFFFFFDCC
7FFFFFFFFFFFFFFF28
7FFFFFFFFFFFFFFF6C
00000000000000009D
7FFFFFFFFFFFFFFE24
7FFFFFFFFFFFFFFED8
0000000000000002A6
00000000000000004F
000000000000000189
0000000000000000DB
000000000000000061
7FFFFFFFFFFFFFFF28
7FFFFFFFFFFFFFFF40
0000000000000001BC
000000000000000095
7FFFFFFFFFFFFFFF03
000000000000000014
7FFFFFFFFFFFFFFFB9
000000000000000094
7FFFFFFFFFFFFFFF8F
7FFFFFFFFFFFFFFFFC
7FFFFFFFFFFFFFFF90
7FFFFFFFFFFFFFFF0C
7FFFFFFFFFFFFFFEDA
7FFFFFFFFFFFFFFF73
00000000000000004C
7FFFFFFFFFFFFFFEE0
7FFFFFFFFFFFFFFFED
7FFFFFFFFFFFFFFFB8
7FFFFFFFFFFFFFFF2F
7FFFFFFFFFFFFFFFE0
7FFFFFFFFFFFFFFF7D
7FFFFFFFFFFFFFFE82
000000000000000033
7FFFFFFFFFFFFFFFF8
7FFFFFFFFFFFFFFFBB
7FFFFFFFFFFFFFFF8E
7FFFFFFFFFFFFFFFFC
7FFFFFFFFFFFFFFEE5
00000000000000002D
000000000000000010
000000000000000057
7FFFFFFFFFFFFFFF27
7FFFFFFFFFFFFFFFF4
7FFFFFFFFFFFFFFE68
7FFFFFFFFFFFFFFE49
7FFFFFFFFFFFFFFE40
000000000000000072
7FFFFFFFFFFFFFFF7E
0000000000000000C6
000000000000000043
000000000000000060
00000000000000001B
000000000000000047
0000000000000000F1
000000000000000035
000000000000000066
00000000000000007C
000000000000000006
7FFFFFFFFFFFFFFEDA
7FFFFFFFFFFFFFFF37
7FFFFFFFFFFFFFFEF5
000000000000000016
00000000000000003A
000000000000000077
000000000000000011
000000000000000019
000000000000000000
00000000000000000E
000000000000000068
00000000000000001F
00000000000000005C
7FFFFFFFFFFFFFFEF7
7FFFFFFFFFFFFFFFBE
000000000000000057
000000000000000047
000000000000000005
7FFFFFFFFFFFFFFFEF
00000000000000001E
0000000000000000A5
000000000000000090
0000000000000000BC
000000000000000090
000000000000000128
000000000000000133
7FFFFFFFFFFFFFFF9E
00000000000000007D
7FFFFFFFFFFFFFFEC8
00000000000000010B
7FFFFFFFFFFFFFFEDD
7FFFFFFFFFFFFFFF6D
00000000000000012C
7FFFFFFFFFFFFFFFD9
7FFFFFFFFFFFFFFF98
00000000000000021E
000000000000000106
7FFFFFFFFFFFFFFFB2
7FFFFFFFFFFFFFFFAE
7FFFFFFFFFFFFFFEB6
000000000000000012
0000000000000000BB
7FFFFFFFFFFFFFFF77
7FFFFFFFFFFFFFFF67
7FFFFFFFFFFFFFFE87
7FFFFFFFFFFFFFFF85
0000000000000000F8
7FFFFFFFFFFFFFFF5A
00000000000000014C
0000000000000000ED
00000000000000003F
0000000000000001A9
00000000000000000F
000000000000000071
7FFFFFFFFFFFFFFFED
7FFFFFFFFFFFFFFFA3
00000000000000010E
7FFFFFFFFFFFFFFF92
00000000000000019C
000000000000000050
000000000000000105
000000000000000040
7FFFFFFFFFFFFFFFBC
7FFFFFFFFFFFFFFFA2
000000000000000003
00000000000000000A
0000000000000000A4
7FFFFFFFFFFFFFFFD9
7FFFFFFFFFFFFFFF2B
7FFFFFFFFFFFFFFFBC
000000000000000114
7FFFFFFFFFFFFFFF50
7FFFFFFFFFFFFFFDB3
0000000000000000A9
7FFFFFFFFFFFFFFEC2
000000000000000266
00000000000000005F
000000000000000159
7FFFFFFFFFFFFFFE54
00000000000000007C
00000000000000007C
7FFFFFFFFFFFFFFF0F
7FFFFFFFFFFFFFFE49
7FFFFFFFFFFFFFFE44
0000000000000001AE
0000000000000001DC
00000000000000007C
7FFFFFFFFFFFFFFF83
000000000000000034
000000000000000109
7FFFFFFFFFFFFFFF48
0000000000000000F2
0000000000000000D1
00000000000000004A
7FFFFFFFFFFFFFFF18
000000000000000075
000000000000000103
000000000000000040
7FFFFFFFFFFFFFFF94
7FFFFFFFFFFFFFFF75
00000000000000008A
7FFFFFFFFFFFFFFE79
7FFFFFFFFFFFFFFF11
7FFFFFFFFFFFFFFFF9
0000000000000002B3
0000000000000000D8
7FFFFFFFFFFFFFFECC
00000000000000007A
000000000000000086
7FFFFFFFFFFFFFFF9A
7FFFFFFFFFFFFFFE18
0000000000000000AC
7FFFFFFFFFFFFFFF14
7FFFFFFFFFFFFFFFB2
000000000000000019
7FFFFFFFFFFFFFFF12
00000000000000015D
000000000000000107
00000000000000000B
000000000000000133
7FFFFFFFFFFFFFFF6E
000000000000000001
0000000000000002CC
00000000000000004B
000000000000000126
0000000000000000DA
7FFFFFFFFFFFFFFFCE
7FFFFFFFFFFFFFFF60
00000000000000013F
00000000000000001B
00000000000000011D
7FFFFFFFFFFFFFFE03
00000000000000018A
00000000000000008E
7FFFFFFFFFFFFFFE1B
0000000000000000EF
000000000000000108
7FFFFFFFFFFFFFFEA6
7FFFFFFFFFFFFFFF86
7FFFFFFFFFFFFFFE5C
0000000000000000C8
7FFFFFFFFFFFFFFF7F
7FFFFFFFFFFFFFFFEA
00000000000000007C
0000000000000000CF
7FFFFFFFFFFFFFFF80
7FFFFFFFFFFFFFFF3B
000000000000000018
7FFFFFFFFFFFFFFFD7
000000000000000043
7FFFFFFFFFFFFFFEC0
0000000000000000B5
000000000000000030
7FFFFFFFFFFFFFFFAE
000000000000000186
7FFFFFFFFFFFFFFF63
7FFFFFFFFFFFFFFFDD
000000000000000015
00000000000000010B
000000000000000101
7FFFFFFFFFFFFFFFB4
7FFFFFFFFFFFFFFF13
000000000000000039
7FFFFFFFFFFFFFFE67
7FFFFFFFFFFFFFFF47
7FFFFFFFFFFFFFFF7C
000000000000000010
7FFFFFFFFFFFFFFFAF
7FFFFFFFFFFFFFFD9B
7FFFFFFFFFFFFFFEF6
00000000000000019F
7FFFFFFFFFFFFFFF9C
0000000000000000C1
7FFFFFFFFFFFFFFEF4
00000000000000007C
7FFFFFFFFFFFFFFF6A
0000000000000000F1
7FFFFFFFFFFFFFFE89
7FFFFFFFFFFFFFFDFC
7FFFFFFFFFFFFFFF6F
000000000000000161
7FFFFFFFFFFFFFFFE9
000000000000000125
7FFFFFFFFFFFFFFCCD
7FFFFFFFFFFFFFFE8E
7FFFFFFFFFFFFFFD2E
7FFFFFFFFFFFFFFF47
000000000000000090
000000000000000105
00000000000000010F
7FFFFFFFFFFFFFFF42
7FFFFFFFFFFFFFFEC7
00000000000000010A
0000000000000000A4
7FFFFFFFFFFFFFFF44
00000000000000013E
0000000000000000DB
7FFFFFFFFFFFFFFFEC
7FFFFFFFFFFFFFFF9C
7FFFFFFFFFFFFFFF36
0000000000000000B0
7FFFFFFFFFFFFFFF7C
7FFFFFFFFFFFFFFF30
7FFFFFFFFFFFFFFE79
000000000000000036
00000000000000017F
7FFFFFFFFFFFFFFFC5
000000000000000043
7FFFFFFFFFFFFFFF81
7FFFFFFFFFFFFFFF3D
000000000000000159
7FFFFFFFFFFFFFFE3A
7FFFFFFFFFFFFFFF91
7FFFFFFFFFFFFFFFD9
7FFFFFFFFFFFFFFFE5
00000000000000007C
0000000000000000A9
7FFFFFFFFFFFFFFFEB
000000000000000068
7FFFFFFFFFFFFFFE5A
7FFFFFFFFFFFFFFE61
7FFFFFFFFFFFFFFF6E
00000000000000010A
0000000000000000BC
000000000000000103
0000000000000001BA
00000000000000022C
7FFFFFFFFFFFFFFFB1
00000000000000003D
7FFFFFFFFFFFFFFFD9
7FFFFFFFFFFFFFFEE0
000000000000000012
7FFFFFFFFFFFFFFF2A
7FFFFFFFFFFFFFFFD2
7FFFFFFFFFFFFFFF3D
7FFFFFFFFFFFFFFFCE
0000000000000000AE
0000000000000000C1
7FFFFFFFFFFFFFFDC9
7FFFFFFFFFFFFFFF13
00000000000000007F
7FFFFFFFFFFFFFFF0D
7FFFFFFFFFFFFFFF0E
7FFFFFFFFFFFFFFF18
7FFFFFFFFFFFFFFF94
000000000000000022
00000000000000006F
7FFFFFFFFFFFFFFFDD
7FFFFFFFFFFFFFFFE1
7FFFFFFFFFFFFFFE5B
7FFFFFFFFFFFFFFEB8
7FFFFFFFFFFFFFFF94
7FFFFFFFFFFFFFFEF9
00000000000000004A
0000000000000000F8
7FFFFFFFFFFFFFFFF1
000000000000000036
0000000000000000C6
7FFFFFFFFFFFFFFF5D
0000000000000000C9
7FFFFFFFFFFFFFFFF6
7FFFFFFFFFFFFFFEFA
0000000000000000EA
00000000000000000E
7FFFFFFFFFFFFFFF9E
7FFFFFFFFFFFFFFFB2
7FFFFFFFFFFFFFFD6A
0000000000000001F5
000000000000000256
7FFFFFFFFFFFFFFF74
00000000000000007D
7FFFFFFFFFFFFFFF0D
7FFFFFFFFFFFFFFF99
7FFFFFFFFFFFFFFEE9
000000000000000131
0000000000000000E5
000000000000000041
0000000000000001D5
0000000000000000F4
7FFFFFFFFFFFFFFEDE
000000000000000107
7FFFFFFFFFFFFFFFA2
00000000000000005C
7FFFFFFFFFFFFFFD29
7FFFFFFFFFFFFFFFA5
000000000000000062
7FFFFFFFFFFFFFFEEA
000000000000000035
00000000000000005F
000000000000000291
00000000000000013A
00000000000000002F
7FFFFFFFFFFFFFFFD3
7FFFFFFFFFFFFFFEA3
00000000000000005D
7FFFFFFFFFFFFFFE1F
7FFFFFFFFFFFFFFE69
7FFFFFFFFFFFFFFFDF
00000000000000004B
7FFFFFFFFFFFFFFFB7
7FFFFFFFFFFFFFFFD5
000000000000000016
7FFFFFFFFFFFFFFFA8
7FFFFFFFFFFFFFFF37
7FFFFFFFFFFFFFFF51
7FFFFFFFFFFFFFFFCB
7FFFFFFFFFFFFFFED4
7FFFFFFFFFFFFFFE5C
000000000000000015
7FFFFFFFFFFFFFFE60
000000000000000038
000000000000000018
000000000000000186
0000000000000000F2
7FFFFFFFFFFFFFFFF0
7FFFFFFFFFFFFFFF62
0000000000000000D5
000000000000000092
000000000000000178
000000000000000075
0000000000000000CB
7FFFFFFFFFFFFFFF7D
000000000000000116
0000000000000000BA
00000000000000002A
7FFFFFFFFFFFFFFEBA
7FFFFFFFFFFFFFFFC9
00000000000000000D
7FFFFFFFFFFFFFFECA
000000000000000111
7FFFFFFFFFFFFFFFC1
00000000000000004D
0000000000000000BF
7FFFFFFFFFFFFFFF98
7FFFFFFFFFFFFFFF7A
7FFFFFFFFFFFFFFFFB
000000000000000053
00000000000000004D
7FFFFFFFFFFFFFFE0E
000000000000000088
0000000000000000C7
7FFFFFFFFFFFFFFF3C
0000000000000000F9
0000000000000000B2
7FFFFFFFFFFFFFFF30
0000000000000000CB
7FFFFFFFFFFFFFFFB2
0000000000000000ED
000000000000000135
00000000000000016E
7FFFFFFFFFFFFFFF75
7FFFFFFFFFFFFFFF52
7FFFFFFFFFFFFFFF54
000000000000000011
7FFFFFFFFFFFFFFE29
7FFFFFFFFFFFFFFF7A
7FFFFFFFFFFFFFFEA1
7FFFFFFFFFFFFFFFDF
7FFFFFFFFFFFFFFFEB
7FFFFFFFFFFFFFFF55
00000000000000029D
7FFFFFFFFFFFFFFF66
000000000000000132
7FFFFFFFFFFFFFFFA6
00000000000000001A
0000000000000001A6
7FFFFFFFFFFFFFFF83
000000000000000031
000000000000000082
7FFFFFFFFFFFFFFFFF
0000000000000001AB
0000000000000001A2
7FFFFFFFFFFFFFFF17
0000000000000001E7
000000000000000023
7FFFFFFFFFFFFFFF26
00000000000000003E
000000000000000115
0000000000000002C7
00000000000000008D
000000000000000122
0000000000000001AE
7FFFFFFFFFFFFFFFFA
7FFFFFFFFFFFFFFE6A
000000000000000035
00000000000000019D
7FFFFFFFFFFFFFFFA2
00000000000000008B
00000000000000022F
7FFFFFFFFFFFFFFEE7
7FFFFFFFFFFFFFFE51
000000000000000124
000000000000000093
7FFFFFFFFFFFFFFF4E
7FFFFFFFFFFFFFFECA
00000000000000004B
000000000000000136
7FFFFFFFFFFFFFFFBB
7FFFFFFFFFFFFFFFC1
7FFFFFFFFFFFFFFEF5
000000000000000057
7FFFFFFFFFFFFFFD76
00000000000000008F
00000000000000017B
7FFFFFFFFFFFFFFE70
7FFFFFFFFFFFFFFFE3
000000000000000011
7FFFFFFFFFFFFFFFF8
00000000000000003C
0000000000000000C5
0000000000000000BE
7FFFFFFFFFFFFFFF21
000000000000000198
000000000000000107
000000000000000030
7FFFFFFFFFFFFFFEDF
7FFFFFFFFFFFFFFFEE
7FFFFFFFFFFFFFFF0B
000000000000000065
7FFFFFFFFFFFFFFF83
000000000000000082
7FFFFFFFFFFFFFFF6B
00000000000000012D
000000000000000071
00000000000000000F
7FFFFFFFFFFFFFFF90
000000000000000159
7FFFFFFFFFFFFFFEBE
7FFFFFFFFFFFFFFE4E
7FFFFFFFFFFFFFFDEF
7FFFFFFFFFFFFFFF67
7FFFFFFFFFFFFFFF93
7FFFFFFFFFFFFFFF7A
7FFFFFFFFFFFFFFEFF
7FFFFFFFFFFFFFFFC3
7FFFFFFFFFFFFFFF0E
000000000000000261
000000000000000133
7FFFFFFFFFFFFFFFCD
7FFFFFFFFFFFFFFEB6
00000000000000014A
000000000000000132
7FFFFFFFFFFFFFFFDB
000000000000000023
00000000000000004F
000000000000000021
00000000000000007A
000000000000000197
000000000000000071
00000000000000015A
000000000000000063
7FFFFFFFFFFFFFFFF5
000000000000000168
000000000000000043
7FFFFFFFFFFFFFFE41
000000000000000076
7FFFFFFFFFFFFFFFB8
7FFFFFFFFFFFFFFFF8
0000000000000000B0
000000000000000091
0000000000000000ED
7FFFFFFFFFFFFFFFA3
7FFFFFFFFFFFFFFF7B
7FFFFFFFFFFFFFFFB2
7FFFFFFFFFFFFFFF5C
000000000000000057
7FFFFFFFFFFFFFFF74
7FFFFFFFFFFFFFFEBD
7FFFFFFFFFFFFFFF79
7FFFFFFFFFFFFFFF65
7FFFFFFFFFFFFFFF20
7FFFFFFFFFFFFFFFB2
0000000000000000B5
7FFFFFFFFFFFFFFF54
7FFFFFFFFFFFFFFE71
00000000000000009D
7FFFFFFFFFFFFFFF6A
000000000000000105
00000000000000005C
0000000000000000AE
0000000000000000B2
7FFFFFFFFFFFFFFFEE
7FFFFFFFFFFFFFFFA8
7FFFFFFFFFFFFFFE53
7FFFFFFFFFFFFFFFEE
00000000000000007A
7FFFFFFFFFFFFFFFCA
7FFFFFFFFFFFFFFFC8
000000000000000060
7FFFFFFFFFFFFFFF57
0000000000000000AA
00000000000000002A
7FFFFFFFFFFFFFFFD6
7FFFFFFFFFFFFFFEFA
7FFFFFFFFFFFFFFF90
7FFFFFFFFFFFFFFEE3
7FFFFFFFFFFFFFFF97
7FFFFFFFFFFFFFFFBE
7FFFFFFFFFFFFFFE02
000000000000000076
000000000000000081
7FFFFFFFFFFFFFFF65
00000000000000009C
7FFFFFFFFFFFFFFF8C
000000000000000068
0000000000000000D7
0000000000000000CA
00000000000000012B
7FFFFFFFFFFFFFFF7C
7FFFFFFFFFFFFFFF59
7FFFFFFFFFFFFFFEB2
000000000000000013
7FFFFFFFFFFFFFFFFD
7FFFFFFFFFFFFFFF0C
7FFFFFFFFFFFFFFE18
00000000000000000A
7FFFFFFFFFFFFFFF7C
00000000000000016C
000000000000000185
7FFFFFFFFFFFFFFF80
000000000000000013
7FFFFFFFFFFFFFFFE8
0000000000000000C6
7FFFFFFFFFFFFFFE56
7FFFFFFFFFFFFFFFA1
7FFFFFFFFFFFFFFEF2
7FFFFFFFFFFFFFFF08
7FFFFFFFFFFFFFFFC1
7FFFFFFFFFFFFFFE13
0000000000000000C9
000000000000000055
00000000000000013B
000000000000000067
000000000000000021
00000000000000015C
7FFFFFFFFFFFFFFFF6
7FFFFFFFFFFFFFFE3A
7FFFFFFFFFFFFFFFC8
0000000000000000E3
00000000000000010B
7FFFFFFFFFFFFFFF96
0000000000000000F4
000000000000000010
000000000000000147
0000000000000000E2
7FFFFFFFFFFFFFFFD8
7FFFFFFFFFFFFFFE92
0000000000000000C8
7FFFFFFFFFFFFFFEBA
00000000000000016B
000000000000000008
7FFFFFFFFFFFFFFF96
000000000000000061
7FFFFFFFFFFFFFFD94
7FFFFFFFFFFFFFFEA6
00000000000000026E
7FFFFFFFFFFFFFFFF6
7FFFFFFFFFFFFFFFE2
00000000000000009D
00000000000000007A
7FFFFFFFFFFFFFFF5B
7FFFFFFFFFFFFFFF24
7FFFFFFFFFFFFFFFC5
0000000000000000DF
7FFFFFFFFFFFFFFFD5
7FFFFFFFFFFFFFFFA4
000000000000000086
7FFFFFFFFFFFFFFF62
0000000000000000D7
0000000000000001FF
000000000000000065
000000000000000117
7FFFFFFFFFFFFFFED8
000000000000000118
7FFFFFFFFFFFFFFFE7
7FFFFFFFFFFFFFFF53
000000000000000076
7FFFFFFFFFFFFFFF32
7FFFFFFFFFFFFFFF8D
7FFFFFFFFFFFFFFF6F
000000000000000063
000000000000000045
00000000000000005B
7FFFFFFFFFFFFFFF6C
00000000000000019D
00000000000000009F
000000000000000150
0000000000000000D5
7FFFFFFFFFFFFFFF49
7FFFFFFFFFFFFFFF78
7FFFFFFFFFFFFFFF3B
00000000000000001A
0000000000000000DF
0000000000000000C9
7FFFFFFFFFFFFFFDC5
000000000000000042
00000000000000006D
7FFFFFFFFFFFFFFEE1
7FFFFFFFFFFFFFFF4D
7FFFFFFFFFFFFFFEE9
7FFFFFFFFFFFFFFEF7
7FFFFFFFFFFFFFFF9B
7FFFFFFFFFFFFFFF07
7FFFFFFFFFFFFFFFC8
00000000000000001F
7FFFFFFFFFFFFFFFFD
00000000000000001E
00000000000000001C
7FFFFFFFFFFFFFFFEA
000000000000000014
7FFFFFFFFFFFFFFFDC
7FFFFFFFFFFFFFFF7C
000000000000000068
0000000000000000B7
7FFFFFFFFFFFFFFF8D
000000000000000057
000000000000000079
7FFFFFFFFFFFFFFFDE
7FFFFFFFFFFFFFFFD5
7FFFFFFFFFFFFFFFE7
0000000000000000B1
7FFFFFFFFFFFFFFF5C
7FFFFFFFFFFFFFFE6F
00000000000000005E
7FFFFFFFFFFFFFFFEA
0000000000000000B3
00000000000000000D
7FFFFFFFFFFFFFFE99
0000000000000000FB
00000000000000009B
7FFFFFFFFFFFFFFFBA
000000000000000171
7FFFFFFFFFFFFFFDB7
000000000000000021
7FFFFFFFFFFFFFFF73
000000000000000022
000000000000000078
7FFFFFFFFFFFFFFFE9
7FFFFFFFFFFFFFFF6A
7FFFFFFFFFFFFFFE40
00000000000000006E
7FFFFFFFFFFFFFFF58
7FFFFFFFFFFFFFFDF8
00000000000000009F
7FFFFFFFFFFFFFFF5A
7FFFFFFFFFFFFFFF8B
000000000000000057
7FFFFFFFFFFFFFFE7C
7FFFFFFFFFFFFFFF5C
000000000000000033
7FFFFFFFFFFFFFFF44
00000000000000017F
00000000000000007A
000000000000000131
7FFFFFFFFFFFFFFF02
0000000000000000AD
7FFFFFFFFFFFFFFFDC
0000000000000000F5
0000000000000000A0
7FFFFFFFFFFFFFFF4C
000000000000000038
7FFFFFFFFFFFFFFF80
0000000000000000AB
7FFFFFFFFFFFFFFFA0
00000000000000006E
7FFFFFFFFFFFFFFF82
7FFFFFFFFFFFFFFE5F
0000000000000001AD
7FFFFFFFFFFFFFFF65
7FFFFFFFFFFFFFFFC9
7FFFFFFFFFFFFFFFE4
000000000000000134
00000000000000018C
00000000000000018F
000000000000000117
0000000000000000C3
000000000000000269
7FFFFFFFFFFFFFFECF
7FFFFFFFFFFFFFFFB2
0000000000000000E0
000000000000000124
000000000000000046
7FFFFFFFFFFFFFFE7D
0000000000000000C9
000000000000000027
000000000000000187
7FFFFFFFFFFFFFFFE0
7FFFFFFFFFFFFFFFF3
0000000000000000B9
7FFFFFFFFFFFFFFF93
00000000000000001B
00000000000000014D
7FFFFFFFFFFFFFFF09
00000000000000001F
000000000000000172
000000000000000148
7FFFFFFFFFFFFFFF07
7FFFFFFFFFFFFFFE76
00000000000000013D
00000000000000014F
7FFFFFFFFFFFFFFFBF
0000000000000000A1
00000000000000010E
7FFFFFFFFFFFFFFF5D
000000000000000005
7FFFFFFFFFFFFFFFD0
7FFFFFFFFFFFFFFE25
7FFFFFFFFFFFFFFF42
7FFFFFFFFFFFFFFFAB
0000000000000001E8
7FFFFFFFFFFFFFFF98
0000000000000000B8
000000000000000026
7FFFFFFFFFFFFFFE54
0000000000000002B7
000000000000000236
7FFFFFFFFFFFFFFEB4
0000000000000000C2
0000000000000000A1
00000000000000004E
0000000000000000D4
00000000000000022D
000000000000000050
7FFFFFFFFFFFFFFF57
000000000000000026
7FFFFFFFFFFFFFFE86
0000000000000000C2
0000000000000000C8
7FFFFFFFFFFFFFFEE0
0000000000000000B2
7FFFFFFFFFFFFFFEA3
00000000000000006F
7FFFFFFFFFFFFFFF09
0000000000000000E4
7FFFFFFFFFFFFFFFF6
7FFFFFFFFFFFFFFE8C
7FFFFFFFFFFFFFFFB1
7FFFFFFFFFFFFFFF99
000000000000000017
7FFFFFFFFFFFFFFFAB
7FFFFFFFFFFFFFFF44
0000000000000000F3
0000000000000001A9
7FFFFFFFFFFFFFFF12
7FFFFFFFFFFFFFFFAD
7FFFFFFFFFFFFFFF29
00000000000000002E
7FFFFFFFFFFFFFFFA0
000000000000000024
7FFFFFFFFFFFFFFEA9
000000000000000110
0000000000000001B9
7FFFFFFFFFFFFFFE0C
0000000000000000A2
7FFFFFFFFFFFFFFEF9
7FFFFFFFFFFFFFFED4
000000000000000094
7FFFFFFFFFFFFFFFEF
7FFFFFFFFFFFFFFFA2
7FFFFFFFFFFFFFFF97
7FFFFFFFFFFFFFFF65
00000000000000026B
000000000000000078
0000000000000000BC
7FFFFFFFFFFFFFFF4A
7FFFFFFFFFFFFFFE17
7FFFFFFFFFFFFFFEE4
000000000000000088
00000000000000006C
00000000000000002F
000000000000000003
7FFFFFFFFFFFFFFFA5
7FFFFFFFFFFFFFFF47
7FFFFFFFFFFFFFFFF4
000000000000000070
7FFFFFFFFFFFFFFF44
7FFFFFFFFFFFFFFEF7
7FFFFFFFFFFFFFFFD3
000000000000000089
0000000000000000AE
000000000000000007
000000000000000196
7FFFFFFFFFFFFFFFAB
00000000000000002F
7FFFFFFFFFFFFFFF4B
7FFFFFFFFFFFFFFFD6
0000000000000000AA
7FFFFFFFFFFFFFFEF3
00000000000000001A
00000000000000013F
00000000000000002B
000000000000000057
7FFFFFFFFFFFFFFF19
0000000000000000E1
7FFFFFFFFFFFFFFF12
000000000000000089
7FFFFFFFFFFFFFFEBF
000000000000000056
7FFFFFFFFFFFFFFFB2
00000000000000005E
7FFFFFFFFFFFFFFF63
000000000000000084
7FFFFFFFFFFFFFFED2
000000000000000035
7FFFFFFFFFFFFFFE26
00000000000000006D
7FFFFFFFFFFFFFFF66
7FFFFFFFFFFFFFFF67
0000000000000000CF
7FFFFFFFFFFFFFFFD5
000000000000000005
7FFFFFFFFFFFFFFFA0
7FFFFFFFFFFFFFFFE2
7FFFFFFFFFFFFFFED4
000000000000000088
7FFFFFFFFFFFFFFF08
7FFFFFFFFFFFFFFF45
7FFFFFFFFFFFFFFED5
7FFFFFFFFFFFFFFFD1
00000000000000017C
00000000000000000F
00000000000000000E
000000000000000019
0000000000000000B6
000000000000000054
000000000000000119
00000000000000004F
7FFFFFFFFFFFFFFEF7
0000000000000001A4
7FFFFFFFFFFFFFFFF4
0000000000000000DB
7FFFFFFFFFFFFFFF9B
7FFFFFFFFFFFFFFE33
0000000000000000E4
000000000000000046
00000000000000006B
7FFFFFFFFFFFFFFF8A
7FFFFFFFFFFFFFFF76
0000000000000000D0
7FFFFFFFFFFFFFFF5C
7FFFFFFFFFFFFFFE99
7FFFFFFFFFFFFFFE0B
7FFFFFFFFFFFFFFFD5
7FFFFFFFFFFFFFFE11
7FFFFFFFFFFFFFFF28
0000000000000000AE
7FFFFFFFFFFFFFFFE7
7FFFFFFFFFFFFFFEF5
00000000000000003D
7FFFFFFFFFFFFFFF99
000000000000000095
7FFFFFFFFFFFFFFEFA
0000000000000000A3
7FFFFFFFFFFFFFFF5F
000000000000000019
00000000000000007F
7FFFFFFFFFFFFFFE3C
7FFFFFFFFFFFFFFEC4
000000000000000044
000000000000000056
7FFFFFFFFFFFFFFF49
0000000000000000D5
7FFFFFFFFFFFFFFF45
7FFFFFFFFFFFFFFEDB
7FFFFFFFFFFFFFFF86
00000000000000001B
7FFFFFFFFFFFFFFF1B
7FFFFFFFFFFFFFFF7D
00000000000000003E
000000000000000038
000000000000000198
7FFFFFFFFFFFFFFFEF
7FFFFFFFFFFFFFFEB6
7FFFFFFFFFFFFFFEF0
7FFFFFFFFFFFFFFF50
7FFFFFFFFFFFFFFFFE
7FFFFFFFFFFFFFFFAA
00000000000000009A
7FFFFFFFFFFFFFFFD8
7FFFFFFFFFFFFFFF2C
00000000000000007A
00000000000000008C
000000000000000182
7FFFFFFFFFFFFFFFEF
7FFFFFFFFFFFFFFFCD
000000000000000013
7FFFFFFFFFFFFFFF8D
7FFFFFFFFFFFFFFF94
7FFFFFFFFFFFFFFEAE
00000000000000007E
000000000000000137
000000000000000016
7FFFFFFFFFFFFFFFDC
7FFFFFFFFFFFFFFFFA
0000000000000000B2
7FFFFFFFFFFFFFFFD0
7FFFFFFFFFFFFFFEF5
0000000000000001E3
00000000000000016B
7FFFFFFFFFFFFFFEBC
7FFFFFFFFFFFFFFFAD
7FFFFFFFFFFFFFFED6
7FFFFFFFFFFFFFFF39
7FFFFFFFFFFFFFFE8F
7FFFFFFFFFFFFFFECC
000000000000000154
7FFFFFFFFFFFFFFF58
0000000000000002E4
7FFFFFFFFFFFFFFE29
7FFFFFFFFFFFFFFFF3
00000000000000017D
000000000000000003
000000000000000145
0000000000000001C2
0000000000000000D6
7FFFFFFFFFFFFFFFFA
000000000000000057
7FFFFFFFFFFFFFFE7F
7FFFFFFFFFFFFFFE8F
7FFFFFFFFFFFFFFEF2
7FFFFFFFFFFFFFFF95
00000000000000009C
7FFFFFFFFFFFFFFFEB
0000000000000000E9
7FFFFFFFFFFFFFFF2B
0000000000000000C6
7FFFFFFFFFFFFFFFEA
000000000000000082
000000000000000203
000000000000000024
000000000000000190
0000000000000000B8
7FFFFFFFFFFFFFFF50
7FFFFFFFFFFFFFFF0E
7FFFFFFFFFFFFFFF3B
00000000000000003D
7FFFFFFFFFFFFFFFB0
000000000000000009
0000000000000000CB
7FFFFFFFFFFFFFFEF7
7FFFFFFFFFFFFFFFF7
7FFFFFFFFFFFFFFFE0
000000000000000141
7FFFFFFFFFFFFFFE4C
7FFFFFFFFFFFFFFE49
0000000000000000A4
7FFFFFFFFFFFFFFE57
7FFFFFFFFFFFFFFE8F
0000000000000000E3
7FFFFFFFFFFFFFFFF0
000000000000000003
7FFFFFFFFFFFFFFF0D
7FFFFFFFFFFFFFFF2E
7FFFFFFFFFFFFFFE90
7FFFFFFFFFFFFFFF7B
7FFFFFFFFFFFFFFEF0
0000000000000000B0
7FFFFFFFFFFFFFFDDF
7FFFFFFFFFFFFFFFEC
0000000000000000AE
000000000000000027
7FFFFFFFFFFFFFFFCF
000000000000000073
7FFFFFFFFFFFFFFF10
000000000000000094
0000000000000000EB
00000000000000018E
000000000000000118
000000000000000187
0000000000000000E9
7FFFFFFFFFFFFFFFD8
7FFFFFFFFFFFFFFFF9
7FFFFFFFFFFFFFFEA9
00000000000000004E
0000000000000000A0
7FFFFFFFFFFFFFFFC6
00000000000000004F
000000000000000092
7FFFFFFFFFFFFFFE64
00000000000000000F
7FFFFFFFFFFFFFFE63
7FFFFFFFFFFFFFFF16
7FFFFFFFFFFFFFFFF1
7FFFFFFFFFFFFFFF62
7FFFFFFFFFFFFFFF73
000000000000000069
00000000000000006E
000000000000000129
7FFFFFFFFFFFFFFF00
000000000000000032
7FFFFFFFFFFFFFFE26
7FFFFFFFFFFFFFFF1F
00000000000000009E
7FFFFFFFFFFFFFFF3D
0000000000000000AF
7FFFFFFFFFFFFFFED2
7FFFFFFFFFFFFFFE7A
0000000000000000BC
00000000000000001B
000000000000000035
000000000000000068
7FFFFFFFFFFFFFFE9E
7FFFFFFFFFFFFFFF45
7FFFFFFFFFFFFFFE1D
7FFFFFFFFFFFFFFF8E
7FFFFFFFFFFFFFFDCD
000000000000000088
000000000000000006
0000000000000000A3
000000000000000046
00000000000000014F
000000000000000066
000000000000000183
0000000000000001CB
000000000000000162
00000000000000011D
000000000000000016
7FFFFFFFFFFFFFFF34
7FFFFFFFFFFFFFFFE1
7FFFFFFFFFFFFFFFB9
0000000000000001BD
7FFFFFFFFFFFFFFFDA
000000000000000078
000000000000000185
000000000000000074
0000000000000000D1
000000000000000069
7FFFFFFFFFFFFFFFF6
7FFFFFFFFFFFFFFFAF
000000000000000072
7FFFFFFFFFFFFFFFED
7FFFFFFFFFFFFFFF51
0000000000000000CD
7FFFFFFFFFFFFFFF99
7FFFFFFFFFFFFFFEF1
00000000000000000D
0000000000000000CE
000000000000000129
000000000000000187
000000000000000156
7FFFFFFFFFFFFFFF48
7FFFFFFFFFFFFFFFD0
7FFFFFFFFFFFFFFE0C
000000000000000047
00000000000000011D
00000000000000004F
000000000000000067
7FFFFFFFFFFFFFFFF9
000000000000000086
00000000000000018F
000000000000000028
00000000000000000B
000000000000000157
00000000000000014C
7FFFFFFFFFFFFFFFB4
000000000000000059
7FFFFFFFFFFFFFFF9C
7FFFFFFFFFFFFFFF87
7FFFFFFFFFFFFFFEAA
7FFFFFFFFFFFFFFF7F
000000000000000092
7FFFFFFFFFFFFFFEF6
000000000000000115
7FFFFFFFFFFFFFFF0C
7FFFFFFFFFFFFFFE4B
7FFFFFFFFFFFFFFFC6
7FFFFFFFFFFFFFFE99
00000000000000016C
7FFFFFFFFFFFFFFF1E
7FFFFFFFFFFFFFFEBF
00000000000000009D
7FFFFFFFFFFFFFFF54
7FFFFFFFFFFFFFFF28
7FFFFFFFFFFFFFFF0C
000000000000000066
7FFFFFFFFFFFFFFFA0
000000000000000201
000000000000000007
0000000000000000DB
00000000000000008A
7FFFFFFFFFFFFFFFCC
7FFFFFFFFFFFFFFF83
0000000000000000C8
000000000000000085
0000000000000001D3
000000000000000039
7FFFFFFFFFFFFFFEF9
7FFFFFFFFFFFFFFF40
7FFFFFFFFFFFFFFF16
0000000000000001BF
000000000000000036
0000000000000000C8
7FFFFFFFFFFFFFFFF6
0000000000000000E0
000000000000000240
000000000000000008
0000000000000000FA
7FFFFFFFFFFFFFFE6F
7FFFFFFFFFFFFFFF12
7FFFFFFFFFFFFFFF38
7FFFFFFFFFFFFFFFB6
000000000000000167
00000000000000004D
0000000000000000CE
7FFFFFFFFFFFFFFEAC
7FFFFFFFFFFFFFFE86
000000000000000029
0000000000000000CB
000000000000000075
000000000000000020
7FFFFFFFFFFFFFFF9C
0000000000000000CB
00000000000000001C
7FFFFFFFFFFFFFFF03
7FFFFFFFFFFFFFFFF5
0000000000000000B8
7FFFFFFFFFFFFFFFF3
7FFFFFFFFFFFFFFEE8
7FFFFFFFFFFFFFFE6E
00000000000000006B
7FFFFFFFFFFFFFFF0A
0000000000000000DB
000000000000000015
000000000000000053
000000000000000011
7FFFFFFFFFFFFFFF4D
000000000000000043
00000000000000005D
7FFFFFFFFFFFFFFF87
7FFFFFFFFFFFFFFFA9
7FFFFFFFFFFFFFFFC9
0000000000000000D2
7FFFFFFFFFFFFFFFA3
7FFFFFFFFFFFFFFFFF
7FFFFFFFFFFFFFFF7B
7FFFFFFFFFFFFFFFC0
00000000000000007C
7FFFFFFFFFFFFFFE7C
7FFFFFFFFFFFFFFFD5
00000000000000012B
7FFFFFFFFFFFFFFF35
00000000000000001C
000000000000000096
000000000000000145
7FFFFFFFFFFFFFFF5B
7FFFFFFFFFFFFFFF8C
0000000000000000AC
7FFFFFFFFFFFFFFF83
00000000000000007D
00000000000000008A
0000000000000002D5
000000000000000090
0000000000000000BE
00000000000000008F
000000000000000050
7FFFFFFFFFFFFFFF63
7FFFFFFFFFFFFFFF05
7FFFFFFFFFFFFFFF26
000000000000000018
000000000000000030
7FFFFFFFFFFFFFFE92
7FFFFFFFFFFFFFFFAC
7FFFFFFFFFFFFFFF56
000000000000000046
7FFFFFFFFFFFFFFF60
00000000000000006B
00000000000000003A
7FFFFFFFFFFFFFFE00
7FFFFFFFFFFFFFFFB6
00000000000000013E
00000000000000003B
7FFFFFFFFFFFFFFE22
7FFFFFFFFFFFFFFE0A
0000000000000000BF
7FFFFFFFFFFFFFFEDD
7FFFFFFFFFFFFFFFCB
000000000000000090
0000000000000000F1
7FFFFFFFFFFFFFFF41
000000000000000096
7FFFFFFFFFFFFFFE8E
000000000000000089
00000000000000001F
7FFFFFFFFFFFFFFF63
00000000000000001A
7FFFFFFFFFFFFFFFBC
000000000000000220
7FFFFFFFFFFFFFFDEE
7FFFFFFFFFFFFFFF1B
7FFFFFFFFFFFFFFFD3
7FFFFFFFFFFFFFFE8D
000000000000000063
7FFFFFFFFFFFFFFDEB
7FFFFFFFFFFFFFFF9B
0000000000000000AE
0000000000000000A6
0000000000000000D3
000000000000000226
7FFFFFFFFFFFFFFF69
7FFFFFFFFFFFFFFDFE
00000000000000015E
7FFFFFFFFFFFFFFF91
0000000000000000C8
7FFFFFFFFFFFFFFF3D
7FFFFFFFFFFFFFFF87
7FFFFFFFFFFFFFFF05
7FFFFFFFFFFFFFFFEF
7FFFFFFFFFFFFFFEB1
7FFFFFFFFFFFFFFF1B
7FFFFFFFFFFFFFFEB5
7FFFFFFFFFFFFFFE34
7FFFFFFFFFFFFFFFBB
7FFFFFFFFFFFFFFFB5
000000000000000074
7FFFFFFFFFFFFFFDE8
000000000000000087
00000000000000001F
000000000000000095
00000000000000000E
0000000000000000AF
00000000000000007B
7FFFFFFFFFFFFFFEF6
0000000000000000C3
000000000000000010
7FFFFFFFFFFFFFFF15
7FFFFFFFFFFFFFFEDB
7FFFFFFFFFFFFFFF2E
000000000000000128
00000000000000007F
000000000000000182
00000000000000013F
7FFFFFFFFFFFFFFFCF
00000000000000002F
7FFFFFFFFFFFFFFF7C
00000000000000014D
00000000000000011A
0000000000000000F1
000000000000000054
000000000000000017
000000000000000001
00000000000000013D
0000000000000000CE
7FFFFFFFFFFFFFFF40
00000000000000019F
7FFFFFFFFFFFFFFF63
7FFFFFFFFFFFFFFF4A
7FFFFFFFFFFFFFFF81
7FFFFFFFFFFFFFFED1
7FFFFFFFFFFFFFFF58
7FFFFFFFFFFFFFFE2B
7FFFFFFFFFFFFFFF91
7FFFFFFFFFFFFFFD4F
00000000000000007C
7FFFFFFFFFFFFFFFA7
000000000000000121
7FFFFFFFFFFFFFFF68
7FFFFFFFFFFFFFFE62
7FFFFFFFFFFFFFFEAD
000000000000000042
7FFFFFFFFFFFFFFDC8
7FFFFFFFFFFFFFFFA2
7FFFFFFFFFFFFFFED0
00000000000000007B
7FFFFFFFFFFFFFFF89
7FFFFFFFFFFFFFFEF4
000000000000000129
7FFFFFFFFFFFFFFF88
7FFFFFFFFFFFFFFEF5
7FFFFFFFFFFFFFFF68
000000000000000085
7FFFFFFFFFFFFFFEC8
7FFFFFFFFFFFFFFEF5
0000000000000001D4
7FFFFFFFFFFFFFFFAC
7FFFFFFFFFFFFFFF74
000000000000000189
7FFFFFFFFFFFFFFF99
7FFFFFFFFFFFFFFF46
00000000000000011C
0000000000000000E1
000000000000000004
7FFFFFFFFFFFFFFEF5
0000000000000000FF
000000000000000118
7FFFFFFFFFFFFFFECB
7FFFFFFFFFFFFFFED4
00000000000000003B
0000000000000000B8
7FFFFFFFFFFFFFFE7F
7FFFFFFFFFFFFFFF60
000000000000000177
000000000000000045
00000000000000005C
00000000000000007E
00000000000000002A
0000000000000000CB
000000000000000102
7FFFFFFFFFFFFFFEE9
7FFFFFFFFFFFFFFF2F
7FFFFFFFFFFFFFFEA7
00000000000000016A
000000000000000017
7FFFFFFFFFFFFFFFC7
7FFFFFFFFFFFFFFFD7
000000000000000127
000000000000000064
000000000000000177
0000000000000000D1
7FFFFFFFFFFFFFFF15
7FFFFFFFFFFFFFFFE7
000000000000000170
0000000000000000CB
7FFFFFFFFFFFFFFFC1
7FFFFFFFFFFFFFFE80
000000000000000089
7FFFFFFFFFFFFFFEB9
000000000000000032
0000000000000000A0
000000000000000048
000000000000000085
000000000000000006
7FFFFFFFFFFFFFFFFF
7FFFFFFFFFFFFFFF85
7FFFFFFFFFFFFFFF7C
7FFFFFFFFFFFFFFF59
7FFFFFFFFFFFFFFF35
7FFFFFFFFFFFFFFFA0
7FFFFFFFFFFFFFFE9A
7FFFFFFFFFFFFFFF7F
7FFFFFFFFFFFFFFF33
7FFFFFFFFFFFFFFF76
7FFFFFFFFFFFFFFF0B
7FFFFFFFFFFFFFFFC2
000000000000000042
7FFFFFFFFFFFFFFF9A
7FFFFFFFFFFFFFFF36
0000000000000001A9
7FFFFFFFFFFFFFFFF2
7FFFFFFFFFFFFFFFB7
0000000000000001EC
000000000000000155
00000000000000013F
0000000000000000C6
000000000000000015
7FFFFFFFFFFFFFFFBD
00000000000000007F
0000000000000001AE
7FFFFFFFFFFFFFFE7B
7FFFFFFFFFFFFFFDF5
7FFFFFFFFFFFFFFFDF
7FFFFFFFFFFFFFFF87
7FFFFFFFFFFFFFFF1C
0000000000000000C9
000000000000000187
000000000000000050
7FFFFFFFFFFFFFFFAD
7FFFFFFFFFFFFFFEE2
000000000000000021
7FFFFFFFFFFFFFFEFF
7FFFFFFFFFFFFFFE5D
7FFFFFFFFFFFFFFF65
0000000000000000EB
0000000000000000AC
7FFFFFFFFFFFFFFF14
7FFFFFFFFFFFFFFF95
7FFFFFFFFFFFFFFF45
7FFFFFFFFFFFFFFECB
000000000000000050
7FFFFFFFFFFFFFFF72
000000000000000106
7FFFFFFFFFFFFFFF15
000000000000000065
7FFFFFFFFFFFFFFF80
00000000000000007C
7FFFFFFFFFFFFFFF05
7FFFFFFFFFFFFFFF2C
0000000000000000C7
7FFFFFFFFFFFFFFF52
7FFFFFFFFFFFFFFFEC
000000000000000177
7FFFFFFFFFFFFFFF14
7FFFFFFFFFFFFFFFED
0000000000000000E2
00000000000000001D
7FFFFFFFFFFFFFFF14
7FFFFFFFFFFFFFFF75
000000000000000014
000000000000000207
7FFFFFFFFFFFFFFFA9
00000000000000006C
7FFFFFFFFFFFFFFFB6
7FFFFFFFFFFFFFFEF1
00000000000000008D
00000000000000010E
000000000000000106
7FFFFFFFFFFFFFFEDD
7FFFFFFFFFFFFFFF6B
7FFFFFFFFFFFFFFDD0
7FFFFFFFFFFFFFFFC7
7FFFFFFFFFFFFFFE57
7FFFFFFFFFFFFFFFB4
7FFFFFFFFFFFFFFF3F
7FFFFFFFFFFFFFFF9A
7FFFFFFFFFFFFFFFDD
7FFFFFFFFFFFFFFF6F
000000000000000008
7FFFFFFFFFFFFFFFA1
7FFFFFFFFFFFFFFFDB
0000000000000000B0
0000000000000001A6
00000000000000019D
7FFFFFFFFFFFFFFE0B
7FFFFFFFFFFFFFFF9A
7FFFFFFFFFFFFFFF39
7FFFFFFFFFFFFFFFCD
0000000000000000B2
00000000000000001F
7FFFFFFFFFFFFFFFE8
7FFFFFFFFFFFFFFF76
7FFFFFFFFFFFFFFF91
0000000000000000F5
000000000000000107
7FFFFFFFFFFFFFFD43
00000000000000017D
00000000000000004D
000000000000000108
7FFFFFFFFFFFFFFEEF
000000000000000054
7FFFFFFFFFFFFFFFCE
7FFFFFFFFFFFFFFEFA
0000000000000000FB
7FFFFFFFFFFFFFFF0F
000000000000000071
00000000000000003E
7FFFFFFFFFFFFFFEAC
0000000000000000CB
7FFFFFFFFFFFFFFE3E
7FFFFFFFFFFFFFFFD6
7FFFFFFFFFFFFFFF2A
7FFFFFFFFFFFFFFFEB
0000000000000000CB
000000000000000029
7FFFFFFFFFFFFFFE58
0000000000000000AD
7FFFFFFFFFFFFFFEC4
00000000000000019A
7FFFFFFFFFFFFFFFAB
000000000000000133
7FFFFFFFFFFFFFFF41
000000000000000063
7FFFFFFFFFFFFFFEEE
7FFFFFFFFFFFFFFF5A
7FFFFFFFFFFFFFFF9B
7FFFFFFFFFFFFFFF25
7FFFFFFFFFFFFFFF84
00000000000000018E
7FFFFFFFFFFFFFFE8F
0000000000000001A1
000000000000000003
000000000000000020
7FFFFFFFFFFFFFFE8A
00000000000000012C
7FFFFFFFFFFFFFFF86
00000000000000013F
000000000000000150
7FFFFFFFFFFFFFFF29
7FFFFFFFFFFFFFFF53
000000000000000069
7FFFFFFFFFFFFFFF27
00000000000000001A
000000000000000127
7FFFFFFFFFFFFFFFBD
000000000000000087
0000000000000000AC
7FFFFFFFFFFFFFFFA6
7FFFFFFFFFFFFFFFF5
000000000000000099
7FFFFFFFFFFFFFFED2
7FFFFFFFFFFFFFFE6B
000000000000000090
7FFFFFFFFFFFFFFF2E
7FFFFFFFFFFFFFFFEB
7FFFFFFFFFFFFFFF46
7FFFFFFFFFFFFFFF22
7FFFFFFFFFFFFFFFEA
7FFFFFFFFFFFFFFEB9
00000000000000012B
000000000000000018
000000000000000039
000000000000000024
7FFFFFFFFFFFFFFF0A
7FFFFFFFFFFFFFFF55
00000000000000002F
000000000000000041
7FFFFFFFFFFFFFFFB7
0000000000000000D1
7FFFFFFFFFFFFFFFA0
0000000000000000A1
7FFFFFFFFFFFFFFF23
000000000000000080
00000000000000000A
000000000000000067
7FFFFFFFFFFFFFFFEC
000000000000000082
00000000000000025E
0000000000000000CE
7FFFFFFFFFFFFFFE29
000000000000000070
7FFFFFFFFFFFFFFFC1
7FFFFFFFFFFFFFFFB8
00000000000000007B
000000000000000032
7FFFFFFFFFFFFFFEFF
7FFFFFFFFFFFFFFEA8
000000000000000178
000000000000000180
000000000000000031
000000000000000026
000000000000000105
7FFFFFFFFFFFFFFF48
000000000000000128
0000000000000000FB
7FFFFFFFFFFFFFFFE3
7FFFFFFFFFFFFFFFF6
7FFFFFFFFFFFFFFE74
7FFFFFFFFFFFFFFF5D
7FFFFFFFFFFFFFFF2E
7FFFFFFFFFFFFFFF8A
000000000000000153
000000000000000025
7FFFFFFFFFFFFFFFBD
7FFFFFFFFFFFFFFFD1
000000000000000018
0000000000000001A5
7FFFFFFFFFFFFFFF1E
7FFFFFFFFFFFFFFFC5
7FFFFFFFFFFFFFFFA7
000000000000000097
000000000000000028
000000000000000093
000000000000000197
7FFFFFFFFFFFFFFFB0
00000000000000002A
00000000000000018E
7FFFFFFFFFFFFFFF34
7FFFFFFFFFFFFFFF6F
7FFFFFFFFFFFFFFEEC
7FFFFFFFFFFFFFFD44
0000000000000000E0
7FFFFFFFFFFFFFFF74
000000000000000156
000000000000000106
7FFFFFFFFFFFFFFF20
00000000000000003D
7FFFFFFFFFFFFFFFBB
000000000000000011
0000000000000000C8
000000000000000158
7FFFFFFFFFFFFFFF82
7FFFFFFFFFFFFFFE82
00000000000000005E
7FFFFFFFFFFFFFFECA
000000000000000310
0000000000000001BE
7FFFFFFFFFFFFFFEF7
7FFFFFFFFFFFFFFE4E
000000000000000072
000000000000000113
7FFFFFFFFFFFFFFF44
00000000000000011E
000000000000000018
7FFFFFFFFFFFFFFFFA
00000000000000004A
0000000000000000D7
7FFFFFFFFFFFFFFFC8
0000000000000000D4
7FFFFFFFFFFFFFFFBA
7FFFFFFFFFFFFFFE05
000000000000000006
0000000000000000BD
7FFFFFFFFFFFFFFF45
000000000000000031
00000000000000001F
7FFFFFFFFFFFFFFEF7
7FFFFFFFFFFFFFFECD
0000000000000000D2
000000000000000074
7FFFFFFFFFFFFFFFD1
7FFFFFFFFFFFFFFF7F
00000000000000005C
000000000000000052
0000000000000000DB
00000000000000015F
000000000000000127
7FFFFFFFFFFFFFFF30
7FFFFFFFFFFFFFFF87
0000000000000000A5
000000000000000125
000000000000000141
7FFFFFFFFFFFFFFF52
7FFFFFFFFFFFFFFF30
7FFFFFFFFFFFFFFFA3
0000000000000000C6
7FFFFFFFFFFFFFFF91
7FFFFFFFFFFFFFFE38
00000000000000011F
0000000000000001BD
00000000000000005D
000000000000000097
000000000000000074
000000000000000193
7FFFFFFFFFFFFFFF77
7FFFFFFFFFFFFFFF39
7FFFFFFFFFFFFFFE87
00000000000000003B
7FFFFFFFFFFFFFFFAE
0000000000000000D3
00000000000000002C
7FFFFFFFFFFFFFFDCD
7FFFFFFFFFFFFFFE55
7FFFFFFFFFFFFFFF50
7FFFFFFFFFFFFFFFB3
7FFFFFFFFFFFFFFF5D
0000000000000000BD
7FFFFFFFFFFFFFFF6D
00000000000000002C
7FFFFFFFFFFFFFFF84
000000000000000051
7FFFFFFFFFFFFFFFBB
7FFFFFFFFFFFFFFFC9
00000000000000001A
7FFFFFFFFFFFFFFF7E
000000000000000066
7FFFFFFFFFFFFFFFBE
000000000000000005
7FFFFFFFFFFFFFFE72
0000000000000000C9
00000000000000021E
7FFFFFFFFFFFFFFFBD
7FFFFFFFFFFFFFFF6C
0000000000000000C3
7FFFFFFFFFFFFFFF85
7FFFFFFFFFFFFFFE28
000000000000000224
000000000000000319
0000000000000000E1
7FFFFFFFFFFFFFFE73
7FFFFFFFFFFFFFFFCE
0000000000000000A5
0000000000000000D8
7FFFFFFFFFFFFFFF66
7FFFFFFFFFFFFFFFDA
7FFFFFFFFFFFFFFF44
7FFFFFFFFFFFFFFF99
7FFFFFFFFFFFFFFE5A
000000000000000071
7FFFFFFFFFFFFFFF51
0000000000000000DE
000000000000000163
0000000000000000A5
000000000000000054
0000000000000000CF
000000000000000107
7FFFFFFFFFFFFFFF77
0000000000000001A5
00000000000000000C
7FFFFFFFFFFFFFFF26
7FFFFFFFFFFFFFFF97
000000000000000121
7FFFFFFFFFFFFFFFF9
7FFFFFFFFFFFFFFF20
7FFFFFFFFFFFFFFFB7
7FFFFFFFFFFFFFFFFE
00000000000000009B
7FFFFFFFFFFFFFFF4B
00000000000000010E
7FFFFFFFFFFFFFFF12
7FFFFFFFFFFFFFFE8C
7FFFFFFFFFFFFFFF65
00000000000000008B
7FFFFFFFFFFFFFFEE9
7FFFFFFFFFFFFFFFEA
00000000000000010E
000000000000000172
000000000000000052
00000000000000004D
7FFFFFFFFFFFFFFEB5
7FFFFFFFFFFFFFFF2D
7FFFFFFFFFFFFFFFF3
7FFFFFFFFFFFFFFFB2
7FFFFFFFFFFFFFFF0F
7FFFFFFFFFFFFFFD7C
0000000000000000D2
000000000000000044
00000000000000004E
00000000000000018F
7FFFFFFFFFFFFFFF02
000000000000000005
000000000000000070
0000000000000000B9
7FFFFFFFFFFFFFFFEF
000000000000000048
7FFFFFFFFFFFFFFE9F
000000000000000079
000000000000000108
0000000000000000B7
00000000000000007F
7FFFFFFFFFFFFFFFED
7FFFFFFFFFFFFFFF7A
000000000000000064
0000000000000000C7
000000000000000005
7FFFFFFFFFFFFFFF11
00000000000000018B
00000000000000001E
7FFFFFFFFFFFFFFFD0
0000000000000000A4
00000000000000003A
7FFFFFFFFFFFFFFDB9
7FFFFFFFFFFFFFFF4C
7FFFFFFFFFFFFFFE34
00000000000000024F
00000000000000002A
7FFFFFFFFFFFFFFE1D
7FFFFFFFFFFFFFFF2E
7FFFFFFFFFFFFFFE58
7FFFFFFFFFFFFFFDC2
7FFFFFFFFFFFFFFF7A
7FFFFFFFFFFFFFFF5D
0000000000000000A7
00000000000000016C
7FFFFFFFFFFFFFFFCD
7FFFFFFFFFFFFFFF8F
7FFFFFFFFFFFFFFE56
7FFFFFFFFFFFFFFF8E
7FFFFFFFFFFFFFFE5C
7FFFFFFFFFFFFFFF5C
7FFFFFFFFFFFFFFE6B
7FFFFFFFFFFFFFFDFC
000000000000000117
000000000000000166
000000000000000047
7FFFFFFFFFFFFFFE42
000000000000000099
7FFFFFFFFFFFFFFF77
7FFFFFFFFFFFFFFE71
000000000000000155
7FFFFFFFFFFFFFFF51
7FFFFFFFFFFFFFFEF8
000000000000000097
7FFFFFFFFFFFFFFF36
00000000000000008D
7FFFFFFFFFFFFFFFF3
00000000000000003E
00000000000000011A
7FFFFFFFFFFFFFFE9F
7FFFFFFFFFFFFFFE72
000000000000000191
7FFFFFFFFFFFFFFE9B
000000000000000044
000000000000000025
0000000000000000D6
7FFFFFFFFFFFFFFF3B
7FFFFFFFFFFFFFFEAE
0000000000000000F2
7FFFFFFFFFFFFFFFE0
7FFFFFFFFFFFFFFF62
000000000000000092
7FFFFFFFFFFFFFFF1D
00000000000000012A
7FFFFFFFFFFFFFFEE7
0000000000000001BA
00000000000000003E
00000000000000012D
7FFFFFFFFFFFFFFF29
7FFFFFFFFFFFFFFE6A
7FFFFFFFFFFFFFFF9A
7FFFFFFFFFFFFFFFE9
7FFFFFFFFFFFFFFF1D
7FFFFFFFFFFFFFFE93
000000000000000065
7FFFFFFFFFFFFFFEE0
7FFFFFFFFFFFFFFEFA
000000000000000141
7FFFFFFFFFFFFFFF80
000000000000000147
7FFFFFFFFFFFFFFE8A
000000000000000056
7FFFFFFFFFFFFFFF23
000000000000000123
000000000000000098
00000000000000002D
000000000000000123
7FFFFFFFFFFFFFFF97
000000000000000001
0000000000000000DA
7FFFFFFFFFFFFFFFEF
7FFFFFFFFFFFFFFEB7
0000000000000000C1
7FFFFFFFFFFFFFFF9F
7FFFFFFFFFFFFFFFD4
000000000000000050
7FFFFFFFFFFFFFFEEA
7FFFFFFFFFFFFFFE81
7FFFFFFFFFFFFFFFE0
7FFFFFFFFFFFFFFFF1
00000000000000006D
00000000000000006E
7FFFFFFFFFFFFFFF13
000000000000000015
000000000000000190
000000000000000078
0000000000000000C3
000000000000000197
000000000000000175
7FFFFFFFFFFFFFFFF7
0000000000000001E1
7FFFFFFFFFFFFFFFAC
000000000000000041
00000000000000010A
7FFFFFFFFFFFFFFE50
7FFFFFFFFFFFFFFE21
00000000000000014E
000000000000000007
7FFFFFFFFFFFFFFF86
000000000000000311
00000000000000003A
00000000000000013C
7FFFFFFFFFFFFFFD90
0000000000000001EC
7FFFFFFFFFFFFFFE0B
0000000000000000EF
7FFFFFFFFFFFFFFF97
0000000000000000D0
00000000000000012B
7FFFFFFFFFFFFFFF60
00000000000000012D
7FFFFFFFFFFFFFFF33
7FFFFFFFFFFFFFFE91
7FFFFFFFFFFFFFFE72
0000000000000000DC
00000000000000021A
000000000000000036
7FFFFFFFFFFFFFFEFE
00000000000000001C
7FFFFFFFFFFFFFFFE1
00000000000000006D
0000000000000000E0
000000000000000059
000000000000000056
7FFFFFFFFFFFFFFDA0
7FFFFFFFFFFFFFFF66
00000000000000000D
00000000000000015D
00000000000000028F
7FFFFFFFFFFFFFFFFA
000000000000000079
7FFFFFFFFFFFFFFF07
7FFFFFFFFFFFFFFE4C
00000000000000006D
7FFFFFFFFFFFFFFEA8
7FFFFFFFFFFFFFFEE3
000000000000000167
7FFFFFFFFFFFFFFFB2
7FFFFFFFFFFFFFFFFA
000000000000000165
0000000000000001A0
7FFFFFFFFFFFFFFF42
7FFFFFFFFFFFFFFF56
00000000000000001D
0000000000000000DC
7FFFFFFFFFFFFFFEAA
0000000000000000BC
7FFFFFFFFFFFFFFF83
7FFFFFFFFFFFFFFF0A
7FFFFFFFFFFFFFFEDF
0000000000000000D6
7FFFFFFFFFFFFFFFC6
00000000000000010E
00000000000000000C
0000000000000000B0
000000000000000041
000000000000000028
7FFFFFFFFFFFFFFF50
000000000000000111
7FFFFFFFFFFFFFFF15
0000000000000000EF
7FFFFFFFFFFFFFFFC4
0000000000000000FC
0000000000000000AB
7FFFFFFFFFFFFFFF83
7FFFFFFFFFFFFFFFD3
7FFFFFFFFFFFFFFFE1
0000000000000000B2
7FFFFFFFFFFFFFFFA3
000000000000000107
00000000000000005B
7FFFFFFFFFFFFFFFFB
7FFFFFFFFFFFFFFF8A
0000000000000000D0
0000000000000000FB
7FFFFFFFFFFFFFFE9B
7FFFFFFFFFFFFFFF95
000000000000000017
7FFFFFFFFFFFFFFE8A
000000000000000000
000000000000000004
7FFFFFFFFFFFFFFFB9
7FFFFFFFFFFFFFFFB8
7FFFFFFFFFFFFFFE52
7FFFFFFFFFFFFFFD48
000000000000000119
0000000000000000A9
00000000000000007F
7FFFFFFFFFFFFFFFE7
7FFFFFFFFFFFFFFFE5
7FFFFFFFFFFFFFFE13
7FFFFFFFFFFFFFFF72
000000000000000137
7FFFFFFFFFFFFFFF4E
7FFFFFFFFFFFFFFF97
7FFFFFFFFFFFFFFF99
7FFFFFFFFFFFFFFF50
000000000000000087
7FFFFFFFFFFFFFFFB7
7FFFFFFFFFFFFFFE3B
000000000000000192
7FFFFFFFFFFFFFFFC9
7FFFFFFFFFFFFFFF8C
7FFFFFFFFFFFFFFFC1
7FFFFFFFFFFFFFFEC0
7FFFFFFFFFFFFFFFBB
0000000000000000BD
7FFFFFFFFFFFFFFF00
7FFFFFFFFFFFFFFEF7
00000000000000005E
0000000000000000A7
7FFFFFFFFFFFFFFF0A
7FFFFFFFFFFFFFFFE8
0000000000000000BB
00000000000000004B
000000000000000274
7FFFFFFFFFFFFFFF49
7FFFFFFFFFFFFFFF05
000000000000000032
7FFFFFFFFFFFFFFF57
000000000000000212
000000000000000078
0000000000000000D5
00000000000000000D
7FFFFFFFFFFFFFFFE8
000000000000000101
7FFFFFFFFFFFFFFF84
00000000000000010B
00000000000000001E
000000000000000082
0000000000000000FE
7FFFFFFFFFFFFFFECF
7FFFFFFFFFFFFFFFDA
000000000000000224
7FFFFFFFFFFFFFFE36
00000000000000009D
00000000000000018F
7FFFFFFFFFFFFFFF58
0000000000000000C3
7FFFFFFFFFFFFFFF4B
000000000000000154
00000000000000011D
000000000000000163
000000000000000044
7FFFFFFFFFFFFFFECC
000000000000000111
000000000000000066
000000000000000099
0000000000000000D4
0000000000000000ED
7FFFFFFFFFFFFFFF33
000000000000000199
7FFFFFFFFFFFFFFDF5
00000000000000000D
7FFFFFFFFFFFFFFF91
000000000000000081
000000000000000163
7FFFFFFFFFFFFFFF60
7FFFFFFFFFFFFFFFF1
000000000000000036
7FFFFFFFFFFFFFFE93
7FFFFFFFFFFFFFFEF1
7FFFFFFFFFFFFFFF74
000000000000000059
000000000000000052
0000000000000000BD
00000000000000006F
00000000000000022E
0000000000000000F8
000000000000000169
7FFFFFFFFFFFFFFF51
000000000000000132
7FFFFFFFFFFFFFFEEF
7FFFFFFFFFFFFFFE6A
7FFFFFFFFFFFFFFEA4
7FFFFFFFFFFFFFFFAD
7FFFFFFFFFFFFFFF9A
7FFFFFFFFFFFFFFE5C
7FFFFFFFFFFFFFFFCD
7FFFFFFFFFFFFFFFEA
000000000000000088
000000000000000029
7FFFFFFFFFFFFFFF97
000000000000000185
000000000000000094
00000000000000004D
0000000000000000FC
0000000000000000CD
000000000000000168
7FFFFFFFFFFFFFFF1A
7FFFFFFFFFFFFFFF9B
7FFFFFFFFFFFFFFE2E
000000000000000041
7FFFFFFFFFFFFFFFF8
7FFFFFFFFFFFFFFE29
000000000000000070
7FFFFFFFFFFFFFFF8A
0000000000000000BB
7FFFFFFFFFFFFFFEB7
7FFFFFFFFFFFFFFFBE
00000000000000012F
7FFFFFFFFFFFFFFEFB
00000000000000002E
7FFFFFFFFFFFFFFEA8
7FFFFFFFFFFFFFFDDB
7FFFFFFFFFFFFFFF39
7FFFFFFFFFFFFFFF58
00000000000000000A
00000000000000004B
7FFFFFFFFFFFFFFF2B
000000000000000020
7FFFFFFFFFFFFFFFC4
7FFFFFFFFFFFFFFEEC
7FFFFFFFFFFFFFFEC9
7FFFFFFFFFFFFFFFC7
000000000000000010
7FFFFFFFFFFFFFFE58
7FFFFFFFFFFFFFFDDC
7FFFFFFFFFFFFFFFCC
7FFFFFFFFFFFFFFF58
7FFFFFFFFFFFFFFF99
000000000000000094
7FFFFFFFFFFFFFFEE5
7FFFFFFFFFFFFFFFE2
7FFFFFFFFFFFFFFFCF
7FFFFFFFFFFFFFFFF6
7FFFFFFFFFFFFFFE1C
7FFFFFFFFFFFFFFFBF
0000000000000000F9
00000000000000004D
000000000000000006
00000000000000017B
7FFFFFFFFFFFFFFF3B
7FFFFFFFFFFFFFFFA0
0000000000000001E2
00000000000000011A
7FFFFFFFFFFFFFFC02
7FFFFFFFFFFFFFFEE1
0000000000000001D2
7FFFFFFFFFFFFFFF3E
7FFFFFFFFFFFFFFFE1
000000000000000091
0000000000000002A3
7FFFFFFFFFFFFFFF5A
00000000000000002D
7FFFFFFFFFFFFFFFEC
000000000000000199
00000000000000008B
000000000000000022
7FFFFFFFFFFFFFFECE
000000000000000155
00000000000000011D
7FFFFFFFFFFFFFFF5E
7FFFFFFFFFFFFFFF66
7FFFFFFFFFFFFFFF85
7FFFFFFFFFFFFFFFA3
7FFFFFFFFFFFFFFFB1
00000000000000007D
7FFFFFFFFFFFFFFFD1
000000000000000130
000000000000000087
7FFFFFFFFFFFFFFFE7
7FFFFFFFFFFFFFFE88
7FFFFFFFFFFFFFFEF7
7FFFFFFFFFFFFFFFE8
7FFFFFFFFFFFFFFFE6
7FFFFFFFFFFFFFFF39
00000000000000008E
7FFFFFFFFFFFFFFF68
7FFFFFFFFFFFFFFF15
7FFFFFFFFFFFFFFF88
7FFFFFFFFFFFFFFF06
000000000000000087
0000000000000000DE
7FFFFFFFFFFFFFFFFF
000000000000000225
00000000000000024D
7FFFFFFFFFFFFFFF7E
7FFFFFFFFFFFFFFEAD
7FFFFFFFFFFFFFFE41
7FFFFFFFFFFFFFFF80
00000000000000003A
000000000000000096
000000000000000056
000000000000000066
7FFFFFFFFFFFFFFF11
7FFFFFFFFFFFFFFFA1
0000000000000001BF
0000000000000000CB
000000000000000001
000000000000000017
00000000000000002E
0000000000000000C2
0000000000000002A9
000000000000000015
7FFFFFFFFFFFFFFF4C
7FFFFFFFFFFFFFFF11
7FFFFFFFFFFFFFFDE9
0000000000000000CA
7FFFFFFFFFFFFFFDF4
0000000000000000E8
000000000000000149
7FFFFFFFFFFFFFFF2A
7FFFFFFFFFFFFFFF3C
7FFFFFFFFFFFFFFF29
000000000000000034
7FFFFFFFFFFFFFFE28
7FFFFFFFFFFFFFFEE1
00000000000000003F
0000000000000001B4
7FFFFFFFFFFFFFFED9
7FFFFFFFFFFFFFFEC9
000000000000000125
000000000000000240
000000000000000043
7FFFFFFFFFFFFFFE7D
7FFFFFFFFFFFFFFF00
000000000000000112
000000000000000059
00000000000000005B
7FFFFFFFFFFFFFFFF7
7FFFFFFFFFFFFFFFC3
00000000000000016C
0000000000000001E6
7FFFFFFFFFFFFFFF10
0000000000000000AF
000000000000000082
7FFFFFFFFFFFFFFF08
000000000000000060
0000000000000000D9
000000000000000272
7FFFFFFFFFFFFFFF8A
7FFFFFFFFFFFFFFEA6
000000000000000093
00000000000000001E
0000000000000000BB
7FFFFFFFFFFFFFFF7C
000000000000000178
0000000000000000D5
0000000000000000D3
000000000000000031
7FFFFFFFFFFFFFFFA6
000000000000000001
000000000000000120
000000000000000090
7FFFFFFFFFFFFFFF2D
000000000000000057
000000000000000018
000000000000000030
0000000000000000CC
000000000000000179
7FFFFFFFFFFFFFFFCA
0000000000000000A0
7FFFFFFFFFFFFFFF67
00000000000000011B
00000000000000003E
7FFFFFFFFFFFFFFF56
0000000000000000F1
000000000000000135
000000000000000060
7FFFFFFFFFFFFFFE33
7FFFFFFFFFFFFFFFE3
000000000000000079
7FFFFFFFFFFFFFFFF7
00000000000000000C
7FFFFFFFFFFFFFFF2A
7FFFFFFFFFFFFFFF29
7FFFFFFFFFFFFFFDF0
000000000000000305
000000000000000093
7FFFFFFFFFFFFFFE57
7FFFFFFFFFFFFFFF30
7FFFFFFFFFFFFFFE78
00000000000000006B
7FFFFFFFFFFFFFFF7D
7FFFFFFFFFFFFFFF34
0000000000000000CC
000000000000000107
7FFFFFFFFFFFFFFF57
7FFFFFFFFFFFFFFF2C
000000000000000093
000000000000000048
00000000000000001A
7FFFFFFFFFFFFFFE52
0000000000000000DA
7FFFFFFFFFFFFFFFA3
7FFFFFFFFFFFFFFF8E
7FFFFFFFFFFFFFFE63
7FFFFFFFFFFFFFFFB1
7FFFFFFFFFFFFFFFE8
7FFFFFFFFFFFFFFFF9
7FFFFFFFFFFFFFFF1C
7FFFFFFFFFFFFFFF0B
7FFFFFFFFFFFFFFFDB
7FFFFFFFFFFFFFFF6B
7FFFFFFFFFFFFFFF6D
0000000000000002A4
0000000000000000F4
7FFFFFFFFFFFFFFFCF
0000000000000001C9
7FFFFFFFFFFFFFFFBD
000000000000000005
000000000000000037
0000000000000001A3
000000000000000057
0000000000000000D9
7FFFFFFFFFFFFFFFD3
0000000000000000AF
7FFFFFFFFFFFFFFE0B
7FFFFFFFFFFFFFFDCA
7FFFFFFFFFFFFFFEE4
7FFFFFFFFFFFFFFE7A
7FFFFFFFFFFFFFFF20
0000000000000000E8
000000000000000141
00000000000000000D
0000000000000001E2
7FFFFFFFFFFFFFFFEF
7FFFFFFFFFFFFFFFFF
000000000000000178
7FFFFFFFFFFFFFFFFD
7FFFFFFFFFFFFFFF9D
0000000000000000A1
000000000000000052
7FFFFFFFFFFFFFFF4C
7FFFFFFFFFFFFFFDE8
7FFFFFFFFFFFFFFFAE
7FFFFFFFFFFFFFFEAD
7FFFFFFFFFFFFFFECE
7FFFFFFFFFFFFFFF20
0000000000000000D7
7FFFFFFFFFFFFFFF63
7FFFFFFFFFFFFFFFDD
7FFFFFFFFFFFFFFF57
7FFFFFFFFFFFFFFFD5
7FFFFFFFFFFFFFFF8A
7FFFFFFFFFFFFFFFB8
00000000000000016D
7FFFFFFFFFFFFFFF35
7FFFFFFFFFFFFFFFBF
7FFFFFFFFFFFFFFF52
7FFFFFFFFFFFFFFF2D
00000000000000005C
0000000000000000C0
000000000000000124
7FFFFFFFFFFFFFFEE8
0000000000000000AF
7FFFFFFFFFFFFFFF40
7FFFFFFFFFFFFFFE54
000000000000000130
7FFFFFFFFFFFFFFF9C
0000000000000000B3
000000000000000004
7FFFFFFFFFFFFFFF2F
00000000000000001D
7FFFFFFFFFFFFFFED0
000000000000000016
00000000000000010D
0000000000000000BF
0000000000000000D2
7FFFFFFFFFFFFFFFB4
000000000000000075
0000000000000000A0
00000000000000000C
000000000000000114
7FFFFFFFFFFFFFFF74
000000000000000070
0000000000000002BC
7FFFFFFFFFFFFFFF9C
7FFFFFFFFFFFFFFF72
7FFFFFFFFFFFFFFEEA
000000000000000005
00000000000000002A
0000000000000000C3
7FFFFFFFFFFFFFFEFF
7FFFFFFFFFFFFFFF5D
7FFFFFFFFFFFFFFE80
7FFFFFFFFFFFFFFF71
7FFFFFFFFFFFFFFF5C
00000000000000006D
00000000000000015E
7FFFFFFFFFFFFFFF51
000000000000000041
7FFFFFFFFFFFFFFE45
7FFFFFFFFFFFFFFFC1
000000000000000058
7FFFFFFFFFFFFFFF7D
7FFFFFFFFFFFFFFE75
7FFFFFFFFFFFFFFFA2
000000000000000024
00000000000000003D
00000000000000014B
000000000000000091
7FFFFFFFFFFFFFFE34
7FFFFFFFFFFFFFFF54
0000000000000001BC
7FFFFFFFFFFFFFFF23
7FFFFFFFFFFFFFFF2A
00000000000000008C
000000000000000125
7FFFFFFFFFFFFFFFB8
7FFFFFFFFFFFFFFF8D
000000000000000134
000000000000000137
000000000000000082
00000000000000005B
000000000000000236
000000000000000179
7FFFFFFFFFFFFFFFBB
7FFFFFFFFFFFFFFFCD
000000000000000084
000000000000000152
7FFFFFFFFFFFFFFFC5
00000000000000004B
000000000000000024
7FFFFFFFFFFFFFFF8F
000000000000000025
0000000000000000C5
7FFFFFFFFFFFFFFFD7
7FFFFFFFFFFFFFFF84
0000000000000000B0
000000000000000010
000000000000000079
7FFFFFFFFFFFFFFFEE
7FFFFFFFFFFFFFFF96
0000000000000000F1
7FFFFFFFFFFFFFFFC2
0000000000000000CF
000000000000000281
7FFFFFFFFFFFFFFF85
00000000000000000E
7FFFFFFFFFFFFFFF8E
0000000000000000F5
000000000000000187
000000000000000117
7FFFFFFFFFFFFFFEFF
00000000000000009A
7FFFFFFFFFFFFFFFFD
7FFFFFFFFFFFFFFFA2
00000000000000010D
0000000000000000B4
00000000000000001B
0000000000000000F5
7FFFFFFFFFFFFFFF29
00000000000000003B
7FFFFFFFFFFFFFFF80
000000000000000023
7FFFFFFFFFFFFFFF8F
0000000000000000F8
7FFFFFFFFFFFFFFF5B
00000000000000011F
000000000000000084
00000000000000000A
00000000000000003B
0000000000000000F3
7FFFFFFFFFFFFFFEAD
7FFFFFFFFFFFFFFF5D
000000000000000085
000000000000000021
7FFFFFFFFFFFFFFF29
7FFFFFFFFFFFFFFEFF
0000000000000001D3
000000000000000049
0000000000000000CA
000000000000000057
0000000000000000C9
000000000000000044
00000000000000007A
7FFFFFFFFFFFFFFFEA
7FFFFFFFFFFFFFFE7E
7FFFFFFFFFFFFFFE18
000000000000000163
000000000000000015
0000000000000000D6
0000000000000000B7
7FFFFFFFFFFFFFFFF1
0000000000000000FF
00000000000000008A
7FFFFFFFFFFFFFFFD8
0000000000000000CF
7FFFFFFFFFFFFFFDDC
7FFFFFFFFFFFFFFF50
7FFFFFFFFFFFFFFE5B
000000000000000037
7FFFFFFFFFFFFFFF19
000000000000000149
00000000000000009A
7FFFFFFFFFFFFFFFA6
7FFFFFFFFFFFFFFFE3
0000000000000000F7
000000000000000114
000000000000000041
7FFFFFFFFFFFFFFFB7
7FFFFFFFFFFFFFFF40
7FFFFFFFFFFFFFFF75
000000000000000231
7FFFFFFFFFFFFFFF27
7FFFFFFFFFFFFFFE59
7FFFFFFFFFFFFFFEB8
00000000000000020E
7FFFFFFFFFFFFFFF5F
000000000000000012
0000000000000000E6
7FFFFFFFFFFFFFFEB2
00000000000000000C
000000000000000048
7FFFFFFFFFFFFFFFCA
00000000000000007C
00000000000000018C
7FFFFFFFFFFFFFFF86
7FFFFFFFFFFFFFFF13
000000000000000040
7FFFFFFFFFFFFFFF6F
000000000000000114
7FFFFFFFFFFFFFFF7D
0000000000000000C8
000000000000000008
000000000000000091
7FFFFFFFFFFFFFFEE4
7FFFFFFFFFFFFFFF7C
0000000000000000B0
7FFFFFFFFFFFFFFF24
0000000000000001BB
7FFFFFFFFFFFFFFECF
00000000000000000E
7FFFFFFFFFFFFFFE2C
000000000000000054
7FFFFFFFFFFFFFFF19
7FFFFFFFFFFFFFFF48
7FFFFFFFFFFFFFFFB1
7FFFFFFFFFFFFFFFE3
000000000000000079
7FFFFFFFFFFFFFFE2E
0000000000000000A7
0000000000000001F6
00000000000000006C
000000000000000134
7FFFFFFFFFFFFFFFF5
00000000000000015B
7FFFFFFFFFFFFFFF6C
00000000000000010E
7FFFFFFFFFFFFFFF4F
7FFFFFFFFFFFFFFFF8
0000000000000000ED
000000000000000158
7FFFFFFFFFFFFFFFEA
000000000000000079
7FFFFFFFFFFFFFFFBA
00000000000000003C
000000000000000139
7FFFFFFFFFFFFFFFE9
7FFFFFFFFFFFFFFEA8
000000000000000031
00000000000000016D
7FFFFFFFFFFFFFFEAA
000000000000000048
000000000000000005
0000000000000001B7
7FFFFFFFFFFFFFFF2B
7FFFFFFFFFFFFFFE91
7FFFFFFFFFFFFFFFF6
000000000000000025
0000000000000000BB
7FFFFFFFFFFFFFFDF6
0000000000000000BB
7FFFFFFFFFFFFFFFAE
7FFFFFFFFFFFFFFF7A
0000000000000000C0
7FFFFFFFFFFFFFFF98
7FFFFFFFFFFFFFFFEE
0000000000000000C0
00000000000000012C
000000000000000160
7FFFFFFFFFFFFFFF73
7FFFFFFFFFFFFFFF7E
7FFFFFFFFFFFFFFF43
000000000000000073
00000000000000008E
7FFFFFFFFFFFFFFE87
7FFFFFFFFFFFFFFDB4
7FFFFFFFFFFFFFFF43
0000000000000001E4
7FFFFFFFFFFFFFFE62
000000000000000103
000000000000000117
0000000000000000E8
7FFFFFFFFFFFFFFFA0
7FFFFFFFFFFFFFFFC0
0000000000000001F5
0000000000000000C5
7FFFFFFFFFFFFFFF52
00000000000000013A
7FFFFFFFFFFFFFFFC0
7FFFFFFFFFFFFFFF78
7FFFFFFFFFFFFFFFF1
000000000000000079
7FFFFFFFFFFFFFFF7D
00000000000000010D
7FFFFFFFFFFFFFFD8B
7FFFFFFFFFFFFFFFD9
0000000000000000CB
7FFFFFFFFFFFFFFF2D
0000000000000000DE
7FFFFFFFFFFFFFFF96
000000000000000025
7FFFFFFFFFFFFFFFC2
000000000000000165
7FFFFFFFFFFFFFFEC6
7FFFFFFFFFFFFFFFD1
0000000000000000D1
7FFFFFFFFFFFFFFF3F
00000000000000008B
0000000000000000CE
7FFFFFFFFFFFFFFF4C
7FFFFFFFFFFFFFFFC5
00000000000000009F
7FFFFFFFFFFFFFFEB7
0000000000000000E8
7FFFFFFFFFFFFFFF02
00000000000000000B
7FFFFFFFFFFFFFFE5B
7FFFFFFFFFFFFFFEF2
000000000000000003
7FFFFFFFFFFFFFFFB7
7FFFFFFFFFFFFFFE76
7FFFFFFFFFFFFFFEE4
000000000000000268
000000000000000096
7FFFFFFFFFFFFFFFA9
0000000000000000E5
000000000000000206
7FFFFFFFFFFFFFFF2F
000000000000000067
00000000000000011E
7FFFFFFFFFFFFFFFB4
7FFFFFFFFFFFFFFF78
7FFFFFFFFFFFFFFFE5
00000000000000007E
0000000000000000FD
000000000000000004
7FFFFFFFFFFFFFFF38
7FFFFFFFFFFFFFFE1B
7FFFFFFFFFFFFFFF62
000000000000000004
0000000000000000D0
7FFFFFFFFFFFFFFF5A
7FFFFFFFFFFFFFFF8F
000000000000000044
7FFFFFFFFFFFFFFF03
000000000000000027
0000000000000001A0
00000000000000003F
000000000000000067
000000000000000045
000000000000000018
7FFFFFFFFFFFFFFEFD
0000000000000000CA
000000000000000106
000000000000000019
000000000000000033
7FFFFFFFFFFFFFFEDA
7FFFFFFFFFFFFFFF86
00000000000000014A
00000000000000018E
0000000000000000E0
0000000000000000AC
000000000000000084
0000000000000000D9
000000000000000090
0000000000000000FB
7FFFFFFFFFFFFFFF6E
7FFFFFFFFFFFFFFF2E
000000000000000031
0000000000000000E1
7FFFFFFFFFFFFFFF5F
7FFFFFFFFFFFFFFF24
7FFFFFFFFFFFFFFDA5
0000000000000000BC
7FFFFFFFFFFFFFFEE2
000000000000000012
7FFFFFFFFFFFFFFF5A
7FFFFFFFFFFFFFFE76
7FFFFFFFFFFFFFFFC6
000000000000000102
7FFFFFFFFFFFFFFE5A
7FFFFFFFFFFFFFFFAE
00000000000000011E
7FFFFFFFFFFFFFFE30
000000000000000199
00000000000000006D
7FFFFFFFFFFFFFFFA8
7FFFFFFFFFFFFFFF2E
000000000000000044
7FFFFFFFFFFFFFFE65
000000000000000125
7FFFFFFFFFFFFFFF3A
7FFFFFFFFFFFFFFF63
7FFFFFFFFFFFFFFEA9
7FFFFFFFFFFFFFFFF6
00000000000000006D
00000000000000021E
00000000000000003C
0000000000000001E4
7FFFFFFFFFFFFFFEF5
0000000000000000AC
7FFFFFFFFFFFFFFE48
0000000000000000AA
7FFFFFFFFFFFFFFF89
7FFFFFFFFFFFFFFF8B
7FFFFFFFFFFFFFFFC6
000000000000000153
7FFFFFFFFFFFFFFEDC
7FFFFFFFFFFFFFFFCC
000000000000000124
7FFFFFFFFFFFFFFF67
7FFFFFFFFFFFFFFE80
0000000000000001B4
000000000000000181
7FFFFFFFFFFFFFFEE8
0000000000000001D3
7FFFFFFFFFFFFFFE3F
7FFFFFFFFFFFFFFF9C
7FFFFFFFFFFFFFFF4E
7FFFFFFFFFFFFFFF43
7FFFFFFFFFFFFFFFEE
7FFFFFFFFFFFFFFE91
7FFFFFFFFFFFFFFEBA
7FFFFFFFFFFFFFFFCF
00000000000000003E
000000000000000057
7FFFFFFFFFFFFFFF31
00000000000000000D
7FFFFFFFFFFFFFFFBC
7FFFFFFFFFFFFFFEED
7FFFFFFFFFFFFFFF95
000000000000000003
00000000000000005F
000000000000000095
7FFFFFFFFFFFFFFF9F
000000000000000022
7FFFFFFFFFFFFFFFC6
7FFFFFFFFFFFFFFF9D
000000000000000014
000000000000000088
7FFFFFFFFFFFFFFF0C
7FFFFFFFFFFFFFFF2B
7FFFFFFFFFFFFFFF57
000000000000000103
7FFFFFFFFFFFFFFF5B
7FFFFFFFFFFFFFFF7E
0000000000000000A3
7FFFFFFFFFFFFFFFE8
7FFFFFFFFFFFFFFFCE
7FFFFFFFFFFFFFFFB3
7FFFFFFFFFFFFFFF5B
00000000000000007E
7FFFFFFFFFFFFFFFBE
000000000000000030
0000000000000000CA
7FFFFFFFFFFFFFFF46
00000000000000017E
7FFFFFFFFFFFFFFE49
7FFFFFFFFFFFFFFF07
0000000000000001E8
00000000000000009B
00000000000000023B
7FFFFFFFFFFFFFFF76
0000000000000000F6
7FFFFFFFFFFFFFFFB4
000000000000000078
7FFFFFFFFFFFFFFEB2
7FFFFFFFFFFFFFFEA4
7FFFFFFFFFFFFFFD0B
7FFFFFFFFFFFFFFFA2
0000000000000000EE
00000000000000003D
00000000000000011A
7FFFFFFFFFFFFFFF29
000000000000000156
7FFFFFFFFFFFFFFF3F
7FFFFFFFFFFFFFFE8B
000000000000000097
0000000000000000A4
0000000000000000E6
7FFFFFFFFFFFFFFFDA
7FFFFFFFFFFFFFFF3D
00000000000000017D
00000000000000005B
7FFFFFFFFFFFFFFFCB
0000000000000000E2
000000000000000095
00000000000000007B
7FFFFFFFFFFFFFFE8A
7FFFFFFFFFFFFFFF19
000000000000000040
0000000000000000D6
00000000000000011C
7FFFFFFFFFFFFFFFBA
0000000000000000CF
7FFFFFFFFFFFFFFEC0
000000000000000098
0000000000000000CF
7FFFFFFFFFFFFFFFC3
7FFFFFFFFFFFFFFFEF
000000000000000072
0000000000000001CE
000000000000000054
7FFFFFFFFFFFFFFF03
0000000000000000A3
7FFFFFFFFFFFFFFEFC
7FFFFFFFFFFFFFFEBC
00000000000000003A
0000000000000000C2
7FFFFFFFFFFFFFFEC8
000000000000000276
0000000000000000CA
7FFFFFFFFFFFFFFF35
000000000000000015
0000000000000000C5
7FFFFFFFFFFFFFFEE8
7FFFFFFFFFFFFFFEF0
000000000000000014
0000000000000000BB
000000000000000039
7FFFFFFFFFFFFFFF8D
00000000000000012A
000000000000000053
7FFFFFFFFFFFFFFFF9
7FFFFFFFFFFFFFFF79
000000000000000005
7FFFFFFFFFFFFFFF75
00000000000000017E
00000000000000015E
7FFFFFFFFFFFFFFEAB
7FFFFFFFFFFFFFFFF9
0000000000000001E2
000000000000000074
7FFFFFFFFFFFFFFFDF
000000000000000041
00000000000000002E
7FFFFFFFFFFFFFFED5
000000000000000099
7FFFFFFFFFFFFFFFA6
7FFFFFFFFFFFFFFEAB
0000000000000000AA
000000000000000358
7FFFFFFFFFFFFFFF35
7FFFFFFFFFFFFFFECA
7FFFFFFFFFFFFFFF41
7FFFFFFFFFFFFFFF58
000000000000000044
000000000000000007
7FFFFFFFFFFFFFFE39
7FFFFFFFFFFFFFFE7E
7FFFFFFFFFFFFFFF88
000000000000000058
00000000000000001A
000000000000000084
000000000000000027
000000000000000100
00000000000000012D
7FFFFFFFFFFFFFFF82
00000000000000012B
7FFFFFFFFFFFFFFFA7
7FFFFFFFFFFFFFFEC1
7FFFFFFFFFFFFFFF17
000000000000000121
0000000000000000E9
7FFFFFFFFFFFFFFF6F
00000000000000006E
000000000000000001
000000000000000242
7FFFFFFFFFFFFFFEF7
7FFFFFFFFFFFFFFFD1
00000000000000014F
7FFFFFFFFFFFFFFF74
7FFFFFFFFFFFFFFF0B
0000000000000001AC
7FFFFFFFFFFFFFFDDA
000000000000000077
000000000000000075
000000000000000064
0000000000000001AE
0000000000000000C5
000000000000000192
7FFFFFFFFFFFFFFF32
000000000000000158
7FFFFFFFFFFFFFFFAB
7FFFFFFFFFFFFFFFC3
0000000000000000E1
000000000000000012
7FFFFFFFFFFFFFFF4F
7FFFFFFFFFFFFFFF8E
000000000000000006
7FFFFFFFFFFFFFFFCF
0000000000000002F8
00000000000000007D
7FFFFFFFFFFFFFFF17
7FFFFFFFFFFFFFFF14
000000000000000035
0000000000000000A6
7FFFFFFFFFFFFFFE4A
0000000000000000D0
00000000000000004E
7FFFFFFFFFFFFFFFD6
0000000000000000E0
00000000000000012A
000000000000000101
7FFFFFFFFFFFFFFE75
00000000000000008E
000000000000000157
000000000000000017
000000000000000296
7FFFFFFFFFFFFFFEEE
7FFFFFFFFFFFFFFFA5
7FFFFFFFFFFFFFFFB3
7FFFFFFFFFFFFFFFB0
000000000000000063
7FFFFFFFFFFFFFFF3B
7FFFFFFFFFFFFFFF58
7FFFFFFFFFFFFFFF3C
7FFFFFFFFFFFFFFEAC
00000000000000002B
000000000000000100
0000000000000000AB
7FFFFFFFFFFFFFFFA3
7FFFFFFFFFFFFFFFC9
000000000000000136
000000000000000183
7FFFFFFFFFFFFFFF70
000000000000000157
7FFFFFFFFFFFFFFE44
7FFFFFFFFFFFFFFD08
0000000000000000BC
7FFFFFFFFFFFFFFDFC
000000000000000048
000000000000000165
7FFFFFFFFFFFFFFFDE
7FFFFFFFFFFFFFFF92
00000000000000004A
00000000000000026D
7FFFFFFFFFFFFFFFDE
0000000000000000A8
0000000000000000CB
0000000000000001AC
7FFFFFFFFFFFFFFFA6
00000000000000000C
000000000000000058
0000000000000001D3
7FFFFFFFFFFFFFFFC6
000000000000000167
7FFFFFFFFFFFFFFFF9
7FFFFFFFFFFFFFFF05
7FFFFFFFFFFFFFFFDB
00000000000000004C
0000000000000000A3
7FFFFFFFFFFFFFFE88
000000000000000024
00000000000000025B
00000000000000000C
7FFFFFFFFFFFFFFDE0
000000000000000095
00000000000000003C
7FFFFFFFFFFFFFFFCB
000000000000000028
000000000000000107
7FFFFFFFFFFFFFFF2C
000000000000000062
7FFFFFFFFFFFFFFF39
00000000000000002B
0000000000000001FB
000000000000000138
7FFFFFFFFFFFFFFF85
7FFFFFFFFFFFFFFDD5
7FFFFFFFFFFFFFFED8
7FFFFFFFFFFFFFFEAB
7FFFFFFFFFFFFFFF34
000000000000000003
7FFFFFFFFFFFFFFFAB
7FFFFFFFFFFFFFFE80
00000000000000002A
00000000000000008A
00000000000000001D
000000000000000061
00000000000000006A
000000000000000128
7FFFFFFFFFFFFFFFCD
7FFFFFFFFFFFFFFEE7
7FFFFFFFFFFFFFFFCA
7FFFFFFFFFFFFFFF98
000000000000000175
00000000000000002F
00000000000000012C
000000000000000057
7FFFFFFFFFFFFFFFA9
0000000000000000A5
7FFFFFFFFFFFFFFEB4
7FFFFFFFFFFFFFFF45
7FFFFFFFFFFFFFFFE6
0000000000000000C1
7FFFFFFFFFFFFFFF00
7FFFFFFFFFFFFFFFFA
000000000000000253
7FFFFFFFFFFFFFFE33
7FFFFFFFFFFFFFFF7B
7FFFFFFFFFFFFFFE8F
00000000000000023E
7FFFFFFFFFFFFFFFCE
0000000000000001CD
7FFFFFFFFFFFFFFFC7
7FFFFFFFFFFFFFFE20
7FFFFFFFFFFFFFFF67
7FFFFFFFFFFFFFFF4F
7FFFFFFFFFFFFFFFEC
000000000000000127
7FFFFFFFFFFFFFFFBB
7FFFFFFFFFFFFFFE72
7FFFFFFFFFFFFFFE4F
00000000000000009D
000000000000000014
7FFFFFFFFFFFFFFE16
000000000000000093
7FFFFFFFFFFFFFFFC7
000000000000000212
7FFFFFFFFFFFFFFF88
0000000000000000F3
000000000000000014
7FFFFFFFFFFFFFFF2F
7FFFFFFFFFFFFFFFF4
7FFFFFFFFFFFFFFFE8
0000000000000001FA
7FFFFFFFFFFFFFFEE3
7FFFFFFFFFFFFFFF6B
0000000000000000E0
7FFFFFFFFFFFFFFF73
7FFFFFFFFFFFFFFE84
7FFFFFFFFFFFFFFFCD
0000000000000000DA
000000000000000102
7FFFFFFFFFFFFFFF63
7FFFFFFFFFFFFFFE67
0000000000000001DF
7FFFFFFFFFFFFFFFD5
0000000000000000B5
7FFFFFFFFFFFFFFFF8
7FFFFFFFFFFFFFFFF5
7FFFFFFFFFFFFFFFA3
0000000000000000B5
7FFFFFFFFFFFFFFDF9
00000000000000003C
7FFFFFFFFFFFFFFF6D
000000000000000069
00000000000000004E
000000000000000096
00000000000000000C
7FFFFFFFFFFFFFFFAA
0000000000000000D9
7FFFFFFFFFFFFFFF16
7FFFFFFFFFFFFFFEB2
7FFFFFFFFFFFFFFF55
7FFFFFFFFFFFFFFF8C
00000000000000022B
7FFFFFFFFFFFFFFEF3
000000000000000110
00000000000000025D
0000000000000000BC
7FFFFFFFFFFFFFFF6B
7FFFFFFFFFFFFFFF61
00000000000000014B
7FFFFFFFFFFFFFFFFB
00000000000000008F
0000000000000000D9
000000000000000178
7FFFFFFFFFFFFFFF5A
7FFFFFFFFFFFFFFFC9
7FFFFFFFFFFFFFFFD9
7FFFFFFFFFFFFFFF9D
0000000000000000FC
0000000000000000AA
000000000000000022
7FFFFFFFFFFFFFFECA
00000000000000006F
00000000000000013B
000000000000000052
7FFFFFFFFFFFFFFE5F
00000000000000018E
0000000000000000BC
000000000000000001
7FFFFFFFFFFFFFFFC1
0000000000000001A7
000000000000000025
0000000000000000DD
7FFFFFFFFFFFFFFEC0
0000000000000000EB
000000000000000035
7FFFFFFFFFFFFFFE69
0000000000000001E7
000000000000000182
000000000000000081
000000000000000036
7FFFFFFFFFFFFFFF13
000000000000000071
000000000000000091
0000000000000000A2
0000000000000000EA
000000000000000327
0000000000000001C1
7FFFFFFFFFFFFFFE63
000000000000000047
0000000000000000BE
0000000000000000FF
000000000000000062
000000000000000047
0000000000000000FB
7FFFFFFFFFFFFFFF7B
00000000000000003A
7FFFFFFFFFFFFFFFFE
0000000000000000D5
0000000000000000ED
0000000000000000C4
7FFFFFFFFFFFFFFE6D
000000000000000001
000000000000000083
000000000000000031
00000000000000005A
000000000000000069
0000000000000000DD
7FFFFFFFFFFFFFFF8C
7FFFFFFFFFFFFFFF7F
000000000000000027
7FFFFFFFFFFFFFFF75
7FFFFFFFFFFFFFFF37
7FFFFFFFFFFFFFFFE0
7FFFFFFFFFFFFFFFFB
000000000000000011
7FFFFFFFFFFFFFFF18
7FFFFFFFFFFFFFFF70
7FFFFFFFFFFFFFFFCB
7FFFFFFFFFFFFFFFD7
7FFFFFFFFFFFFFFF8C
7FFFFFFFFFFFFFFFAD
7FFFFFFFFFFFFFFF93
00000000000000008B
7FFFFFFFFFFFFFFF65
7FFFFFFFFFFFFFFF59
7FFFFFFFFFFFFFFE92
000000000000000061
7FFFFFFFFFFFFFFF51
000000000000000069
7FFFFFFFFFFFFFFEB2
7FFFFFFFFFFFFFFEC0
00000000000000001A
000000000000000011
7FFFFFFFFFFFFFFED1
7FFFFFFFFFFFFFFE56
7FFFFFFFFFFFFFFF0D
7FFFFFFFFFFFFFFF53
7FFFFFFFFFFFFFFFFF
7FFFFFFFFFFFFFFFC1
7FFFFFFFFFFFFFFFFD
7FFFFFFFFFFFFFFF79
7FFFFFFFFFFFFFFE9C
7FFFFFFFFFFFFFFFC1
7FFFFFFFFFFFFFFFD0
7FFFFFFFFFFFFFFFD4
7FFFFFFFFFFFFFFFC1
7FFFFFFFFFFFFFFFDA
7FFFFFFFFFFFFFFFB7
00000000000000005E
000000000000000045
7FFFFFFFFFFFFFFEED
000000000000000037
00000000000000005E
000000000000000117
7FFFFFFFFFFFFFFF86
7FFFFFFFFFFFFFFF35
00000000000000005F
7FFFFFFFFFFFFFFE7D
7FFFFFFFFFFFFFFFA3
00000000000000011B
7FFFFFFFFFFFFFFF4A
0000000000000000EC
7FFFFFFFFFFFFFFDCD
7FFFFFFFFFFFFFFF66
7FFFFFFFFFFFFFFF77
7FFFFFFFFFFFFFFF6F
000000000000000071
7FFFFFFFFFFFFFFF88
00000000000000010F
7FFFFFFFFFFFFFFF83
000000000000000043
7FFFFFFFFFFFFFFE92
7FFFFFFFFFFFFFFF24
000000000000000000
7FFFFFFFFFFFFFFFB1
000000000000000130
0000000000000000C7
0000000000000000DB
7FFFFFFFFFFFFFFF6A
7FFFFFFFFFFFFFFEBB
7FFFFFFFFFFFFFFF1E
7FFFFFFFFFFFFFFF6A
7FFFFFFFFFFFFFFFDB
0000000000000000E5
7FFFFFFFFFFFFFFFEC
7FFFFFFFFFFFFFFEAE
7FFFFFFFFFFFFFFDB2
000000000000000086
000000000000000156
7FFFFFFFFFFFFFFF2A
7FFFFFFFFFFFFFFF53
7FFFFFFFFFFFFFFF1F
7FFFFFFFFFFFFFFF8E
7FFFFFFFFFFFFFFD9A
000000000000000030
00000000000000011F
7FFFFFFFFFFFFFFF6E
000000000000000063
000000000000000164
000000000000000109
00000000000000012E
00000000000000008B
7FFFFFFFFFFFFFFF5A
7FFFFFFFFFFFFFFEFC
000000000000000066
000000000000000089
7FFFFFFFFFFFFFFEDE
0000000000000000BB
7FFFFFFFFFFFFFFF33
7FFFFFFFFFFFFFFEEC
7FFFFFFFFFFFFFFDCC
0000000000000000D8
0000000000000001C0
7FFFFFFFFFFFFFFFB1
7FFFFFFFFFFFFFFFD7
000000000000000059
000000000000000021
7FFFFFFFFFFFFFFF7C
7FFFFFFFFFFFFFFF72
0000000000000001F6
7FFFFFFFFFFFFFFEDE
7FFFFFFFFFFFFFFF63
7FFFFFFFFFFFFFFF8F
00000000000000005F
000000000000000148
00000000000000009A
7FFFFFFFFFFFFFFDD8
00000000000000001B
7FFFFFFFFFFFFFFF36
00000000000000007D
000000000000000125
7FFFFFFFFFFFFFFFF4
000000000000000011
7FFFFFFFFFFFFFFF5E
7FFFFFFFFFFFFFFF80
7FFFFFFFFFFFFFFFFE
7FFFFFFFFFFFFFFF3C
000000000000000107
7FFFFFFFFFFFFFFF62
000000000000000125
00000000000000010F
0000000000000000E1
000000000000000037
000000000000000029
7FFFFFFFFFFFFFFFBA
7FFFFFFFFFFFFFFFE7
7FFFFFFFFFFFFFFE45
000000000000000070
7FFFFFFFFFFFFFFFBA
7FFFFFFFFFFFFFFEBF
7FFFFFFFFFFFFFFF7A
7FFFFFFFFFFFFFFEA6
7FFFFFFFFFFFFFFF25
00000000000000012C
7FFFFFFFFFFFFFFEDD
0000000000000000EE
000000000000000066
7FFFFFFFFFFFFFFFCE
7FFFFFFFFFFFFFFF1A
7FFFFFFFFFFFFFFF4C
0000000000000000A5
7FFFFFFFFFFFFFFFF7
7FFFFFFFFFFFFFFFC1
7FFFFFFFFFFFFFFF18
7FFFFFFFFFFFFFFF51
7FFFFFFFFFFFFFFF82
7FFFFFFFFFFFFFFEEC
0000000000000000CA
7FFFFFFFFFFFFFFEFF
7FFFFFFFFFFFFFFEF6
0000000000000000A1
7FFFFFFFFFFFFFFF49
7FFFFFFFFFFFFFFFE2
7FFFFFFFFFFFFFFF01
000000000000000129
7FFFFFFFFFFFFFFF2A
7FFFFFFFFFFFFFFF9F
00000000000000011E
0000000000000001F9
7FFFFFFFFFFFFFFFDB
7FFFFFFFFFFFFFFFE4
0000000000000000FC
7FFFFFFFFFFFFFFFEC
000000000000000084
7FFFFFFFFFFFFFFEB3
7FFFFFFFFFFFFFFE9D
7FFFFFFFFFFFFFFF85
7FFFFFFFFFFFFFFF89
7FFFFFFFFFFFFFFEE5
000000000000000045
00000000000000001A
0000000000000000BC
00000000000000000E
000000000000000005
0000000000000000C3
0000000000000000F3
000000000000000008
7FFFFFFFFFFFFFFEF5
00000000000000012D
7FFFFFFFFFFFFFFFE2
7FFFFFFFFFFFFFFF67
7FFFFFFFFFFFFFFFA3
7FFFFFFFFFFFFFFFDD
7FFFFFFFFFFFFFFFC1
7FFFFFFFFFFFFFFF60
00000000000000009E
7FFFFFFFFFFFFFFFA8
7FFFFFFFFFFFFFFFD2
000000000000000028
000000000000000104
000000000000000064
7FFFFFFFFFFFFFFDFC
000000000000000084
00000000000000009C
7FFFFFFFFFFFFFFF53
0000000000000000CE
0000000000000001EE
00000000000000016F
7FFFFFFFFFFFFFFFA4
7FFFFFFFFFFFFFFEAE
7FFFFFFFFFFFFFFEFA
7FFFFFFFFFFFFFFEF3
000000000000000098
0000000000000000B9
000000000000000006
000000000000000085
7FFFFFFFFFFFFFFFAB
00000000000000012E
7FFFFFFFFFFFFFFF9D
7FFFFFFFFFFFFFFF6F
7FFFFFFFFFFFFFFFF9
7FFFFFFFFFFFFFFF99
00000000000000003B
7FFFFFFFFFFFFFFF71
00000000000000002A
0000000000000000E1
7FFFFFFFFFFFFFFF59
7FFFFFFFFFFFFFFFAC
000000000000000071
000000000000000015
0000000000000000D8
000000000000000013
7FFFFFFFFFFFFFFFE3
7FFFFFFFFFFFFFFEB2
000000000000000056
0000000000000000A9
000000000000000107
0000000000000000B1
0000000000000000F2
7FFFFFFFFFFFFFFF51
000000000000000217
000000000000000008
7FFFFFFFFFFFFFFFDB
00000000000000015C
7FFFFFFFFFFFFFFF8A
7FFFFFFFFFFFFFFF3A
000000000000000042
7FFFFFFFFFFFFFFF3B
7FFFFFFFFFFFFFFF66
7FFFFFFFFFFFFFFF5E
7FFFFFFFFFFFFFFEF0
0000000000000001FA
7FFFFFFFFFFFFFFE4E
7FFFFFFFFFFFFFFF75
000000000000000017
00000000000000001D
7FFFFFFFFFFFFFFE76
7FFFFFFFFFFFFFFE3A
7FFFFFFFFFFFFFFF3A
7FFFFFFFFFFFFFFFCF
000000000000000054
7FFFFFFFFFFFFFFFDC
7FFFFFFFFFFFFFFFDD
7FFFFFFFFFFFFFFFA4
000000000000000044
00000000000000003E
7FFFFFFFFFFFFFFF75
7FFFFFFFFFFFFFFFA7
00000000000000005F
000000000000000092
7FFFFFFFFFFFFFFEE6
7FFFFFFFFFFFFFFF5F
7FFFFFFFFFFFFFFFE0
00000000000000005D
0000000000000000B4
000000000000000030
7FFFFFFFFFFFFFFED0
7FFFFFFFFFFFFFFFE0
0000000000000000C6
000000000000000012
7FFFFFFFFFFFFFFF62
7FFFFFFFFFFFFFFF0A
7FFFFFFFFFFFFFFFE4
000000000000000285
7FFFFFFFFFFFFFFFCC
7FFFFFFFFFFFFFFF51
7FFFFFFFFFFFFFFFEF
7FFFFFFFFFFFFFFFC0
0000000000000000C5
000000000000000014
000000000000000169
00000000000000016D
0000000000000001A1
0000000000000000F3
7FFFFFFFFFFFFFFF04
000000000000000120
7FFFFFFFFFFFFFFFFA
7FFFFFFFFFFFFFFF94
7FFFFFFFFFFFFFFF48
000000000000000045
000000000000000060
000000000000000021
7FFFFFFFFFFFFFFFD4
7FFFFFFFFFFFFFFF02
7FFFFFFFFFFFFFFFD0
7FFFFFFFFFFFFFFD99
00000000000000003A
7FFFFFFFFFFFFFFFBA
00000000000000008F
7FFFFFFFFFFFFFFFAD
000000000000000272
000000000000000008
7FFFFFFFFFFFFFFF43
7FFFFFFFFFFFFFFFC1
000000000000000127
7FFFFFFFFFFFFFFF9D
000000000000000044
7FFFFFFFFFFFFFFDBF
000000000000000092
000000000000000043
000000000000000004
000000000000000145
0000000000000000BD
7FFFFFFFFFFFFFFEC4
000000000000000175
7FFFFFFFFFFFFFFF16
000000000000000113
7FFFFFFFFFFFFFFDE5
7FFFFFFFFFFFFFFF0D
7FFFFFFFFFFFFFFEC5
7FFFFFFFFFFFFFFFA6
000000000000000187
0000000000000001CD
7FFFFFFFFFFFFFFF7A
7FFFFFFFFFFFFFFFE7
000000000000000034
000000000000000001
00000000000000006B
7FFFFFFFFFFFFFFE63
7FFFFFFFFFFFFFFFDC
000000000000000113
7FFFFFFFFFFFFFFFA4
0000000000000000D9
0000000000000000DA
00000000000000021C
00000000000000007D
7FFFFFFFFFFFFFFF23
00000000000000003A
0000000000000000DA
7FFFFFFFFFFFFFFDB9
000000000000000187
7FFFFFFFFFFFFFFF94
7FFFFFFFFFFFFFFDD3
0000000000000000D5
7FFFFFFFFFFFFFFF4F
7FFFFFFFFFFFFFFF37
7FFFFFFFFFFFFFFF1A
000000000000000145
000000000000000151
0000000000000000F2
0000000000000000E4
7FFFFFFFFFFFFFFF2E
0000000000000001BD
7FFFFFFFFFFFFFFF63
7FFFFFFFFFFFFFFEFD
0000000000000001A7
7FFFFFFFFFFFFFFE4A
00000000000000016E
7FFFFFFFFFFFFFFFA6
00000000000000016D
000000000000000090
7FFFFFFFFFFFFFFF53
7FFFFFFFFFFFFFFF60
000000000000000095
7FFFFFFFFFFFFFFF20
000000000000000024
7FFFFFFFFFFFFFFE0A
7FFFFFFFFFFFFFFE2F
00000000000000006C
0000000000000000CB
0000000000000001FC
0000000000000000AC
00000000000000002B
7FFFFFFFFFFFFFFFC8
00000000000000027A
7FFFFFFFFFFFFFFFC9
7FFFFFFFFFFFFFFEB0
7FFFFFFFFFFFFFFF64
7FFFFFFFFFFFFFFE5E
000000000000000121
0000000000000001DD
7FFFFFFFFFFFFFFECD
7FFFFFFFFFFFFFFF2C
0000000000000001E3
7FFFFFFFFFFFFFFF5C
0000000000000000FE
0000000000000000F7
0000000000000000A4
7FFFFFFFFFFFFFFFCC
000000000000000115
000000000000000055
0000000000000001B9
00000000000000004C
000000000000000045
7FFFFFFFFFFFFFFFCC
000000000000000021
000000000000000172
000000000000000141
7FFFFFFFFFFFFFFF56
0000000000000000BF
000000000000000055
000000000000000082
000000000000000021
000000000000000138
000000000000000013
7FFFFFFFFFFFFFFFBA
0000000000000000AC
0000000000000000C8
7FFFFFFFFFFFFFFFCF
7FFFFFFFFFFFFFFFBA
7FFFFFFFFFFFFFFF99
000000000000000047
7FFFFFFFFFFFFFFFC4
7FFFFFFFFFFFFFFF83
000000000000000108
0000000000000000B1
7FFFFFFFFFFFFFFFD8
00000000000000007A
000000000000000162
7FFFFFFFFFFFFFFF61
7FFFFFFFFFFFFFFF7C
7FFFFFFFFFFFFFFFE8
7FFFFFFFFFFFFFFFAF
7FFFFFFFFFFFFFFDBB
000000000000000113
7FFFFFFFFFFFFFFD1F
00000000000000015F
0000000000000001DC
7FFFFFFFFFFFFFFF91
7FFFFFFFFFFFFFFFE4
00000000000000000E
000000000000000135
7FFFFFFFFFFFFFFEB4
7FFFFFFFFFFFFFFEB4
000000000000000298
7FFFFFFFFFFFFFFF39
7FFFFFFFFFFFFFFE1A
000000000000000228
7FFFFFFFFFFFFFFEA8
7FFFFFFFFFFFFFFF7E
00000000000000010A
7FFFFFFFFFFFFFFF12
0000000000000001B8
000000000000000023
7FFFFFFFFFFFFFFF8A
0000000000000000CD
000000000000000165
000000000000000043
000000000000000116
7FFFFFFFFFFFFFFF5E
00000000000000005C
000000000000000043
7FFFFFFFFFFFFFFFAD
000000000000000218
00000000000000007B
7FFFFFFFFFFFFFFFBD
7FFFFFFFFFFFFFFFDB
7FFFFFFFFFFFFFFEBB
0000000000000000DA
0000000000000001A4
000000000000000035
7FFFFFFFFFFFFFFF8E
000000000000000217
7FFFFFFFFFFFFFFF99
7FFFFFFFFFFFFFFFB1
00000000000000004D
0000000000000001F8
00000000000000009B
7FFFFFFFFFFFFFFEC4
00000000000000008D
000000000000000188
7FFFFFFFFFFFFFFFD4
000000000000000039
000000000000000137
7FFFFFFFFFFFFFFF26
000000000000000044
000000000000000039
7FFFFFFFFFFFFFFF24
00000000000000005B
000000000000000078
7FFFFFFFFFFFFFFF97
000000000000000045
7FFFFFFFFFFFFFFF65
0000000000000000C0
7FFFFFFFFFFFFFFF4A
000000000000000016
7FFFFFFFFFFFFFFE44
7FFFFFFFFFFFFFFFDA
000000000000000086
000000000000000077
000000000000000120
7FFFFFFFFFFFFFFFE8
7FFFFFFFFFFFFFFFC6
7FFFFFFFFFFFFFFF29
7FFFFFFFFFFFFFFF40
000000000000000089
7FFFFFFFFFFFFFFDC0
00000000000000006D
000000000000000045
000000000000000041
7FFFFFFFFFFFFFFF70
7FFFFFFFFFFFFFFF8D
7FFFFFFFFFFFFFFEEF
7FFFFFFFFFFFFFFE7B
7FFFFFFFFFFFFFFE54
0000000000000000B5
00000000000000015A
0000000000000001C2
000000000000000120
0000000000000000ED
7FFFFFFFFFFFFFFEB1
000000000000000144
00000000000000002E
7FFFFFFFFFFFFFFF6A
7FFFFFFFFFFFFFFEC5
7FFFFFFFFFFFFFFD2D
0000000000000000AD
000000000000000019
000000000000000042
7FFFFFFFFFFFFFFF20
7FFFFFFFFFFFFFFF0E
7FFFFFFFFFFFFFFEDE
7FFFFFFFFFFFFFFF18
0000000000000001CE
000000000000000069
0000000000000000BF
00000000000000009B
7FFFFFFFFFFFFFFF5A
000000000000000200
7FFFFFFFFFFFFFFF4B
7FFFFFFFFFFFFFFFC4
7FFFFFFFFFFFFFFF80
00000000000000002D
0000000000000000D7
000000000000000106
0000000000000000E4
000000000000000084
000000000000000025
7FFFFFFFFFFFFFFFF1
7FFFFFFFFFFFFFFE7B
00000000000000008D
00000000000000007D
0000000000000001A5
0000000000000000BD
7FFFFFFFFFFFFFFEDF
000000000000000046
7FFFFFFFFFFFFFFDC0
7FFFFFFFFFFFFFFFBB
7FFFFFFFFFFFFFFE7B
7FFFFFFFFFFFFFFFC1
0000000000000000E9
7FFFFFFFFFFFFFFF79
7FFFFFFFFFFFFFFFAD
0000000000000000DB
7FFFFFFFFFFFFFFF28
000000000000000253
000000000000000101
000000000000000018
0000000000000000DB
7FFFFFFFFFFFFFFE4B
7FFFFFFFFFFFFFFD95
7FFFFFFFFFFFFFFF91
7FFFFFFFFFFFFFFDF4
7FFFFFFFFFFFFFFEAF
000000000000000099
7FFFFFFFFFFFFFFF77
7FFFFFFFFFFFFFFF42
0000000000000002CA
7FFFFFFFFFFFFFFFE8
00000000000000002E
000000000000000017
000000000000000033
0000000000000000DE
000000000000000122
000000000000000087
7FFFFFFFFFFFFFFFA4
00000000000000008C
7FFFFFFFFFFFFFFFC0
0000000000000001FF
7FFFFFFFFFFFFFFE55
00000000000000013A
7FFFFFFFFFFFFFFFAF
0000000000000000EE
000000000000000279
000000000000000126
000000000000000166
7FFFFFFFFFFFFFFFA4
7FFFFFFFFFFFFFFDDA
00000000000000003E
7FFFFFFFFFFFFFFFA2
7FFFFFFFFFFFFFFEEE
7FFFFFFFFFFFFFFE52
7FFFFFFFFFFFFFFE18
000000000000000183
7FFFFFFFFFFFFFFF98
7FFFFFFFFFFFFFFFC2
0000000000000000D2
00000000000000000C
000000000000000020
7FFFFFFFFFFFFFFFC0
7FFFFFFFFFFFFFFE34
7FFFFFFFFFFFFFFEA0
000000000000000185
0000000000000000FC
7FFFFFFFFFFFFFFFEF
00000000000000000E
7FFFFFFFFFFFFFFFEE
00000000000000032D
000000000000000170
000000000000000246
000000000000000113
0000000000000000B6
00000000000000007D
00000000000000006A
0000000000000000A2
0000000000000000A1
7FFFFFFFFFFFFFFF3C
0000000000000000A5
000000000000000165
7FFFFFFFFFFFFFFFC5
7FFFFFFFFFFFFFFFB6
000000000000000187
7FFFFFFFFFFFFFFF39
0000000000000001A7
7FFFFFFFFFFFFFFFE9
00000000000000007E
000000000000000080
7FFFFFFFFFFFFFFEAA
7FFFFFFFFFFFFFFF54
7FFFFFFFFFFFFFFF95
7FFFFFFFFFFFFFFF58
000000000000000039
00000000000000003A
00000000000000006C
000000000000000337
7FFFFFFFFFFFFFFEA4
7FFFFFFFFFFFFFFDF5
000000000000000037
00000000000000001E
00000000000000003A
7FFFFFFFFFFFFFFF78
0000000000000000A9
00000000000000001E
00000000000000011C
7FFFFFFFFFFFFFFFF3
0000000000000000DC
7FFFFFFFFFFFFFFE46
7FFFFFFFFFFFFFFFFE
000000000000000148
7FFFFFFFFFFFFFFE96
00000000000000017D
7FFFFFFFFFFFFFFF25
7FFFFFFFFFFFFFFFB9
7FFFFFFFFFFFFFFFDB
0000000000000000AC
7FFFFFFFFFFFFFFE7C
7FFFFFFFFFFFFFFFB6
7FFFFFFFFFFFFFFF30
7FFFFFFFFFFFFFFF9A
7FFFFFFFFFFFFFFF40
7FFFFFFFFFFFFFFF8F
00000000000000000D
00000000000000008B
7FFFFFFFFFFFFFFFC7
7FFFFFFFFFFFFFFFFA
000000000000000004
7FFFFFFFFFFFFFFF66
000000000000000081
7FFFFFFFFFFFFFFF65
00000000000000002C
7FFFFFFFFFFFFFFFE5
7FFFFFFFFFFFFFFFC0
0000000000000001CE
7FFFFFFFFFFFFFFF25
7FFFFFFFFFFFFFFEA5
7FFFFFFFFFFFFFFF7F
000000000000000134
7FFFFFFFFFFFFFFFBB
7FFFFFFFFFFFFFFE89
7FFFFFFFFFFFFFFFE8
7FFFFFFFFFFFFFFE68
7FFFFFFFFFFFFFFE8B
00000000000000001F
0000000000000000BC
7FFFFFFFFFFFFFFF2A
00000000000000002F
7FFFFFFFFFFFFFFFD6
000000000000000041
000000000000000089
7FFFFFFFFFFFFFFE44
7FFFFFFFFFFFFFFF87
7FFFFFFFFFFFFFFF3B
7FFFFFFFFFFFFFFF16
7FFFFFFFFFFFFFFEDE
00000000000000008C
7FFFFFFFFFFFFFFF22
7FFFFFFFFFFFFFFFCD
7FFFFFFFFFFFFFFF46
000000000000000034
00000000000000006E
7FFFFFFFFFFFFFFFE0
7FFFFFFFFFFFFFFFAE
7FFFFFFFFFFFFFFFCC
000000000000000063
000000000000000034
7FFFFFFFFFFFFFFF8F
7FFFFFFFFFFFFFFF36
000000000000000112
000000000000000119
0000000000000000CB
7FFFFFFFFFFFFFFF66
7FFFFFFFFFFFFFFFAE
00000000000000007B
00000000000000007A
7FFFFFFFFFFFFFFDB1
7FFFFFFFFFFFFFFF9C
0000000000000001C2
0000000000000000AD
0000000000000000ED
000000000000000053
7FFFFFFFFFFFFFFF8A
00000000000000001A
7FFFFFFFFFFFFFFFF2
7FFFFFFFFFFFFFFF3E
0000000000000000B5
7FFFFFFFFFFFFFFFA4
00000000000000004B
0000000000000000CA
0000000000000000B6
7FFFFFFFFFFFFFFFC8
7FFFFFFFFFFFFFFDD3
7FFFFFFFFFFFFFFFB7
7FFFFFFFFFFFFFFFFC
000000000000000133
00000000000000000B
00000000000000002C
000000000000000057
0000000000000002A4
00000000000000004E
7FFFFFFFFFFFFFFF34
7FFFFFFFFFFFFFFEEB
000000000000000093
00000000000000004F
000000000000000192
000000000000000193
000000000000000067
000000000000000048
00000000000000009B
7FFFFFFFFFFFFFFF50
00000000000000000E
7FFFFFFFFFFFFFFF67
7FFFFFFFFFFFFFFF65
7FFFFFFFFFFFFFFFB5
7FFFFFFFFFFFFFFFDD
000000000000000059
000000000000000019
000000000000000017
0000000000000000E3
000000000000000133
7FFFFFFFFFFFFFFFEE
0000000000000001DA
0000000000000000B7
00000000000000006C
00000000000000012A
7FFFFFFFFFFFFFFF5A
000000000000000074
7FFFFFFFFFFFFFFFC9
000000000000000055
7FFFFFFFFFFFFFFFCA
7FFFFFFFFFFFFFFFAC
7FFFFFFFFFFFFFFF31
0000000000000001B6
00000000000000011E
00000000000000015C
7FFFFFFFFFFFFFFFAE
7FFFFFFFFFFFFFFFAA
0000000000000000D3
7FFFFFFFFFFFFFFFEA
7FFFFFFFFFFFFFFEC0
7FFFFFFFFFFFFFFFC9
7FFFFFFFFFFFFFFFB2
0000000000000000FE
7FFFFFFFFFFFFFFFD8
7FFFFFFFFFFFFFFFAC
00000000000000000A
7FFFFFFFFFFFFFFEB0
7FFFFFFFFFFFFFFEB6
000000000000000023
7FFFFFFFFFFFFFFFC6
7FFFFFFFFFFFFFFF16
7FFFFFFFFFFFFFFF66
7FFFFFFFFFFFFFFF95
0000000000000001EF
7FFFFFFFFFFFFFFF2C
000000000000000052
000000000000000105
7FFFFFFFFFFFFFFFB9
7FFFFFFFFFFFFFFF95
00000000000000032A
000000000000000240
00000000000000009B
00000000000000000A
7FFFFFFFFFFFFFFEDA
7FFFFFFFFFFFFFFE7B
00000000000000013B
7FFFFFFFFFFFFFFEB6
7FFFFFFFFFFFFFFFFB
7FFFFFFFFFFFFFFFF3
000000000000000215
7FFFFFFFFFFFFFFF4A
0000000000000000A9
000000000000000066
000000000000000046
00000000000000007D
000000000000000033
7FFFFFFFFFFFFFFED6
7FFFFFFFFFFFFFFEEE
0000000000000001E0
7FFFFFFFFFFFFFFF99
000000000000000026
7FFFFFFFFFFFFFFEB8
000000000000000061
7FFFFFFFFFFFFFFF82
000000000000000086
000000000000000095
7FFFFFFFFFFFFFFF5B
0000000000000000B2
7FFFFFFFFFFFFFFE9C
7FFFFFFFFFFFFFFEAF
000000000000000139
0000000000000001E0
7FFFFFFFFFFFFFFF47
7FFFFFFFFFFFFFFF64
7FFFFFFFFFFFFFFF2A
7FFFFFFFFFFFFFFF56
000000000000000042
000000000000000186
7FFFFFFFFFFFFFFFD4
000000000000000068
7FFFFFFFFFFFFFFFED
7FFFFFFFFFFFFFFFFB
0000000000000001E0
7FFFFFFFFFFFFFFF5C
7FFFFFFFFFFFFFFEA8
000000000000000160
7FFFFFFFFFFFFFFF1F
7FFFFFFFFFFFFFFF63
000000000000000048
7FFFFFFFFFFFFFFE86
7FFFFFFFFFFFFFFF87
7FFFFFFFFFFFFFFF80
000000000000000079
7FFFFFFFFFFFFFFF60
0000000000000000B8
7FFFFFFFFFFFFFFF6A
7FFFFFFFFFFFFFFF52
000000000000000356
000000000000000082
0000000000000000AE
000000000000000077
7FFFFFFFFFFFFFFF91
7FFFFFFFFFFFFFFE80
0000000000000000A8
7FFFFFFFFFFFFFFFD4
0000000000000000F3
00000000000000004F
7FFFFFFFFFFFFFFFD4
00000000000000006B
000000000000000310
7FFFFFFFFFFFFFFF7E
7FFFFFFFFFFFFFFEC5
0000000000000001E9
7FFFFFFFFFFFFFFF72
7FFFFFFFFFFFFFFF04
00000000000000001D
0000000000000000BA
7FFFFFFFFFFFFFFF06
00000000000000006C
7FFFFFFFFFFFFFFEEB
7FFFFFFFFFFFFFFF74
00000000000000003C
00000000000000005C
0000000000000001A1
0000000000000000DC
7FFFFFFFFFFFFFFEA1
0000000000000000EB
7FFFFFFFFFFFFFFF8A
000000000000000080
7FFFFFFFFFFFFFFE89
000000000000000050
7FFFFFFFFFFFFFFFE4
7FFFFFFFFFFFFFFF14
00000000000000010D
000000000000000024
0000000000000000EB
000000000000000019
00000000000000002D
00000000000000004F
000000000000000005
0000000000000000B1
00000000000000018E
7FFFFFFFFFFFFFFF2A
000000000000000073
000000000000000042
7FFFFFFFFFFFFFFD65
000000000000000109
7FFFFFFFFFFFFFFE18
7FFFFFFFFFFFFFFFA2
000000000000000040
000000000000000150
7FFFFFFFFFFFFFFED8
7FFFFFFFFFFFFFFEDD
000000000000000160
000000000000000032
000000000000000023
000000000000000116
7FFFFFFFFFFFFFFE1D
7FFFFFFFFFFFFFFF3F
7FFFFFFFFFFFFFFFBD
000000000000000107
7FFFFFFFFFFFFFFEDE
000000000000000054
0000000000000000E5
000000000000000002
00000000000000017C
000000000000000193
7FFFFFFFFFFFFFFF1C
0000000000000000F6
7FFFFFFFFFFFFFFEE9
00000000000000000C
0000000000000001E3
00000000000000008D
00000000000000005A
7FFFFFFFFFFFFFFF57
000000000000000064
7FFFFFFFFFFFFFFF76
7FFFFFFFFFFFFFFE57
0000000000000001C8
0000000000000001A0
00000000000000008D
00000000000000014F
000000000000000146
0000000000000000E1
7FFFFFFFFFFFFFFF86
0000000000000000D3
7FFFFFFFFFFFFFFFC5
7FFFFFFFFFFFFFFFAC
000000000000000099
7FFFFFFFFFFFFFFE79
000000000000000095
7FFFFFFFFFFFFFFFEC
7FFFFFFFFFFFFFFFB8
7FFFFFFFFFFFFFFF4C
000000000000000286
7FFFFFFFFFFFFFFE9B
0000000000000000F5
00000000000000012F
7FFFFFFFFFFFFFFFF9
0000000000000000BA
7FFFFFFFFFFFFFFF9B
0000000000000000D5
00000000000000006F
7FFFFFFFFFFFFFFF4E
000000000000000149
7FFFFFFFFFFFFFFFE2
0000000000000001C7
7FFFFFFFFFFFFFFD14
7FFFFFFFFFFFFFFFFF
7FFFFFFFFFFFFFFFAC
0000000000000000F0
0000000000000001DD
0000000000000000B7
7FFFFFFFFFFFFFFF21
7FFFFFFFFFFFFFFFE7
00000000000000011C
0000000000000000E8
00000000000000009C
000000000000000130
000000000000000087
7FFFFFFFFFFFFFFFAE
000000000000000081
000000000000000177
00000000000000005E
00000000000000000D
7FFFFFFFFFFFFFFE3C
7FFFFFFFFFFFFFFE1A
000000000000000133
000000000000000059
0000000000000000B6
000000000000000140
000000000000000105
7FFFFFFFFFFFFFFFD0
7FFFFFFFFFFFFFFF5A
7FFFFFFFFFFFFFFFFF
00000000000000014C
7FFFFFFFFFFFFFFEC0
0000000000000000E0
0000000000000001B7
7FFFFFFFFFFFFFFF80
000000000000000037
7FFFFFFFFFFFFFFFDE
7FFFFFFFFFFFFFFF78
7FFFFFFFFFFFFFFF36
7FFFFFFFFFFFFFFFA9
00000000000000011C
7FFFFFFFFFFFFFFF9B
000000000000000166
7FFFFFFFFFFFFFFF88
7FFFFFFFFFFFFFFFA4
7FFFFFFFFFFFFFFF06
00000000000000005E
7FFFFFFFFFFFFFFEE3
000000000000000193
7FFFFFFFFFFFFFFFD5
7FFFFFFFFFFFFFFFFB
7FFFFFFFFFFFFFFF5C
000000000000000043
0000000000000000BD
7FFFFFFFFFFFFFFFDB
0000000000000000D7
0000000000000000A4
000000000000000190
7FFFFFFFFFFFFFFF06
7FFFFFFFFFFFFFFE77
00000000000000000B
7FFFFFFFFFFFFFFF99
0000000000000000EA
7FFFFFFFFFFFFFFEBE
7FFFFFFFFFFFFFFE90
7FFFFFFFFFFFFFFF1E
7FFFFFFFFFFFFFFFD0
7FFFFFFFFFFFFFFF7A
000000000000000143
00000000000000009A
000000000000000041
7FFFFFFFFFFFFFFE7B
000000000000000019
0000000000000000A0
7FFFFFFFFFFFFFFF6C
000000000000000141
000000000000000060
7FFFFFFFFFFFFFFF6B
000000000000000020
7FFFFFFFFFFFFFFEFD
000000000000000156
7FFFFFFFFFFFFFFE9C
0000000000000000D6
0000000000000000AC
7FFFFFFFFFFFFFFF1E
000000000000000064
0000000000000000E5
7FFFFFFFFFFFFFFFB1
000000000000000006
000000000000000023
000000000000000095
7FFFFFFFFFFFFFFFC5
000000000000000109
000000000000000192
0000000000000000D4
7FFFFFFFFFFFFFFF64
000000000000000100
7FFFFFFFFFFFFFFEFF
00000000000000006A
7FFFFFFFFFFFFFFF79
00000000000000023B
000000000000000073
7FFFFFFFFFFFFFFF5C
00000000000000012B
000000000000000085
000000000000000055
00000000000000015E
7FFFFFFFFFFFFFFF62
7FFFFFFFFFFFFFFF7E
00000000000000012C
00000000000000009E
7FFFFFFFFFFFFFFEF7
7FFFFFFFFFFFFFFE7B
000000000000000026
00000000000000006E
00000000000000011F
00000000000000011B
00000000000000011F
7FFFFFFFFFFFFFFFD7
7FFFFFFFFFFFFFFF5C
7FFFFFFFFFFFFFFFBC
7FFFFFFFFFFFFFFEB8
7FFFFFFFFFFFFFFFE1
0000000000000000B5
000000000000000039
00000000000000001B
000000000000000057
0000000000000001C8
0000000000000000BA
7FFFFFFFFFFFFFFE8D
7FFFFFFFFFFFFFFFB6
7FFFFFFFFFFFFFFF05
7FFFFFFFFFFFFFFFB8
7FFFFFFFFFFFFFFF34
7FFFFFFFFFFFFFFEF2
0000000000000000DE
00000000000000004F
000000000000000028
00000000000000007E
7FFFFFFFFFFFFFFE82
000000000000000180
00000000000000005B
000000000000000097
0000000000000000E9
7FFFFFFFFFFFFFFEFC
000000000000000078
000000000000000127
7FFFFFFFFFFFFFFD4E
7FFFFFFFFFFFFFFF60
000000000000000110
7FFFFFFFFFFFFFFE9D
7FFFFFFFFFFFFFFF63
7FFFFFFFFFFFFFFF5F
00000000000000012C
00000000000000001E
7FFFFFFFFFFFFFFF56
00000000000000013B
7FFFFFFFFFFFFFFFB6
7FFFFFFFFFFFFFFFFA
7FFFFFFFFFFFFFFECE
7FFFFFFFFFFFFFFF9B
00000000000000001E
7FFFFFFFFFFFFFFEB0
7FFFFFFFFFFFFFFFB0
000000000000000029
00000000000000001D
000000000000000107
7FFFFFFFFFFFFFFFC0
000000000000000099
000000000000000028
0000000000000000C2
000000000000000193
7FFFFFFFFFFFFFFEAF
7FFFFFFFFFFFFFFDD0
00000000000000006D
7FFFFFFFFFFFFFFDDE
7FFFFFFFFFFFFFFFEE
7FFFFFFFFFFFFFFF9F
000000000000000089
7FFFFFFFFFFFFFFFDD
00000000000000002B
00000000000000002B
7FFFFFFFFFFFFFFF8C
00000000000000002E
7FFFFFFFFFFFFFFF25
7FFFFFFFFFFFFFFFB9
0000000000000000A6
7FFFFFFFFFFFFFFF81
7FFFFFFFFFFFFFFFDA
7FFFFFFFFFFFFFFF0B
000000000000000121
7FFFFFFFFFFFFFFEEB
000000000000000169
7FFFFFFFFFFFFFFFA8
0000000000000000DB
7FFFFFFFFFFFFFFFD8
000000000000000054
7FFFFFFFFFFFFFFF33
000000000000000005
00000000000000002C
7FFFFFFFFFFFFFFFC0
7FFFFFFFFFFFFFFF3F
7FFFFFFFFFFFFFFFFE
000000000000000008
7FFFFFFFFFFFFFFEDC
7FFFFFFFFFFFFFFFEB
000000000000000076
000000000000000242
7FFFFFFFFFFFFFFF11
0000000000000000B6
00000000000000022A
7FFFFFFFFFFFFFFFA2
0000000000000000C2
00000000000000000C
000000000000000066
7FFFFFFFFFFFFFFF05
000000000000000205
000000000000000114
7FFFFFFFFFFFFFFFC2
7FFFFFFFFFFFFFFFC9
7FFFFFFFFFFFFFFFA6
000000000000000009
00000000000000004F
00000000000000018E
000000000000000127
000000000000000084
000000000000000011
000000000000000004
7FFFFFFFFFFFFFFD84
000000000000000057
7FFFFFFFFFFFFFFFF9
7FFFFFFFFFFFFFFF57
7FFFFFFFFFFFFFFFAD
7FFFFFFFFFFFFFFF52
7FFFFFFFFFFFFFFEB6
00000000000000000E
7FFFFFFFFFFFFFFF4E
000000000000000031
0000000000000000BE
7FFFFFFFFFFFFFFEA5
7FFFFFFFFFFFFFFF26
00000000000000009B
7FFFFFFFFFFFFFFFDC
7FFFFFFFFFFFFFFEFA
7FFFFFFFFFFFFFFEAB
7FFFFFFFFFFFFFFF6E
0000000000000000ED
000000000000000090
000000000000000050
7FFFFFFFFFFFFFFFFB
0000000000000000A0
7FFFFFFFFFFFFFFED0
00000000000000014D
7FFFFFFFFFFFFFFE65
00000000000000011A
7FFFFFFFFFFFFFFFBE
7FFFFFFFFFFFFFFF96
00000000000000004B
000000000000000087
7FFFFFFFFFFFFFFFB6
000000000000000166
7FFFFFFFFFFFFFFF65
0000000000000000B1
7FFFFFFFFFFFFFFE12
000000000000000108
7FFFFFFFFFFFFFFE26
7FFFFFFFFFFFFFFEDF
7FFFFFFFFFFFFFFF46
000000000000000098
00000000000000010B
7FFFFFFFFFFFFFFE3F
0000000000000001D7
000000000000000013
7FFFFFFFFFFFFFFF09
7FFFFFFFFFFFFFFF96
7FFFFFFFFFFFFFFFDE
7FFFFFFFFFFFFFFEDB
7FFFFFFFFFFFFFFF00
000000000000000018
000000000000000137
000000000000000198
7FFFFFFFFFFFFFFFD7
7FFFFFFFFFFFFFFF52
00000000000000005D
0000000000000001B0
0000000000000000AD
0000000000000000F0
00000000000000009A
0000000000000002A0
7FFFFFFFFFFFFFFFC1
7FFFFFFFFFFFFFFF1D
00000000000000002F
7FFFFFFFFFFFFFFDDA
00000000000000010B
7FFFFFFFFFFFFFFFB9
7FFFFFFFFFFFFFFF35
00000000000000007A
000000000000000079
00000000000000005B
7FFFFFFFFFFFFFFFB7
7FFFFFFFFFFFFFFFF5
7FFFFFFFFFFFFFFEC4
000000000000000048
7FFFFFFFFFFFFFFDCF
7FFFFFFFFFFFFFFF48
000000000000000098
7FFFFFFFFFFFFFFE65
7FFFFFFFFFFFFFFF01
000000000000000004
7FFFFFFFFFFFFFFF1F
000000000000000011
00000000000000004E
7FFFFFFFFFFFFFFEAE
000000000000000149
000000000000000193
00000000000000018F
7FFFFFFFFFFFFFFE6C
7FFFFFFFFFFFFFFFDC
7FFFFFFFFFFFFFFF67
000000000000000050
7FFFFFFFFFFFFFFFBD
7FFFFFFFFFFFFFFF3E
7FFFFFFFFFFFFFFD13
0000000000000000AD
000000000000000000
000000000000000012
000000000000000037
7FFFFFFFFFFFFFFE1B
0000000000000000EA
7FFFFFFFFFFFFFFDDF
7FFFFFFFFFFFFFFE7F
7FFFFFFFFFFFFFFF32
7FFFFFFFFFFFFFFF13
0000000000000000C9
7FFFFFFFFFFFFFFF24
000000000000000165
0000000000000000CA
0000000000000000FC
0000000000000001B3
000000000000000263
7FFFFFFFFFFFFFFE9A
7FFFFFFFFFFFFFFF4A
0000000000000000C0
00000000000000001E
0000000000000000C8
7FFFFFFFFFFFFFFFE1
0000000000000000D9
7FFFFFFFFFFFFFFF23
0000000000000000E2
000000000000000065
000000000000000020
000000000000000156
7FFFFFFFFFFFFFFEFA
7FFFFFFFFFFFFFFF17
7FFFFFFFFFFFFFFFBC
000000000000000120
7FFFFFFFFFFFFFFF0D
00000000000000001A
000000000000000008
7FFFFFFFFFFFFFFFCB
7FFFFFFFFFFFFFFF8C
7FFFFFFFFFFFFFFF83
7FFFFFFFFFFFFFFF24
7FFFFFFFFFFFFFFF2E
0000000000000001AD
7FFFFFFFFFFFFFFF56
00000000000000002F
7FFFFFFFFFFFFFFF99
7FFFFFFFFFFFFFFF8B
7FFFFFFFFFFFFFFE91
7FFFFFFFFFFFFFFFC2
7FFFFFFFFFFFFFFF5D
7FFFFFFFFFFFFFFFAE
7FFFFFFFFFFFFFFF61
7FFFFFFFFFFFFFFF45
000000000000000023
0000000000000000C1
00000000000000005C
7FFFFFFFFFFFFFFE9F
000000000000000132
7FFFFFFFFFFFFFFF6E
7FFFFFFFFFFFFFFF62
000000000000000124
000000000000000067
000000000000000114
7FFFFFFFFFFFFFFEBD
7FFFFFFFFFFFFFFE05
000000000000000150
7FFFFFFFFFFFFFFFFF
7FFFFFFFFFFFFFFF42
00000000000000001A
7FFFFFFFFFFFFFFEE9
000000000000000049
7FFFFFFFFFFFFFFF4B
7FFFFFFFFFFFFFFDDC
7FFFFFFFFFFFFFFF51
000000000000000015
7FFFFFFFFFFFFFFF08
7FFFFFFFFFFFFFFFBB
7FFFFFFFFFFFFFFF9B
000000000000000135
7FFFFFFFFFFFFFFFDD
000000000000000008
7FFFFFFFFFFFFFFFF5
000000000000000061
7FFFFFFFFFFFFFFFFE
7FFFFFFFFFFFFFFF10
000000000000000013
000000000000000150
00000000000000001C
00000000000000003A
7FFFFFFFFFFFFFFF3D
00000000000000003F
00000000000000000F
7FFFFFFFFFFFFFFDDE
00000000000000010C
7FFFFFFFFFFFFFFEDA
7FFFFFFFFFFFFFFF22
0000000000000000AA
7FFFFFFFFFFFFFFFC7
7FFFFFFFFFFFFFFE52
000000000000000084
000000000000000072
0000000000000000AC
000000000000000052
00000000000000012F
000000000000000039
7FFFFFFFFFFFFFFEF6
000000000000000020
000000000000000150
7FFFFFFFFFFFFFFFDE
000000000000000126
7FFFFFFFFFFFFFFF55
7FFFFFFFFFFFFFFF46
7FFFFFFFFFFFFFFE8E
7FFFFFFFFFFFFFFEE7
000000000000000009
000000000000000008
7FFFFFFFFFFFFFFEFA
00000000000000001E
000000000000000053
7FFFFFFFFFFFFFFF78
000000000000000070
000000000000000105
0000000000000000B5
000000000000000064
7FFFFFFFFFFFFFFE46
000000000000000043
000000000000000080
0000000000000001E8
7FFFFFFFFFFFFFFFAA
0000000000000000F2
7FFFFFFFFFFFFFFE84
7FFFFFFFFFFFFFFF83
7FFFFFFFFFFFFFFFE5
7FFFFFFFFFFFFFFFC7
7FFFFFFFFFFFFFFFC9
0000000000000000F3
000000000000000078
7FFFFFFFFFFFFFFFE0
7FFFFFFFFFFFFFFF10
0000000000000000E1
00000000000000016D
000000000000000041
7FFFFFFFFFFFFFFEE3
000000000000000013
7FFFFFFFFFFFFFFED8
7FFFFFFFFFFFFFFE09
00000000000000006E
7FFFFFFFFFFFFFFF3B
000000000000000071
0000000000000001EA
7FFFFFFFFFFFFFFF5A
7FFFFFFFFFFFFFFEDB
7FFFFFFFFFFFFFFFB4
000000000000000058
0000000000000000E2
7FFFFFFFFFFFFFFFF4
00000000000000007C
0000000000000000D2
7FFFFFFFFFFFFFFFD5
00000000000000020F
7FFFFFFFFFFFFFFE96
7FFFFFFFFFFFFFFF66
000000000000000014
7FFFFFFFFFFFFFFDE1
7FFFFFFFFFFFFFFF82
7FFFFFFFFFFFFFFF8A
7FFFFFFFFFFFFFFFA0
7FFFFFFFFFFFFFFE77
7FFFFFFFFFFFFFFE28
00000000000000004A
00000000000000002E
7FFFFFFFFFFFFFFF82
7FFFFFFFFFFFFFFFC0
000000000000000054
00000000000000015A
000000000000000062
7FFFFFFFFFFFFFFFDB
00000000000000007A
00000000000000013B
7FFFFFFFFFFFFFFF84
000000000000000009
7FFFFFFFFFFFFFFFCF
7FFFFFFFFFFFFFFF47
00000000000000005B
00000000000000001C
000000000000000006
7FFFFFFFFFFFFFFEA9
7FFFFFFFFFFFFFFFCD
000000000000000148
00000000000000009A
7FFFFFFFFFFFFFFF37
00000000000000005A
0000000000000000BE
7FFFFFFFFFFFFFFF0F
0000000000000000C4
7FFFFFFFFFFFFFFF6E
00000000000000013E
7FFFFFFFFFFFFFFFE1
7FFFFFFFFFFFFFFF2B
7FFFFFFFFFFFFFFFED
000000000000000034
7FFFFFFFFFFFFFFFA7
000000000000000001
7FFFFFFFFFFFFFFE9B
00000000000000019C
0000000000000000FC
00000000000000004F
000000000000000142
7FFFFFFFFFFFFFFF8C
00000000000000006B
7FFFFFFFFFFFFFFF28
000000000000000059
7FFFFFFFFFFFFFFF98
000000000000000058
0000000000000000A7
000000000000000027
000000000000000014
7FFFFFFFFFFFFFFD63
0000000000000000D9
0000000000000000D8
000000000000000182
7FFFFFFFFFFFFFFF31
7FFFFFFFFFFFFFFF0C
000000000000000206
7FFFFFFFFFFFFFFF70
0000000000000000FC
7FFFFFFFFFFFFFFFCA
00000000000000014C
0000000000000000B3
00000000000000007C
7FFFFFFFFFFFFFFEFE
0000000000000000A8
0000000000000001B3
7FFFFFFFFFFFFFFFFD
7FFFFFFFFFFFFFFF8A
000000000000000024
00000000000000013E
7FFFFFFFFFFFFFFF3C
7FFFFFFFFFFFFFFF60
7FFFFFFFFFFFFFFEE2
0000000000000000BA
000000000000000016
00000000000000018E
7FFFFFFFFFFFFFFEBD
7FFFFFFFFFFFFFFF29
7FFFFFFFFFFFFFFF5B
000000000000000092
0000000000000001D6
7FFFFFFFFFFFFFFF2E
0000000000000000F0
000000000000000069
7FFFFFFFFFFFFFFDB7
000000000000000215
00000000000000016B
00000000000000001A
7FFFFFFFFFFFFFFF60
7FFFFFFFFFFFFFFFE6
7FFFFFFFFFFFFFFFF2
0000000000000000B5
7FFFFFFFFFFFFFFFB4
0000000000000001BD
7FFFFFFFFFFFFFFFCE
7FFFFFFFFFFFFFFFA7
000000000000000253
00000000000000008B
0000000000000000E2
000000000000000022
7FFFFFFFFFFFFFFFC9
7FFFFFFFFFFFFFFFB6
7FFFFFFFFFFFFFFE96
0000000000000000E4
0000000000000001A7
000000000000000007
0000000000000000BE
7FFFFFFFFFFFFFFEA6
7FFFFFFFFFFFFFFED2
00000000000000004A
7FFFFFFFFFFFFFFFBC
00000000000000004E
7FFFFFFFFFFFFFFED2
00000000000000008D
7FFFFFFFFFFFFFFFD8
00000000000000009A
00000000000000000E
00000000000000011C
000000000000000040
7FFFFFFFFFFFFFFF20
000000000000000116
7FFFFFFFFFFFFFFED9
000000000000000015
0000000000000001F4
000000000000000002
7FFFFFFFFFFFFFFF9D
000000000000000267
00000000000000011F
00000000000000011A
0000000000000000E4
0000000000000000EA
000000000000000167
7FFFFFFFFFFFFFFFA2
7FFFFFFFFFFFFFFDBA
7FFFFFFFFFFFFFFFF0
7FFFFFFFFFFFFFFEA7
0000000000000000F5
000000000000000094
00000000000000009B
7FFFFFFFFFFFFFFF60
00000000000000007F
7FFFFFFFFFFFFFFF80
7FFFFFFFFFFFFFFF45
000000000000000061
0000000000000000DE
00000000000000003B
0000000000000000A6
7FFFFFFFFFFFFFFEDA
7FFFFFFFFFFFFFFE5F
7FFFFFFFFFFFFFFFF1
7FFFFFFFFFFFFFFFDF
000000000000000015
0000000000000001C5
7FFFFFFFFFFFFFFF8F
000000000000000127
000000000000000062
00000000000000005D
000000000000000140
7FFFFFFFFFFFFFFFE9
7FFFFFFFFFFFFFFFBE
7FFFFFFFFFFFFFFFCF
000000000000000073
000000000000000088
7FFFFFFFFFFFFFFF2D
7FFFFFFFFFFFFFFE60
7FFFFFFFFFFFFFFE63
000000000000000092
00000000000000016A
000000000000000002
00000000000000012D
0000000000000000B0
000000000000000137
000000000000000011
0000000000000001BF
7FFFFFFFFFFFFFFF36
7FFFFFFFFFFFFFFFB5
0000000000000000D1
000000000000000011
000000000000000018
7FFFFFFFFFFFFFFFD2
0000000000000000E7
0000000000000001AD
7FFFFFFFFFFFFFFD5F
000000000000000073
7FFFFFFFFFFFFFFF81
7FFFFFFFFFFFFFFF9B
00000000000000002B
7FFFFFFFFFFFFFFF4B
000000000000000145
000000000000000041
0000000000000000DA
7FFFFFFFFFFFFFFFF6
7FFFFFFFFFFFFFFF5F
0000000000000001E1
000000000000000038
7FFFFFFFFFFFFFFFB1
7FFFFFFFFFFFFFFEFB
000000000000000049
7FFFFFFFFFFFFFFF3B
000000000000000174
7FFFFFFFFFFFFFFEC4
7FFFFFFFFFFFFFFF32
7FFFFFFFFFFFFFFFED
000000000000000141
00000000000000002C
00000000000000000D
7FFFFFFFFFFFFFFF76
7FFFFFFFFFFFFFFED0
00000000000000008F
0000000000000000C3
00000000000000005E
0000000000000000E7
7FFFFFFFFFFFFFFD7D
7FFFFFFFFFFFFFFE8B
7FFFFFFFFFFFFFFF09
0000000000000002A0
000000000000000096
7FFFFFFFFFFFFFFF32
0000000000000000A2
00000000000000003E
7FFFFFFFFFFFFFFF3A
7FFFFFFFFFFFFFFEDF
000000000000000068
00000000000000015F
7FFFFFFFFFFFFFFE63
7FFFFFFFFFFFFFFF1C
0000000000000000B7
7FFFFFFFFFFFFFFF1C
0000000000000000D9
7FFFFFFFFFFFFFFF10
7FFFFFFFFFFFFFFFFA
0000000000000000A5
000000000000000002
00000000000000018F
7FFFFFFFFFFFFFFFB3
0000000000000001CE
0000000000000000AD
00000000000000006E
7FFFFFFFFFFFFFFFC3
7FFFFFFFFFFFFFFE61
00000000000000017A
7FFFFFFFFFFFFFFFC7
7FFFFFFFFFFFFFFFA5
7FFFFFFFFFFFFFFE15
7FFFFFFFFFFFFFFF6C
7FFFFFFFFFFFFFFEED
7FFFFFFFFFFFFFFF3D
7FFFFFFFFFFFFFFDA2
7FFFFFFFFFFFFFFDC3
000000000000000024
0000000000000000D3
7FFFFFFFFFFFFFFE8E
000000000000000156
7FFFFFFFFFFFFFFF2A
0000000000000000E6
7FFFFFFFFFFFFFFF0C
000000000000000037
00000000000000001A
000000000000000024
7FFFFFFFFFFFFFFF79
000000000000000005
0000000000000002B9
00000000000000008E
7FFFFFFFFFFFFFFF25
7FFFFFFFFFFFFFFE99
7FFFFFFFFFFFFFFFE1
0000000000000000B4
7FFFFFFFFFFFFFFF57
7FFFFFFFFFFFFFFDFA
000000000000000009
7FFFFFFFFFFFFFFEB4
000000000000000158
000000000000000034
00000000000000009A
00000000000000009F
000000000000000090
7FFFFFFFFFFFFFFFBC
00000000000000002E
7FFFFFFFFFFFFFFF9F
00000000000000019E
7FFFFFFFFFFFFFFF44
0000000000000000F7
0000000000000000E5
000000000000000008
7FFFFFFFFFFFFFFFC6
7FFFFFFFFFFFFFFFDE
000000000000000073
000000000000000013
0000000000000000BD
00000000000000003E
7FFFFFFFFFFFFFFFDC
000000000000000067
000000000000000061
7FFFFFFFFFFFFFFF62
7FFFFFFFFFFFFFFE25
000000000000000064
000000000000000079
7FFFFFFFFFFFFFFF5B
0000000000000000A4
0000000000000000E8
000000000000000016
0000000000000000E6
7FFFFFFFFFFFFFFD5B
7FFFFFFFFFFFFFFE9A
0000000000000000CD
7FFFFFFFFFFFFFFEF7
000000000000000086
7FFFFFFFFFFFFFFFA5
7FFFFFFFFFFFFFFE1F
000000000000000023
000000000000000081
7FFFFFFFFFFFFFFF9A
00000000000000000B
7FFFFFFFFFFFFFFF88
7FFFFFFFFFFFFFFF7B
7FFFFFFFFFFFFFFF72
000000000000000051
000000000000000096
0000000000000001B0
7FFFFFFFFFFFFFFECD
7FFFFFFFFFFFFFFFE8
000000000000000162
0000000000000000AC
7FFFFFFFFFFFFFFF16
7FFFFFFFFFFFFFFE6B
7FFFFFFFFFFFFFFF67
000000000000000162
0000000000000001FB
00000000000000019D
7FFFFFFFFFFFFFFE89
7FFFFFFFFFFFFFFF6E
0000000000000000CB
0000000000000000DA
0000000000000000E1
000000000000000144
7FFFFFFFFFFFFFFF43
7FFFFFFFFFFFFFFF05
7FFFFFFFFFFFFFFFB9
0000000000000000EF
0000000000000001A8
000000000000000075
7FFFFFFFFFFFFFFF19
7FFFFFFFFFFFFFFFA9
7FFFFFFFFFFFFFFF89
00000000000000007F
7FFFFFFFFFFFFFFF7A
000000000000000208
7FFFFFFFFFFFFFFF5B
0000000000000000B0
7FFFFFFFFFFFFFFE9F
0000000000000000CD
00000000000000008A
7FFFFFFFFFFFFFFF93
7FFFFFFFFFFFFFFF71
00000000000000005C
7FFFFFFFFFFFFFFF26
00000000000000010D
7FFFFFFFFFFFFFFD1F
0000000000000000D1
7FFFFFFFFFFFFFFF3C
7FFFFFFFFFFFFFFFDC
0000000000000000B1
00000000000000008B
0000000000000000C1
0000000000000001A0
00000000000000015B
7FFFFFFFFFFFFFFF0E
7FFFFFFFFFFFFFFFF5
00000000000000004D
7FFFFFFFFFFFFFFFBC
00000000000000001F
00000000000000002B
00000000000000017A
7FFFFFFFFFFFFFFFC1
7FFFFFFFFFFFFFFF84
00000000000000017C
7FFFFFFFFFFFFFFFDE
000000000000000167
00000000000000013E
00000000000000006D
000000000000000219
00000000000000011D
000000000000000034
7FFFFFFFFFFFFFFF39
7FFFFFFFFFFFFFFFF2
7FFFFFFFFFFFFFFDFE
7FFFFFFFFFFFFFFF8F
7FFFFFFFFFFFFFFF56
000000000000000041
00000000000000012A
7FFFFFFFFFFFFFFF08
7FFFFFFFFFFFFFFF46
00000000000000004B
7FFFFFFFFFFFFFFE7C
000000000000000108
000000000000000077
7FFFFFFFFFFFFFFF2C
000000000000000053
7FFFFFFFFFFFFFFEF1
7FFFFFFFFFFFFFFE23
00000000000000002F
00000000000000002B
7FFFFFFFFFFFFFFF61
7FFFFFFFFFFFFFFE9D
7FFFFFFFFFFFFFFFEA
7FFFFFFFFFFFFFFF0A
00000000000000001E
000000000000000054
7FFFFFFFFFFFFFFF2F
7FFFFFFFFFFFFFFF0B
7FFFFFFFFFFFFFFF3F
00000000000000006F
7FFFFFFFFFFFFFFFEB
7FFFFFFFFFFFFFFFC0
00000000000000004C
7FFFFFFFFFFFFFFF85
7FFFFFFFFFFFFFFF86
00000000000000017C
00000000000000010E
00000000000000004F
00000000000000003D
7FFFFFFFFFFFFFFFFC
7FFFFFFFFFFFFFFEAB
7FFFFFFFFFFFFFFDBD
7FFFFFFFFFFFFFFEF0
00000000000000016A
7FFFFFFFFFFFFFFFED
7FFFFFFFFFFFFFFFFD
000000000000000083
7FFFFFFFFFFFFFFEE7
000000000000000106
7FFFFFFFFFFFFFFE88
7FFFFFFFFFFFFFFF21
7FFFFFFFFFFFFFFF25
7FFFFFFFFFFFFFFFF2
7FFFFFFFFFFFFFFE75
7FFFFFFFFFFFFFFFE4
000000000000000212
7FFFFFFFFFFFFFFFE3
000000000000000064
000000000000000068
00000000000000011D
0000000000000000F7
000000000000000041
00000000000000009E
7FFFFFFFFFFFFFFF85
7FFFFFFFFFFFFFFFC3
7FFFFFFFFFFFFFFFA1
00000000000000000F
000000000000000265
000000000000000072
000000000000000037
7FFFFFFFFFFFFFFFAE
000000000000000052
7FFFFFFFFFFFFFFFEA
00000000000000017C
7FFFFFFFFFFFFFFFAF
7FFFFFFFFFFFFFFECE
7FFFFFFFFFFFFFFF99
7FFFFFFFFFFFFFFE8B
0000000000000000E9
7FFFFFFFFFFFFFFFB9
0000000000000000C9
00000000000000002E
0000000000000000B9
7FFFFFFFFFFFFFFF5F
7FFFFFFFFFFFFFFF87
0000000000000000CF
000000000000000128
00000000000000006A
7FFFFFFFFFFFFFFFEB
000000000000000030
7FFFFFFFFFFFFFFF70
7FFFFFFFFFFFFFFFD8
0000000000000000E8
000000000000000016
7FFFFFFFFFFFFFFFC0
7FFFFFFFFFFFFFFF33
0000000000000000FA
0000000000000000C0
7FFFFFFFFFFFFFFFB1
7FFFFFFFFFFFFFFFAD
7FFFFFFFFFFFFFFFC2
7FFFFFFFFFFFFFFF60
000000000000000186
000000000000000182
7FFFFFFFFFFFFFFFC1
7FFFFFFFFFFFFFFD9E
7FFFFFFFFFFFFFFFC6
7FFFFFFFFFFFFFFE46
7FFFFFFFFFFFFFFF3C
7FFFFFFFFFFFFFFF9B
0000000000000001AD
000000000000000169
00000000000000008E
7FFFFFFFFFFFFFFF2E
0000000000000000D3
7FFFFFFFFFFFFFFF26
000000000000000234
7FFFFFFFFFFFFFFF91
0000000000000000C1
7FFFFFFFFFFFFFFFA1
7FFFFFFFFFFFFFFFFD
000000000000000047
0000000000000000DA
0000000000000000A6
0000000000000000BB
7FFFFFFFFFFFFFFF01
0000000000000000B9
7FFFFFFFFFFFFFFFF0
7FFFFFFFFFFFFFFFAE
000000000000000034
7FFFFFFFFFFFFFFFD5
7FFFFFFFFFFFFFFF93
7FFFFFFFFFFFFFFEF5
7FFFFFFFFFFFFFFE0B
7FFFFFFFFFFFFFFEFE
7FFFFFFFFFFFFFFFCC
7FFFFFFFFFFFFFFF22
7FFFFFFFFFFFFFFF60
7FFFFFFFFFFFFFFF96
7FFFFFFFFFFFFFFFC4
000000000000000178
000000000000000198
000000000000000076
7FFFFFFFFFFFFFFFB8
00000000000000028C
000000000000000023
000000000000000092
0000000000000000A1
00000000000000008D
000000000000000145
000000000000000041
00000000000000004D
000000000000000221
0000000000000001E9
00000000000000004B
7FFFFFFFFFFFFFFFB7
7FFFFFFFFFFFFFFF36
000000000000000051
7FFFFFFFFFFFFFFFC0
7FFFFFFFFFFFFFFF9E
7FFFFFFFFFFFFFFC42
7FFFFFFFFFFFFFFFCA
7FFFFFFFFFFFFFFF09
7FFFFFFFFFFFFFFE9A
000000000000000075
7FFFFFFFFFFFFFFFA2
000000000000000292
7FFFFFFFFFFFFFFF6C
000000000000000126
000000000000000270
7FFFFFFFFFFFFFFF34
0000000000000000A4
0000000000000001AF
7FFFFFFFFFFFFFFEF9
7FFFFFFFFFFFFFFE2F
000000000000000110
0000000000000002D7
0000000000000000E0
7FFFFFFFFFFFFFFF17
0000000000000000AA
000000000000000133
000000000000000019
0000000000000002FD
000000000000000091
000000000000000067
7FFFFFFFFFFFFFFFAB
000000000000000047
7FFFFFFFFFFFFFFF7E
000000000000000094
000000000000000114
7FFFFFFFFFFFFFFE9C
7FFFFFFFFFFFFFFF27
7FFFFFFFFFFFFFFF64
7FFFFFFFFFFFFFFF9F
0000000000000000DE
7FFFFFFFFFFFFFFFA6
000000000000000093
000000000000000052
7FFFFFFFFFFFFFFE3D
7FFFFFFFFFFFFFFFCC
7FFFFFFFFFFFFFFF6F
7FFFFFFFFFFFFFFFC1
7FFFFFFFFFFFFFFF6D
0000000000000000A7
0000000000000000EF
000000000000000106
00000000000000006B
00000000000000008F
7FFFFFFFFFFFFFFFA6
7FFFFFFFFFFFFFFFF1
7FFFFFFFFFFFFFFED1
7FFFFFFFFFFFFFFFA5
0000000000000000F6
00000000000000007B
7FFFFFFFFFFFFFFF8F
000000000000000111
0000000000000000D7
7FFFFFFFFFFFFFFF8E
000000000000000164
7FFFFFFFFFFFFFFE33
7FFFFFFFFFFFFFFDA3
00000000000000000A
7FFFFFFFFFFFFFFF27
7FFFFFFFFFFFFFFF4D
7FFFFFFFFFFFFFFF6B
0000000000000000A0
7FFFFFFFFFFFFFFE9A
7FFFFFFFFFFFFFFF3F
000000000000000083
000000000000000245
7FFFFFFFFFFFFFFF65
7FFFFFFFFFFFFFFF1B
00000000000000017A
7FFFFFFFFFFFFFFED7
7FFFFFFFFFFFFFFEF6
000000000000000138
000000000000000095
7FFFFFFFFFFFFFFF44
7FFFFFFFFFFFFFFEBE
0000000000000000A5
000000000000000026
7FFFFFFFFFFFFFFFDC
000000000000000012
0000000000000000CB
7FFFFFFFFFFFFFFFC0
7FFFFFFFFFFFFFFF03
000000000000000009
0000000000000000AE
000000000000000019
7FFFFFFFFFFFFFFFF4
7FFFFFFFFFFFFFFE1E
00000000000000012B
0000000000000000D8
7FFFFFFFFFFFFFFFC8
0000000000000000F6
7FFFFFFFFFFFFFFE96
0000000000000000B9
7FFFFFFFFFFFFFFF10
7FFFFFFFFFFFFFFFFA
0000000000000001C3
000000000000000078
0000000000000000F8
7FFFFFFFFFFFFFFF2C
7FFFFFFFFFFFFFFF21
000000000000000024
0000000000000000D3
7FFFFFFFFFFFFFFF2F
0000000000000000FE
7FFFFFFFFFFFFFFEE2
00000000000000004C
0000000000000000B8
000000000000000006
00000000000000004E
7FFFFFFFFFFFFFFFEA
000000000000000068
7FFFFFFFFFFFFFFF21
7FFFFFFFFFFFFFFEF3
7FFFFFFFFFFFFFFFAB
7FFFFFFFFFFFFFFFD4
7FFFFFFFFFFFFFFF45
7FFFFFFFFFFFFFFEC0
0000000000000000A7
00000000000000005A
7FFFFFFFFFFFFFFFCE
7FFFFFFFFFFFFFFE9A
000000000000000123
7FFFFFFFFFFFFFFF6D
7FFFFFFFFFFFFFFF86
7FFFFFFFFFFFFFFF33
7FFFFFFFFFFFFFFFB4
7FFFFFFFFFFFFFFF56
00000000000000009D
000000000000000195
7FFFFFFFFFFFFFFF18
0000000000000000BB
7FFFFFFFFFFFFFFEA1
7FFFFFFFFFFFFFFFAE
000000000000000010
7FFFFFFFFFFFFFFF01
7FFFFFFFFFFFFFFFE7
7FFFFFFFFFFFFFFEB1
0000000000000000B2
0000000000000000D6
7FFFFFFFFFFFFFFDB3
7FFFFFFFFFFFFFFF51
7FFFFFFFFFFFFFFE63
7FFFFFFFFFFFFFFFF3
7FFFFFFFFFFFFFFEFD
7FFFFFFFFFFFFFFF34
7FFFFFFFFFFFFFFFE6
7FFFFFFFFFFFFFFF05
7FFFFFFFFFFFFFFFC9
00000000000000008B
0000000000000000E5
000000000000000020
000000000000000046
7FFFFFFFFFFFFFFDEF
7FFFFFFFFFFFFFFFA1
7FFFFFFFFFFFFFFF65
000000000000000075
7FFFFFFFFFFFFFFDFB
7FFFFFFFFFFFFFFF32
7FFFFFFFFFFFFFFFFE
7FFFFFFFFFFFFFFFD5
0000000000000001BF
0000000000000000B1
00000000000000014D
7FFFFFFFFFFFFFFF13
7FFFFFFFFFFFFFFFAF
7FFFFFFFFFFFFFFF64
7FFFFFFFFFFFFFFEB7
0000000000000000D4
7FFFFFFFFFFFFFFF79
7FFFFFFFFFFFFFFF5F
7FFFFFFFFFFFFFFFBF
7FFFFFFFFFFFFFFFBA
7FFFFFFFFFFFFFFF0E
7FFFFFFFFFFFFFFDB9
00000000000000003C
0000000000000001E5
7FFFFFFFFFFFFFFFFE
7FFFFFFFFFFFFFFDE7
7FFFFFFFFFFFFFFF0E
00000000000000011D
00000000000000004D
000000000000000000
7FFFFFFFFFFFFFFFF8
7FFFFFFFFFFFFFFFBF
7FFFFFFFFFFFFFFEF0
000000000000000177
7FFFFFFFFFFFFFFF49
7FFFFFFFFFFFFFFE24
7FFFFFFFFFFFFFFDF8
00000000000000019B
7FFFFFFFFFFFFFFE8C
7FFFFFFFFFFFFFFEDF
000000000000000063
7FFFFFFFFFFFFFFD88
000000000000000069
000000000000000227
00000000000000006A
0000000000000000E4
7FFFFFFFFFFFFFFFB3
00000000000000004E
7FFFFFFFFFFFFFFF52
0000000000000000B1
000000000000000188
7FFFFFFFFFFFFFFEDD
7FFFFFFFFFFFFFFFEF
7FFFFFFFFFFFFFFF91
7FFFFFFFFFFFFFFEAD
7FFFFFFFFFFFFFFEE1
7FFFFFFFFFFFFFFFD0
00000000000000004B
7FFFFFFFFFFFFFFF18
000000000000000082
7FFFFFFFFFFFFFFFE0
00000000000000003F
0000000000000000F2
7FFFFFFFFFFFFFFF17
7FFFFFFFFFFFFFFF05
7FFFFFFFFFFFFFFF9E
7FFFFFFFFFFFFFFF06
000000000000000069
7FFFFFFFFFFFFFFEB7
7FFFFFFFFFFFFFFF68
7FFFFFFFFFFFFFFFBE
7FFFFFFFFFFFFFFEE0
0000000000000001CF
000000000000000126
7FFFFFFFFFFFFFFEA9
7FFFFFFFFFFFFFFF2A
7FFFFFFFFFFFFFFF0A
7FFFFFFFFFFFFFFF74
000000000000000003
7FFFFFFFFFFFFFFFFE
0000000000000000BC
000000000000000252
00000000000000001A
7FFFFFFFFFFFFFFF86
7FFFFFFFFFFFFFFFFE
7FFFFFFFFFFFFFFF43
000000000000000081
7FFFFFFFFFFFFFFFA8
7FFFFFFFFFFFFFFF5F
7FFFFFFFFFFFFFFF58
000000000000000071
00000000000000015F
000000000000000129
00000000000000010E
7FFFFFFFFFFFFFFE93
00000000000000000C
000000000000000000
7FFFFFFFFFFFFFFE88
00000000000000000F
000000000000000013
00000000000000003D
7FFFFFFFFFFFFFFF7E
000000000000000037
000000000000000141
00000000000000000B
7FFFFFFFFFFFFFFFB6
00000000000000002F
000000000000000051
7FFFFFFFFFFFFFFF04
7FFFFFFFFFFFFFFEA7
7FFFFFFFFFFFFFFFCB
7FFFFFFFFFFFFFFF23
7FFFFFFFFFFFFFFFC0
000000000000000029
00000000000000009B
0000000000000000E2
7FFFFFFFFFFFFFFFE5
00000000000000004C
0000000000000000D7
7FFFFFFFFFFFFFFF03
0000000000000000F9
7FFFFFFFFFFFFFFF06
7FFFFFFFFFFFFFFF21
7FFFFFFFFFFFFFFF24
000000000000000192
0000000000000000F4
00000000000000010D
7FFFFFFFFFFFFFFFF2
7FFFFFFFFFFFFFFFB7
7FFFFFFFFFFFFFFE4E
00000000000000007A
7FFFFFFFFFFFFFFE2A
0000000000000000A1
000000000000000082
000000000000000001
000000000000000014
7FFFFFFFFFFFFFFF46
7FFFFFFFFFFFFFFF7B
000000000000000056
7FFFFFFFFFFFFFFFFD
000000000000000160
0000000000000000EB
000000000000000069
000000000000000034
000000000000000049
00000000000000017F
000000000000000164
7FFFFFFFFFFFFFFE0B
00000000000000025E
000000000000000028
00000000000000006E
7FFFFFFFFFFFFFFEA1
000000000000000244
000000000000000085
000000000000000194
7FFFFFFFFFFFFFFED4
0000000000000000A5
00000000000000007C
7FFFFFFFFFFFFFFFA7
7FFFFFFFFFFFFFFFA9
00000000000000002B
7FFFFFFFFFFFFFFCAE
000000000000000177
000000000000000030
7FFFFFFFFFFFFFFF42
7FFFFFFFFFFFFFFFDB
7FFFFFFFFFFFFFFF73
7FFFFFFFFFFFFFFEDD
7FFFFFFFFFFFFFFFDE
7FFFFFFFFFFFFFFEC1
000000000000000096
000000000000000164
000000000000000109
7FFFFFFFFFFFFFFEE8
00000000000000002C
7FFFFFFFFFFFFFFFB3
7FFFFFFFFFFFFFFF92
0000000000000000BF
000000000000000133
00000000000000001E
7FFFFFFFFFFFFFFF4A
7FFFFFFFFFFFFFFF7D
7FFFFFFFFFFFFFFF33
0000000000000001C1
7FFFFFFFFFFFFFFFD3
000000000000000026
7FFFFFFFFFFFFFFF71
7FFFFFFFFFFFFFFDDA
7FFFFFFFFFFFFFFF44
7FFFFFFFFFFFFFFD90
0000000000000000AD
7FFFFFFFFFFFFFFDD1
0000000000000000FB
0000000000000000FC
00000000000000004E
00000000000000018D
7FFFFFFFFFFFFFFF74
7FFFFFFFFFFFFFFFB8
7FFFFFFFFFFFFFFF80
7FFFFFFFFFFFFFFE4E
00000000000000006D
7FFFFFFFFFFFFFFECB
7FFFFFFFFFFFFFFE2F
7FFFFFFFFFFFFFFFFF
00000000000000007A
0000000000000000A3
7FFFFFFFFFFFFFFF50
00000000000000001F
7FFFFFFFFFFFFFFF87
00000000000000013D
7FFFFFFFFFFFFFFF32
7FFFFFFFFFFFFFFF2F
000000000000000033
0000000000000000B6
7FFFFFFFFFFFFFFF4E
0000000000000001C8
7FFFFFFFFFFFFFFFE0
7FFFFFFFFFFFFFFF9C
7FFFFFFFFFFFFFFF05
00000000000000021F
7FFFFFFFFFFFFFFFBA
00000000000000006F
0000000000000001F6
7FFFFFFFFFFFFFFFD0
7FFFFFFFFFFFFFFF70
7FFFFFFFFFFFFFFFFB
7FFFFFFFFFFFFFFFDF
000000000000000006
000000000000000017
7FFFFFFFFFFFFFFF7E
0000000000000000A4
00000000000000006E
7FFFFFFFFFFFFFFF6F
00000000000000011B
0000000000000000DA
7FFFFFFFFFFFFFFF3D
7FFFFFFFFFFFFFFF52
7FFFFFFFFFFFFFFFE6
7FFFFFFFFFFFFFFF1A
000000000000000169
7FFFFFFFFFFFFFFF69
0000000000000000A4
000000000000000095
7FFFFFFFFFFFFFFF10
000000000000000072
7FFFFFFFFFFFFFFF1F
7FFFFFFFFFFFFFFF87
0000000000000000D9
0000000000000000AC
7FFFFFFFFFFFFFFE88
7FFFFFFFFFFFFFFF0D
000000000000000053
7FFFFFFFFFFFFFFFD4
00000000000000013D
7FFFFFFFFFFFFFFE2B
7FFFFFFFFFFFFFFFF4
7FFFFFFFFFFFFFFE43
7FFFFFFFFFFFFFFF03
7FFFFFFFFFFFFFFFC4
000000000000000070
7FFFFFFFFFFFFFFE6E
7FFFFFFFFFFFFFFFD0
7FFFFFFFFFFFFFFEA4
7FFFFFFFFFFFFFFFF5
7FFFFFFFFFFFFFFF00
0000000000000000E2
7FFFFFFFFFFFFFFFC1
0000000000000000F2
00000000000000000B
00000000000000007A
0000000000000001CE
000000000000000051
0000000000000000A8
7FFFFFFFFFFFFFFED6
00000000000000007F
7FFFFFFFFFFFFFFF60
7FFFFFFFFFFFFFFFED
7FFFFFFFFFFFFFFFF6
7FFFFFFFFFFFFFFFBD
00000000000000010B
7FFFFFFFFFFFFFFFAF
000000000000000159
0000000000000000E4
00000000000000005A
000000000000000014
7FFFFFFFFFFFFFFF92
7FFFFFFFFFFFFFFE7E
7FFFFFFFFFFFFFFFBD
7FFFFFFFFFFFFFFF90
7FFFFFFFFFFFFFFFA6
7FFFFFFFFFFFFFFEA2
000000000000000121
000000000000000128
7FFFFFFFFFFFFFFFDA
000000000000000042
00000000000000001E
7FFFFFFFFFFFFFFDB3
0000000000000000D1
000000000000000072
7FFFFFFFFFFFFFFFBF
7FFFFFFFFFFFFFFE32
0000000000000001BD
00000000000000005E
0000000000000000E5
00000000000000013B
7FFFFFFFFFFFFFFE80
7FFFFFFFFFFFFFFE04
00000000000000003A
00000000000000000F
0000000000000001CA
00000000000000004F
0000000000000001A6
000000000000000068
7FFFFFFFFFFFFFFEB6
000000000000000102
000000000000000004
7FFFFFFFFFFFFFFF84
000000000000000016
7FFFFFFFFFFFFFFEB1
7FFFFFFFFFFFFFFF66
7FFFFFFFFFFFFFFE89
7FFFFFFFFFFFFFFE4A
000000000000000004
0000000000000000A5
000000000000000105
0000000000000001BD
0000000000000000AD
00000000000000009F
7FFFFFFFFFFFFFFF89
0000000000000000A9
7FFFFFFFFFFFFFFF51
7FFFFFFFFFFFFFFFCA
7FFFFFFFFFFFFFFE9D
7FFFFFFFFFFFFFFEFD
7FFFFFFFFFFFFFFFBB
000000000000000083
7FFFFFFFFFFFFFFE6F
7FFFFFFFFFFFFFFF7B
00000000000000015B
00000000000000011C
7FFFFFFFFFFFFFFF58
0000000000000000A3
7FFFFFFFFFFFFFFFD4
7FFFFFFFFFFFFFFFFE
00000000000000003E
00000000000000001A
000000000000000164
00000000000000006F
7FFFFFFFFFFFFFFFB7
7FFFFFFFFFFFFFFF47
7FFFFFFFFFFFFFFFA7
00000000000000015A
7FFFFFFFFFFFFFFF97
000000000000000012
00000000000000008E
7FFFFFFFFFFFFFFF3D
7FFFFFFFFFFFFFFE2D
000000000000000029
7FFFFFFFFFFFFFFEB9
7FFFFFFFFFFFFFFD2E
7FFFFFFFFFFFFFFE89
7FFFFFFFFFFFFFFFA2
00000000000000019C
000000000000000004
000000000000000089
7FFFFFFFFFFFFFFEEF
7FFFFFFFFFFFFFFFD3
00000000000000009A
7FFFFFFFFFFFFFFFFE
7FFFFFFFFFFFFFFF35
0000000000000001C6
000000000000000015
7FFFFFFFFFFFFFFF6D
7FFFFFFFFFFFFFFF2D
7FFFFFFFFFFFFFFFCF
7FFFFFFFFFFFFFFFD1
00000000000000006C
0000000000000001B3
7FFFFFFFFFFFFFFEB6
7FFFFFFFFFFFFFFF1F
00000000000000004A
7FFFFFFFFFFFFFFFBB
7FFFFFFFFFFFFFFF70
0000000000000000B8
7FFFFFFFFFFFFFFF8C
7FFFFFFFFFFFFFFE47
000000000000000026
000000000000000046
7FFFFFFFFFFFFFFDE4
000000000000000053
000000000000000039
7FFFFFFFFFFFFFFFB0
7FFFFFFFFFFFFFFFED
7FFFFFFFFFFFFFFFB3
0000000000000000FD
7FFFFFFFFFFFFFFFC5
0000000000000000D5
0000000000000000E6
7FFFFFFFFFFFFFFF30
000000000000000081
7FFFFFFFFFFFFFFEB5
7FFFFFFFFFFFFFFF78
7FFFFFFFFFFFFFFEE1
000000000000000009
7FFFFFFFFFFFFFFF48
7FFFFFFFFFFFFFFF13
0000000000000000CE
000000000000000014
00000000000000001D
7FFFFFFFFFFFFFFF47
00000000000000010A
00000000000000002A
0000000000000001EB
7FFFFFFFFFFFFFFEF8
7FFFFFFFFFFFFFFEF3
0000000000000000F2
00000000000000001D
7FFFFFFFFFFFFFFFD6
0000000000000000A6
000000000000000038
7FFFFFFFFFFFFFFF41
7FFFFFFFFFFFFFFF31
00000000000000007E
000000000000000036
7FFFFFFFFFFFFFFF73
00000000000000019A
7FFFFFFFFFFFFFFFCE
000000000000000142
000000000000000001
000000000000000092
0000000000000000BA
7FFFFFFFFFFFFFFD50
7FFFFFFFFFFFFFFF17
00000000000000017D
7FFFFFFFFFFFFFFF6A
000000000000000024
000000000000000106
7FFFFFFFFFFFFFFEDB
0000000000000000E5
00000000000000012C
7FFFFFFFFFFFFFFFE3
0000000000000000F7
7FFFFFFFFFFFFFFEAB
0000000000000000AA
7FFFFFFFFFFFFFFE15
7FFFFFFFFFFFFFFF8F
7FFFFFFFFFFFFFFF5B
7FFFFFFFFFFFFFFE81
7FFFFFFFFFFFFFFF30
00000000000000008E
7FFFFFFFFFFFFFFF6A
7FFFFFFFFFFFFFFF15
00000000000000006A
000000000000000164
000000000000000278
000000000000000152
7FFFFFFFFFFFFFFF10
000000000000000109
000000000000000063
7FFFFFFFFFFFFFFF51
7FFFFFFFFFFFFFFEAF
000000000000000072
7FFFFFFFFFFFFFFFB8
7FFFFFFFFFFFFFFF83
000000000000000110
7FFFFFFFFFFFFFFFE0
7FFFFFFFFFFFFFFF6F
00000000000000005C
7FFFFFFFFFFFFFFF05
000000000000000073
7FFFFFFFFFFFFFFF65
7FFFFFFFFFFFFFFF35
0000000000000000D2
7FFFFFFFFFFFFFFF63
7FFFFFFFFFFFFFFFA8
7FFFFFFFFFFFFFFFD7
00000000000000000D
00000000000000005B
7FFFFFFFFFFFFFFFC2
7FFFFFFFFFFFFFFF78
7FFFFFFFFFFFFFFFFA
0000000000000001BA
0000000000000001C0
000000000000000091
000000000000000053
7FFFFFFFFFFFFFFD80
7FFFFFFFFFFFFFFF75
7FFFFFFFFFFFFFFF8E
7FFFFFFFFFFFFFFE9F
0000000000000001BA
0000000000000000BC
7FFFFFFFFFFFFFFE4A
000000000000000030
00000000000000016C
00000000000000009F
000000000000000007
7FFFFFFFFFFFFFFF57
000000000000000083
7FFFFFFFFFFFFFFE22
000000000000000082
7FFFFFFFFFFFFFFFB3
000000000000000009
7FFFFFFFFFFFFFFF8E
7FFFFFFFFFFFFFFED9
000000000000000072
7FFFFFFFFFFFFFFFF4
7FFFFFFFFFFFFFFED9
7FFFFFFFFFFFFFFF33
7FFFFFFFFFFFFFFE9E
000000000000000118
00000000000000002E
000000000000000056
7FFFFFFFFFFFFFFF96
7FFFFFFFFFFFFFFFD7
7FFFFFFFFFFFFFFF24
7FFFFFFFFFFFFFFFC4
7FFFFFFFFFFFFFFFA7
000000000000000200
00000000000000016C
00000000000000012E
000000000000000068
7FFFFFFFFFFFFFFF23
00000000000000002F
7FFFFFFFFFFFFFFDEE
000000000000000133
0000000000000002D7
7FFFFFFFFFFFFFFE99
7FFFFFFFFFFFFFFFB0
7FFFFFFFFFFFFFFEF8
00000000000000009C
00000000000000002F
7FFFFFFFFFFFFFFF1A
7FFFFFFFFFFFFFFF3C
7FFFFFFFFFFFFFFF0E
00000000000000008C
7FFFFFFFFFFFFFFF98
000000000000000095
000000000000000062
7FFFFFFFFFFFFFFFDB
7FFFFFFFFFFFFFFEA3
7FFFFFFFFFFFFFFF5F
7FFFFFFFFFFFFFFEFD
000000000000000260
7FFFFFFFFFFFFFFF10
7FFFFFFFFFFFFFFFBA
7FFFFFFFFFFFFFFFC1
000000000000000161
7FFFFFFFFFFFFFFFC6
7FFFFFFFFFFFFFFEFB
00000000000000022E
00000000000000005C
000000000000000054
0000000000000000FD
00000000000000001A
0000000000000000DF
7FFFFFFFFFFFFFFECE
0000000000000000B4
0000000000000000D9
7FFFFFFFFFFFFFFE68
7FFFFFFFFFFFFFFF9B
7FFFFFFFFFFFFFFE9F
7FFFFFFFFFFFFFFF35
7FFFFFFFFFFFFFFFA7
7FFFFFFFFFFFFFFF4D
7FFFFFFFFFFFFFFFDC
00000000000000007F
000000000000000065
7FFFFFFFFFFFFFFF0E
7FFFFFFFFFFFFFFEAE
7FFFFFFFFFFFFFFF98
000000000000000191
00000000000000005E
7FFFFFFFFFFFFFFFE0
000000000000000059
7FFFFFFFFFFFFFFF7B
000000000000000091
000000000000000132
7FFFFFFFFFFFFFFFDD
000000000000000132
7FFFFFFFFFFFFFFE77
00000000000000007F
7FFFFFFFFFFFFFFE87
7FFFFFFFFFFFFFFFD7
00000000000000009B
000000000000000055
000000000000000046
7FFFFFFFFFFFFFFFCB
7FFFFFFFFFFFFFFED0
7FFFFFFFFFFFFFFFD8
7FFFFFFFFFFFFFFE65
7FFFFFFFFFFFFFFF74
7FFFFFFFFFFFFFFFDE
7FFFFFFFFFFFFFFEF8
7FFFFFFFFFFFFFFF44
0000000000000001FD
7FFFFFFFFFFFFFFD3F
7FFFFFFFFFFFFFFEF3
7FFFFFFFFFFFFFFDB3
00000000000000017A
000000000000000180
000000000000000344
7FFFFFFFFFFFFFFF59
00000000000000007B
7FFFFFFFFFFFFFFEE1
7FFFFFFFFFFFFFFFC0
000000000000000159
7FFFFFFFFFFFFFFFED
7FFFFFFFFFFFFFFFD6
00000000000000007A
000000000000000009
000000000000000156
7FFFFFFFFFFFFFFE53
7FFFFFFFFFFFFFFEB8
7FFFFFFFFFFFFFFFD6
0000000000000000D9
7FFFFFFFFFFFFFFE6B
7FFFFFFFFFFFFFFF55
7FFFFFFFFFFFFFFF2E
0000000000000000B9
00000000000000002B
000000000000000011
7FFFFFFFFFFFFFFF24
00000000000000006B
7FFFFFFFFFFFFFFF58
000000000000000075
000000000000000095
7FFFFFFFFFFFFFFE85
7FFFFFFFFFFFFFFFF3
0000000000000000B9
000000000000000050
0000000000000001F8
000000000000000037
0000000000000000FF
7FFFFFFFFFFFFFFFF7
7FFFFFFFFFFFFFFF4D
00000000000000003C
0000000000000000AF
7FFFFFFFFFFFFFFFE7
7FFFFFFFFFFFFFFFF7
7FFFFFFFFFFFFFFF5F
000000000000000029
00000000000000016C
7FFFFFFFFFFFFFFFA8
0000000000000000B8
7FFFFFFFFFFFFFFF5A
7FFFFFFFFFFFFFFE68
000000000000000237
7FFFFFFFFFFFFFFF5F
7FFFFFFFFFFFFFFF94
0000000000000000E4
000000000000000108
00000000000000013D
7FFFFFFFFFFFFFFFD2
7FFFFFFFFFFFFFFF56
000000000000000094
7FFFFFFFFFFFFFFEC2
7FFFFFFFFFFFFFFF43
7FFFFFFFFFFFFFFF1E
00000000000000007E
00000000000000000A
7FFFFFFFFFFFFFFFAD
7FFFFFFFFFFFFFFF9E
0000000000000000B0
000000000000000035
7FFFFFFFFFFFFFFFD5
000000000000000081
7FFFFFFFFFFFFFFFAD
7FFFFFFFFFFFFFFF8F
000000000000000022
000000000000000058
0000000000000000F7
7FFFFFFFFFFFFFFEDF
000000000000000069
00000000000000008C
0000000000000000D8
7FFFFFFFFFFFFFFE02
000000000000000062
0000000000000000C3
7FFFFFFFFFFFFFFEE4
7FFFFFFFFFFFFFFE79
7FFFFFFFFFFFFFFFF6
7FFFFFFFFFFFFFFFDD
00000000000000008C
7FFFFFFFFFFFFFFF34
000000000000000060
7FFFFFFFFFFFFFFF15
000000000000000126
7FFFFFFFFFFFFFFFBC
0000000000000000C0
0000000000000000EE
7FFFFFFFFFFFFFFF09
000000000000000104
7FFFFFFFFFFFFFFF24
00000000000000010C
7FFFFFFFFFFFFFFFFD
7FFFFFFFFFFFFFFFDF
00000000000000002D
7FFFFFFFFFFFFFFCDB
00000000000000003D
0000000000000000C6
0000000000000000CE
7FFFFFFFFFFFFFFFF8
7FFFFFFFFFFFFFFF8F
7FFFFFFFFFFFFFFED2
000000000000000134
000000000000000063
00000000000000008C
000000000000000050
0000000000000000F6
7FFFFFFFFFFFFFFEED
000000000000000053
7FFFFFFFFFFFFFFF10
7FFFFFFFFFFFFFFFAE
000000000000000057
7FFFFFFFFFFFFFFFF9
0000000000000001B0
00000000000000019C
7FFFFFFFFFFFFFFF65
000000000000000096
7FFFFFFFFFFFFFFF8E
7FFFFFFFFFFFFFFFA3
000000000000000066
7FFFFFFFFFFFFFFFCA
7FFFFFFFFFFFFFFF08
7FFFFFFFFFFFFFFFF2
00000000000000009A
000000000000000121
000000000000000047
000000000000000069
000000000000000188
000000000000000110
7FFFFFFFFFFFFFFF3B
000000000000000024
7FFFFFFFFFFFFFFF35
7FFFFFFFFFFFFFFFE9
0000000000000000DE
0000000000000000CA
0000000000000000A5
00000000000000005B
7FFFFFFFFFFFFFFF56
000000000000000042
0000000000000000B5
7FFFFFFFFFFFFFFE84
7FFFFFFFFFFFFFFE05
000000000000000095
000000000000000038
7FFFFFFFFFFFFFFFD9
0000000000000001D3
0000000000000001C6
7FFFFFFFFFFFFFFED1
7FFFFFFFFFFFFFFF8F
00000000000000001D
7FFFFFFFFFFFFFFE85
0000000000000001C5
7FFFFFFFFFFFFFFF9D
7FFFFFFFFFFFFFFFD5
00000000000000013A
7FFFFFFFFFFFFFFF4F
7FFFFFFFFFFFFFFF67
7FFFFFFFFFFFFFFE7B
7FFFFFFFFFFFFFFFED
000000000000000008
7FFFFFFFFFFFFFFF6B
000000000000000076
7FFFFFFFFFFFFFFE0F
7FFFFFFFFFFFFFFF86
7FFFFFFFFFFFFFFE50
7FFFFFFFFFFFFFFD3F
7FFFFFFFFFFFFFFFC3
7FFFFFFFFFFFFFFFE1
00000000000000002A
7FFFFFFFFFFFFFFE09
7FFFFFFFFFFFFFFF17
000000000000000182
00000000000000016F
7FFFFFFFFFFFFFFFD0
7FFFFFFFFFFFFFFF7D
7FFFFFFFFFFFFFFDC2
7FFFFFFFFFFFFFFEEF
7FFFFFFFFFFFFFFFCD
7FFFFFFFFFFFFFFEDA
0000000000000000C5
7FFFFFFFFFFFFFFFC4
7FFFFFFFFFFFFFFD5E
7FFFFFFFFFFFFFFF41
7FFFFFFFFFFFFFFFCA
7FFFFFFFFFFFFFFF04
7FFFFFFFFFFFFFFFFB
7FFFFFFFFFFFFFFF09
0000000000000001A0
0000000000000000C8
7FFFFFFFFFFFFFFFA1
000000000000000119
7FFFFFFFFFFFFFFF45
7FFFFFFFFFFFFFFF11
7FFFFFFFFFFFFFFF32
7FFFFFFFFFFFFFFE85
0000000000000000F8
0000000000000000A4
7FFFFFFFFFFFFFFF32
0000000000000000CE
7FFFFFFFFFFFFFFF86
0000000000000000CD
7FFFFFFFFFFFFFFFED
7FFFFFFFFFFFFFFDE8
7FFFFFFFFFFFFFFF57
0000000000000001BC
7FFFFFFFFFFFFFFEA5
7FFFFFFFFFFFFFFF83
7FFFFFFFFFFFFFFFE4
0000000000000000F0
0000000000000001E5
0000000000000000A7
000000000000000073
7FFFFFFFFFFFFFFF2E
000000000000000038
7FFFFFFFFFFFFFFFA4
7FFFFFFFFFFFFFFF9E
7FFFFFFFFFFFFFFF90
000000000000000066
7FFFFFFFFFFFFFFF88
7FFFFFFFFFFFFFFF38
000000000000000119
7FFFFFFFFFFFFFFFEE
7FFFFFFFFFFFFFFED2
000000000000000106
0000000000000000A8
000000000000000118
7FFFFFFFFFFFFFFFFC
7FFFFFFFFFFFFFFF8A
7FFFFFFFFFFFFFFFF9
7FFFFFFFFFFFFFFE96
00000000000000004C
7FFFFFFFFFFFFFFEDD
7FFFFFFFFFFFFFFE86
0000000000000002BC
7FFFFFFFFFFFFFFFF9
000000000000000112
0000000000000000BC
7FFFFFFFFFFFFFFF27
0000000000000000AE
7FFFFFFFFFFFFFFF79
7FFFFFFFFFFFFFFF75
000000000000000139
7FFFFFFFFFFFFFFF3F
7FFFFFFFFFFFFFFF3C
000000000000000077
0000000000000000BF
7FFFFFFFFFFFFFFF87
7FFFFFFFFFFFFFFFF7
7FFFFFFFFFFFFFFEC3
000000000000000054
7FFFFFFFFFFFFFFF3F
000000000000000014
000000000000000058
000000000000000011
0000000000000000AC
7FFFFFFFFFFFFFFFA6
000000000000000065
00000000000000005C
0000000000000000BE
7FFFFFFFFFFFFFFFEE
00000000000000001D
7FFFFFFFFFFFFFFF60
000000000000000011
0000000000000000C6
7FFFFFFFFFFFFFFFA3
00000000000000010B
000000000000000013
7FFFFFFFFFFFFFFF6B
0000000000000000D6
0000000000000000F6
7FFFFFFFFFFFFFFFAC
7FFFFFFFFFFFFFFFC3
7FFFFFFFFFFFFFFFC1
7FFFFFFFFFFFFFFFE9
7FFFFFFFFFFFFFFED9
7FFFFFFFFFFFFFFFAC
7FFFFFFFFFFFFFFFDC
00000000000000002A
000000000000000073
7FFFFFFFFFFFFFFFAB
7FFFFFFFFFFFFFFE33
000000000000000135
0000000000000001C4
000000000000000069
000000000000000023
0000000000000000A8
000000000000000067
00000000000000003C
7FFFFFFFFFFFFFFF90
000000000000000069
0000000000000000F6
000000000000000073
7FFFFFFFFFFFFFFF3F
7FFFFFFFFFFFFFFE6F
000000000000000093
7FFFFFFFFFFFFFFF9D
7FFFFFFFFFFFFFFF5C
7FFFFFFFFFFFFFFFBC
7FFFFFFFFFFFFFFFC0
000000000000000026
7FFFFFFFFFFFFFFF9C
7FFFFFFFFFFFFFFF8C
00000000000000026E
000000000000000043
000000000000000069
0000000000000001A2
7FFFFFFFFFFFFFFFF4
7FFFFFFFFFFFFFFE52
00000000000000013A
00000000000000008A
00000000000000000C
7FFFFFFFFFFFFFFC99
000000000000000010
000000000000000054
7FFFFFFFFFFFFFFF5B
00000000000000007E
000000000000000018
7FFFFFFFFFFFFFFFFA
7FFFFFFFFFFFFFFEF0
7FFFFFFFFFFFFFFF31
00000000000000007C
7FFFFFFFFFFFFFFF89
0000000000000000B4
0000000000000000EC
000000000000000078
00000000000000013E
7FFFFFFFFFFFFFFF4A
000000000000000102
0000000000000000C7
0000000000000000AA
7FFFFFFFFFFFFFFF36
000000000000000067
7FFFFFFFFFFFFFFD89
7FFFFFFFFFFFFFFF91
000000000000000183
000000000000000041
0000000000000000B3
0000000000000000A4
0000000000000000BB
7FFFFFFFFFFFFFFFD1
7FFFFFFFFFFFFFFFEC
000000000000000047
000000000000000053
0000000000000000F2
000000000000000027
7FFFFFFFFFFFFFFF79
7FFFFFFFFFFFFFFF6F
7FFFFFFFFFFFFFFF5C
00000000000000015F
7FFFFFFFFFFFFFFFF8
7FFFFFFFFFFFFFFF0A
7FFFFFFFFFFFFFFFD9
7FFFFFFFFFFFFFFE7D
7FFFFFFFFFFFFFFFE4
000000000000000067
7FFFFFFFFFFFFFFF2A
7FFFFFFFFFFFFFFF6D
000000000000000099
7FFFFFFFFFFFFFFFCD
7FFFFFFFFFFFFFFFBC
7FFFFFFFFFFFFFFFCE
0000000000000001BB
7FFFFFFFFFFFFFFF80
7FFFFFFFFFFFFFFF0B
7FFFFFFFFFFFFFFFA7
7FFFFFFFFFFFFFFF8D
0000000000000000A6
7FFFFFFFFFFFFFFEF3
00000000000000011F
000000000000000111
000000000000000112
7FFFFFFFFFFFFFFFE6
7FFFFFFFFFFFFFFF86
00000000000000000F
7FFFFFFFFFFFFFFFEA
7FFFFFFFFFFFFFFE0F
7FFFFFFFFFFFFFFD52
7FFFFFFFFFFFFFFFE7
7FFFFFFFFFFFFFFEB0
7FFFFFFFFFFFFFFF57
7FFFFFFFFFFFFFFECE
000000000000000142
7FFFFFFFFFFFFFFF07
7FFFFFFFFFFFFFFE6C
7FFFFFFFFFFFFFFFC3
000000000000000120
7FFFFFFFFFFFFFFD6F
7FFFFFFFFFFFFFFFA8
0000000000000000DD
7FFFFFFFFFFFFFFDF5
000000000000000012
7FFFFFFFFFFFFFFE47
00000000000000011B
000000000000000116
7FFFFFFFFFFFFFFF9F
7FFFFFFFFFFFFFFF68
00000000000000014A
7FFFFFFFFFFFFFFF76
000000000000000128
7FFFFFFFFFFFFFFFFB
7FFFFFFFFFFFFFFDFE
0000000000000001D4
7FFFFFFFFFFFFFFF11
7FFFFFFFFFFFFFFF31
000000000000000063
7FFFFFFFFFFFFFFEA2
7FFFFFFFFFFFFFFF88
7FFFFFFFFFFFFFFFD3
000000000000000075
7FFFFFFFFFFFFFFFE7
7FFFFFFFFFFFFFFF94
7FFFFFFFFFFFFFFFCF
00000000000000006D
00000000000000009F
7FFFFFFFFFFFFFFED8
7FFFFFFFFFFFFFFF7B
7FFFFFFFFFFFFFFEE5
0000000000000000DB
7FFFFFFFFFFFFFFE79
7FFFFFFFFFFFFFFF9D
7FFFFFFFFFFFFFFFFB
7FFFFFFFFFFFFFFEF1
7FFFFFFFFFFFFFFFD1
0000000000000000E3
000000000000000045
000000000000000146
0000000000000000FA
7FFFFFFFFFFFFFFFA5
000000000000000008
000000000000000182
7FFFFFFFFFFFFFFFD2
7FFFFFFFFFFFFFFF28
7FFFFFFFFFFFFFFFCD
7FFFFFFFFFFFFFFF8C
7FFFFFFFFFFFFFFFE1
7FFFFFFFFFFFFFFF04
000000000000000099
7FFFFFFFFFFFFFFF5F
7FFFFFFFFFFFFFFFFA
000000000000000042
0000000000000001E7
7FFFFFFFFFFFFFFF4B
7FFFFFFFFFFFFFFF4B
000000000000000068
0000000000000000EF
000000000000000059
7FFFFFFFFFFFFFFF96
000000000000000055
7FFFFFFFFFFFFFFFF0
00000000000000001E
0000000000000000B1
7FFFFFFFFFFFFFFF5C
7FFFFFFFFFFFFFFF25
7FFFFFFFFFFFFFFFC2
7FFFFFFFFFFFFFFE3F
00000000000000006E
000000000000000084
7FFFFFFFFFFFFFFFCA
7FFFFFFFFFFFFFFEC3
7FFFFFFFFFFFFFFFEA
7FFFFFFFFFFFFFFF43
00000000000000003C
00000000000000002E
7FFFFFFFFFFFFFFFF7
000000000000000116
00000000000000006D
7FFFFFFFFFFFFFFE93
000000000000000150
7FFFFFFFFFFFFFFFC2
00000000000000009B
7FFFFFFFFFFFFFFF0C
0000000000000001BE
0000000000000001AB
0000000000000000BD
000000000000000149
7FFFFFFFFFFFFFFEA8
000000000000000148
7FFFFFFFFFFFFFFFAE
7FFFFFFFFFFFFFFF0D
7FFFFFFFFFFFFFFF8F
000000000000000076
00000000000000015E
000000000000000010
7FFFFFFFFFFFFFFFFB
000000000000000075
000000000000000187
000000000000000148
7FFFFFFFFFFFFFFFC4
7FFFFFFFFFFFFFFFF1
7FFFFFFFFFFFFFFFBE
7FFFFFFFFFFFFFFF77
7FFFFFFFFFFFFFFF43
7FFFFFFFFFFFFFFFAB
7FFFFFFFFFFFFFFEFF
7FFFFFFFFFFFFFFF9D
000000000000000011
000000000000000062
7FFFFFFFFFFFFFFEF2
7FFFFFFFFFFFFFFEBA
0000000000000001AA
000000000000000067
00000000000000010A
00000000000000017C
7FFFFFFFFFFFFFFF03
7FFFFFFFFFFFFFFFCE
7FFFFFFFFFFFFFFF83
00000000000000003C
00000000000000001A
7FFFFFFFFFFFFFFFD3
7FFFFFFFFFFFFFFF3A
0000000000000000B1
7FFFFFFFFFFFFFFFDA
7FFFFFFFFFFFFFFF29
00000000000000017E
7FFFFFFFFFFFFFFFBC
00000000000000015F
7FFFFFFFFFFFFFFEED
7FFFFFFFFFFFFFFFA7
0000000000000001AE
7FFFFFFFFFFFFFFED4
000000000000000094
7FFFFFFFFFFFFFFE4D
7FFFFFFFFFFFFFFF4D
7FFFFFFFFFFFFFFF78
000000000000000071
0000000000000001A4
000000000000000010
000000000000000062
0000000000000002C2
7FFFFFFFFFFFFFFEA5
000000000000000192
000000000000000004
00000000000000019E
000000000000000105
7FFFFFFFFFFFFFFFF5
7FFFFFFFFFFFFFFFF7
7FFFFFFFFFFFFFFFDC
00000000000000026C
7FFFFFFFFFFFFFFF1E
7FFFFFFFFFFFFFFF63
0000000000000000FB
7FFFFFFFFFFFFFFFEA
00000000000000017E
7FFFFFFFFFFFFFFE08
7FFFFFFFFFFFFFFF42
000000000000000024
7FFFFFFFFFFFFFFF84
00000000000000007B
7FFFFFFFFFFFFFFFE7
7FFFFFFFFFFFFFFFCE
0000000000000000BE
00000000000000014B
0000000000000000B0
000000000000000134
7FFFFFFFFFFFFFFEEF
000000000000000049
7FFFFFFFFFFFFFFE87
7FFFFFFFFFFFFFFF32
0000000000000001A7
7FFFFFFFFFFFFFFF38
7FFFFFFFFFFFFFFFD9
000000000000000172
0000000000000000D6
7FFFFFFFFFFFFFFFDF
00000000000000024F
7FFFFFFFFFFFFFFF7A
00000000000000005C
7FFFFFFFFFFFFFFF42
000000000000000086
000000000000000072
000000000000000056
7FFFFFFFFFFFFFFEF0
00000000000000004B
7FFFFFFFFFFFFFFFC2
7FFFFFFFFFFFFFFF7D
0000000000000000AD
7FFFFFFFFFFFFFFFEC
7FFFFFFFFFFFFFFFEE
7FFFFFFFFFFFFFFEC4
00000000000000007B
0000000000000000A9
7FFFFFFFFFFFFFFF73
7FFFFFFFFFFFFFFE6B
0000000000000000CF
7FFFFFFFFFFFFFFF03
000000000000000018
7FFFFFFFFFFFFFFEF0
7FFFFFFFFFFFFFFFF2
7FFFFFFFFFFFFFFEE0
000000000000000018
7FFFFFFFFFFFFFFFC4
000000000000000049
7FFFFFFFFFFFFFFF10
7FFFFFFFFFFFFFFF80
7FFFFFFFFFFFFFFF03
000000000000000192
7FFFFFFFFFFFFFFFB6
7FFFFFFFFFFFFFFF6D
000000000000000041
0000000000000000F7
0000000000000000A0
7FFFFFFFFFFFFFFEF4
000000000000000125
7FFFFFFFFFFFFFFFE5
0000000000000000EF
7FFFFFFFFFFFFFFFE1
7FFFFFFFFFFFFFFFDC
0000000000000000B5
7FFFFFFFFFFFFFFF4A
7FFFFFFFFFFFFFFFA0
7FFFFFFFFFFFFFFF84
7FFFFFFFFFFFFFFFEC
7FFFFFFFFFFFFFFF62
000000000000000116
000000000000000011
000000000000000019
0000000000000001EF
00000000000000005A
000000000000000036
7FFFFFFFFFFFFFFDAD
000000000000000068
000000000000000124
0000000000000000D7
000000000000000065
0000000000000000C3
000000000000000071
7FFFFFFFFFFFFFFF73
7FFFFFFFFFFFFFFEB9
7FFFFFFFFFFFFFFEF0
000000000000000063
000000000000000085
00000000000000000B
7FFFFFFFFFFFFFFF6A
00000000000000021D
7FFFFFFFFFFFFFFFF5
7FFFFFFFFFFFFFFEBC
7FFFFFFFFFFFFFFE9F
7FFFFFFFFFFFFFFF6E
0000000000000000B5
000000000000000020
7FFFFFFFFFFFFFFFCD
00000000000000007F
7FFFFFFFFFFFFFFEF3
000000000000000007
7FFFFFFFFFFFFFFF4F
7FFFFFFFFFFFFFFF0D
00000000000000007A
000000000000000096
7FFFFFFFFFFFFFFF67
000000000000000068
7FFFFFFFFFFFFFFD77
7FFFFFFFFFFFFFFFBD
000000000000000155
000000000000000035
000000000000000043
000000000000000037
7FFFFFFFFFFFFFFF09
00000000000000016B
7FFFFFFFFFFFFFFE40
0000000000000001A4
7FFFFFFFFFFFFFFE40
000000000000000051
000000000000000124
7FFFFFFFFFFFFFFF67
7FFFFFFFFFFFFFFDAF
7FFFFFFFFFFFFFFF01
7FFFFFFFFFFFFFFF17
0000000000000000E8
7FFFFFFFFFFFFFFFDC
000000000000000194
0000000000000000A5
000000000000000196
7FFFFFFFFFFFFFFEC1
7FFFFFFFFFFFFFFEEA
0000000000000000A8
7FFFFFFFFFFFFFFF3A
7FFFFFFFFFFFFFFFD2
00000000000000002F
7FFFFFFFFFFFFFFF34
7FFFFFFFFFFFFFFF03
0000000000000000D4
000000000000000044
00000000000000006A
000000000000000093
000000000000000059
7FFFFFFFFFFFFFFFAB
000000000000000018
0000000000000000E3
7FFFFFFFFFFFFFFFCC
7FFFFFFFFFFFFFFFED
7FFFFFFFFFFFFFFF38
7FFFFFFFFFFFFFFFEF
0000000000000000C8
00000000000000004B
7FFFFFFFFFFFFFFF15
000000000000000076
000000000000000099
7FFFFFFFFFFFFFFF35
7FFFFFFFFFFFFFFF77
7FFFFFFFFFFFFFFEFC
0000000000000000D3
0000000000000002ED
7FFFFFFFFFFFFFFF3A
7FFFFFFFFFFFFFFEB9
7FFFFFFFFFFFFFFF98
0000000000000000EE
7FFFFFFFFFFFFFFFE3
00000000000000000F
00000000000000014D
000000000000000042
7FFFFFFFFFFFFFFECC
00000000000000004E
00000000000000013B
000000000000000050
7FFFFFFFFFFFFFFFC3
00000000000000008F
0000000000000001A4
7FFFFFFFFFFFFFFF80
7FFFFFFFFFFFFFFF87
00000000000000001C
0000000000000000A3
0000000000000001FD
7FFFFFFFFFFFFFFF3E
7FFFFFFFFFFFFFFF24
7FFFFFFFFFFFFFFEB1
000000000000000040
7FFFFFFFFFFFFFFE6D
000000000000000088
7FFFFFFFFFFFFFFFCC
7FFFFFFFFFFFFFFF52
000000000000000013
7FFFFFFFFFFFFFFE96
000000000000000007
00000000000000007E
7FFFFFFFFFFFFFFED4
000000000000000087
7FFFFFFFFFFFFFFDD7
0000000000000001D0
000000000000000032
7FFFFFFFFFFFFFFF73
0000000000000000E1
7FFFFFFFFFFFFFFF0F
000000000000000016
0000000000000001FE
000000000000000042
000000000000000149
7FFFFFFFFFFFFFFE9E
7FFFFFFFFFFFFFFFD8
0000000000000000E4
7FFFFFFFFFFFFFFF6E
7FFFFFFFFFFFFFFFBE
000000000000000134
7FFFFFFFFFFFFFFFC7
000000000000000067
7FFFFFFFFFFFFFFFA7
7FFFFFFFFFFFFFFF07
7FFFFFFFFFFFFFFFB3
7FFFFFFFFFFFFFFF5B
00000000000000002F
7FFFFFFFFFFFFFFEC3
000000000000000103
7FFFFFFFFFFFFFFF36
00000000000000013C
000000000000000062
000000000000000251
7FFFFFFFFFFFFFFFD5
7FFFFFFFFFFFFFFF66
7FFFFFFFFFFFFFFF3E
000000000000000112
0000000000000000C4
00000000000000003A
00000000000000006A
00000000000000013D
7FFFFFFFFFFFFFFFB6
000000000000000061
7FFFFFFFFFFFFFFF5F
0000000000000000D2
00000000000000019F
7FFFFFFFFFFFFFFF5D
7FFFFFFFFFFFFFFF87
7FFFFFFFFFFFFFFF6A
7FFFFFFFFFFFFFFF62
00000000000000001C
7FFFFFFFFFFFFFFFB8
7FFFFFFFFFFFFFFFC3
0000000000000000A1
7FFFFFFFFFFFFFFF16
00000000000000005E
7FFFFFFFFFFFFFFE6D
7FFFFFFFFFFFFFFEF1
7FFFFFFFFFFFFFFE22
00000000000000014F
000000000000000026
00000000000000000C
7FFFFFFFFFFFFFFFD6
00000000000000002F
00000000000000011B
00000000000000002B
7FFFFFFFFFFFFFFFF8
7FFFFFFFFFFFFFFF9B
7FFFFFFFFFFFFFFFDE
0000000000000000AB
7FFFFFFFFFFFFFFFC5
7FFFFFFFFFFFFFFFD3
7FFFFFFFFFFFFFFEC7
7FFFFFFFFFFFFFFEDC
7FFFFFFFFFFFFFFFE4
7FFFFFFFFFFFFFFFCF
7FFFFFFFFFFFFFFFC8
7FFFFFFFFFFFFFFED6
7FFFFFFFFFFFFFFE94
000000000000000148
0000000000000000C6
7FFFFFFFFFFFFFFEC3
000000000000000103
00000000000000007E
7FFFFFFFFFFFFFFF1C
000000000000000031
7FFFFFFFFFFFFFFF5F
0000000000000000F1
0000000000000000F1
7FFFFFFFFFFFFFFEFB
0000000000000000B6
7FFFFFFFFFFFFFFFF5
000000000000000140
7FFFFFFFFFFFFFFFC4
7FFFFFFFFFFFFFFF27
00000000000000008F
7FFFFFFFFFFFFFFE6D
000000000000000065
7FFFFFFFFFFFFFFFC8
7FFFFFFFFFFFFFFEFC
7FFFFFFFFFFFFFFFF6
7FFFFFFFFFFFFFFEBD
7FFFFFFFFFFFFFFEA6
000000000000000156
7FFFFFFFFFFFFFFF36
000000000000000000
000000000000000246
00000000000000017D
7FFFFFFFFFFFFFFE28
7FFFFFFFFFFFFFFEC6
7FFFFFFFFFFFFFFFE7
00000000000000002D
7FFFFFFFFFFFFFFFAB
000000000000000093
7FFFFFFFFFFFFFFFBA
000000000000000027
00000000000000005E
7FFFFFFFFFFFFFFDC4
00000000000000007C
7FFFFFFFFFFFFFFF53
0000000000000000AF
7FFFFFFFFFFFFFFFD1
000000000000000014
7FFFFFFFFFFFFFFEEB
7FFFFFFFFFFFFFFEDF
000000000000000056
7FFFFFFFFFFFFFFEEB
7FFFFFFFFFFFFFFF0E
0000000000000000C9
000000000000000043
00000000000000018B
7FFFFFFFFFFFFFFF45
0000000000000000D1
7FFFFFFFFFFFFFFE0E
000000000000000267
7FFFFFFFFFFFFFFF1B
0000000000000000C4
0000000000000000D7
7FFFFFFFFFFFFFFEC7
00000000000000002D
7FFFFFFFFFFFFFFF83
7FFFFFFFFFFFFFFFAA
0000000000000000A5
7FFFFFFFFFFFFFFFF0
7FFFFFFFFFFFFFFFCC
7FFFFFFFFFFFFFFFF6
7FFFFFFFFFFFFFFF47
7FFFFFFFFFFFFFFF97
7FFFFFFFFFFFFFFEDE
7FFFFFFFFFFFFFFF15
7FFFFFFFFFFFFFFEBA
7FFFFFFFFFFFFFFEDE
7FFFFFFFFFFFFFFF59
000000000000000061
000000000000000136
000000000000000039
000000000000000032
7FFFFFFFFFFFFFFF70
000000000000000139
00000000000000010B
7FFFFFFFFFFFFFFF4F
7FFFFFFFFFFFFFFF6A
7FFFFFFFFFFFFFFF42
000000000000000011
000000000000000027
000000000000000199
7FFFFFFFFFFFFFFFE2
7FFFFFFFFFFFFFFF29
00000000000000004C
7FFFFFFFFFFFFFFE58
000000000000000035
7FFFFFFFFFFFFFFFF0
7FFFFFFFFFFFFFFEB3
00000000000000006B
000000000000000060
7FFFFFFFFFFFFFFFCB
000000000000000154
7FFFFFFFFFFFFFFEF3
7FFFFFFFFFFFFFFE67
7FFFFFFFFFFFFFFF4E
7FFFFFFFFFFFFFFF93
00000000000000006E
7FFFFFFFFFFFFFFEFC
00000000000000004A
7FFFFFFFFFFFFFFEBE
000000000000000143
0000000000000001CF
7FFFFFFFFFFFFFFEAA
00000000000000000C
7FFFFFFFFFFFFFFFC5
00000000000000000B
000000000000000195
7FFFFFFFFFFFFFFEF0
00000000000000007A
0000000000000000A7
7FFFFFFFFFFFFFFFEF
0000000000000000DD
000000000000000124
00000000000000005E
7FFFFFFFFFFFFFFF99
7FFFFFFFFFFFFFFE52
7FFFFFFFFFFFFFFF4F
7FFFFFFFFFFFFFFF19
7FFFFFFFFFFFFFFE7B
7FFFFFFFFFFFFFFF98
000000000000000004
00000000000000002E
00000000000000015F
0000000000000000AE
0000000000000000E5
7FFFFFFFFFFFFFFF8A
7FFFFFFFFFFFFFFFFC
7FFFFFFFFFFFFFFFF1
0000000000000001B6
7FFFFFFFFFFFFFFF32
7FFFFFFFFFFFFFFFCA
00000000000000030F
7FFFFFFFFFFFFFFEE4
0000000000000000D8
00000000000000010B
000000000000000053
000000000000000189
0000000000000000A5
00000000000000006D
7FFFFFFFFFFFFFFFC1
000000000000000142
7FFFFFFFFFFFFFFEC2
00000000000000006E
0000000000000000DE
00000000000000011C
000000000000000094
7FFFFFFFFFFFFFFF9E
000000000000000004
0000000000000001B2
00000000000000011A
7FFFFFFFFFFFFFFD3A
0000000000000000B6
7FFFFFFFFFFFFFFF2B
000000000000000240
7FFFFFFFFFFFFFFF39
00000000000000025C
0000000000000000B7
0000000000000000BC
0000000000000001A4
7FFFFFFFFFFFFFFDCC
00000000000000008F
7FFFFFFFFFFFFFFF26
7FFFFFFFFFFFFFFE31
7FFFFFFFFFFFFFFEAA
7FFFFFFFFFFFFFFEAF
7FFFFFFFFFFFFFFDDC
000000000000000049
7FFFFFFFFFFFFFFFD5
7FFFFFFFFFFFFFFF9A
7FFFFFFFFFFFFFFF3F
7FFFFFFFFFFFFFFF11
0000000000000001DA
0000000000000000B9
000000000000000168
7FFFFFFFFFFFFFFFFF
7FFFFFFFFFFFFFFE3F
7FFFFFFFFFFFFFFFE9
7FFFFFFFFFFFFFFFE1
7FFFFFFFFFFFFFFF9A
000000000000000161
0000000000000000AA
00000000000000005E
000000000000000256
7FFFFFFFFFFFFFFFD2
7FFFFFFFFFFFFFFF3F
0000000000000001CD
7FFFFFFFFFFFFFFE3F
7FFFFFFFFFFFFFFFE1
7FFFFFFFFFFFFFFE49
7FFFFFFFFFFFFFFF75
0000000000000001DC
000000000000000052
7FFFFFFFFFFFFFFEC7
7FFFFFFFFFFFFFFF9C
000000000000000065
0000000000000000D4
00000000000000012D
7FFFFFFFFFFFFFFEDC
7FFFFFFFFFFFFFFF25
000000000000000141
7FFFFFFFFFFFFFFE00
00000000000000002E
000000000000000096
7FFFFFFFFFFFFFFE40
0000000000000001B7
7FFFFFFFFFFFFFFFD3
000000000000000139
7FFFFFFFFFFFFFFE77
000000000000000114
7FFFFFFFFFFFFFFF8E
7FFFFFFFFFFFFFFFD8
7FFFFFFFFFFFFFFFFE
7FFFFFFFFFFFFFFF86
7FFFFFFFFFFFFFFE90
7FFFFFFFFFFFFFFE8D
00000000000000019D
7FFFFFFFFFFFFFFFBE
7FFFFFFFFFFFFFFF82
7FFFFFFFFFFFFFFED3
00000000000000001B
7FFFFFFFFFFFFFFFCD
7FFFFFFFFFFFFFFF0C
7FFFFFFFFFFFFFFF40
7FFFFFFFFFFFFFFFB2
000000000000000042
000000000000000040
7FFFFFFFFFFFFFFFEE
7FFFFFFFFFFFFFFF4A
7FFFFFFFFFFFFFFEF3
7FFFFFFFFFFFFFFFAD
0000000000000001BE
7FFFFFFFFFFFFFFDA2
000000000000000026
000000000000000029
7FFFFFFFFFFFFFFEB9
00000000000000018E
00000000000000001E
7FFFFFFFFFFFFFFFCA
000000000000000154
7FFFFFFFFFFFFFFEF5
7FFFFFFFFFFFFFFFBF
000000000000000074
000000000000000192
000000000000000185
0000000000000000DC
7FFFFFFFFFFFFFFEEF
000000000000000035
7FFFFFFFFFFFFFFF68
00000000000000007E
7FFFFFFFFFFFFFFFA9
7FFFFFFFFFFFFFFEA8
7FFFFFFFFFFFFFFFAB
7FFFFFFFFFFFFFFF4B
7FFFFFFFFFFFFFFF82
7FFFFFFFFFFFFFFE58
0000000000000000F9
7FFFFFFFFFFFFFFFA9
7FFFFFFFFFFFFFFFFE
000000000000000099
7FFFFFFFFFFFFFFE79
0000000000000001EE
7FFFFFFFFFFFFFFF8E
7FFFFFFFFFFFFFFFE5
000000000000000077
0000000000000000E0
7FFFFFFFFFFFFFFFD3
7FFFFFFFFFFFFFFFE6
00000000000000000A
00000000000000003D
00000000000000001D
7FFFFFFFFFFFFFFFA8
7FFFFFFFFFFFFFFEBA
000000000000000165
7FFFFFFFFFFFFFFFE6
00000000000000001D
7FFFFFFFFFFFFFFEEF
7FFFFFFFFFFFFFFF33
7FFFFFFFFFFFFFFED8
000000000000000126
7FFFFFFFFFFFFFFE1D
000000000000000088
000000000000000153
7FFFFFFFFFFFFFFF19
7FFFFFFFFFFFFFFF94
7FFFFFFFFFFFFFFF4D
7FFFFFFFFFFFFFFF84
7FFFFFFFFFFFFFFEA1
7FFFFFFFFFFFFFFEFE
7FFFFFFFFFFFFFFE55
7FFFFFFFFFFFFFFF3D
7FFFFFFFFFFFFFFFDF
7FFFFFFFFFFFFFFE8D
7FFFFFFFFFFFFFFFF4
000000000000000124
0000000000000000B0
0000000000000000A2
7FFFFFFFFFFFFFFFAF
7FFFFFFFFFFFFFFF05
7FFFFFFFFFFFFFFFF0
7FFFFFFFFFFFFFFF89
7FFFFFFFFFFFFFFF12
00000000000000015C
000000000000000036
00000000000000003B
7FFFFFFFFFFFFFFFB5
0000000000000000A1
7FFFFFFFFFFFFFFFAF
0000000000000000D0
0000000000000000F1
000000000000000019
0000000000000001E6
000000000000000110
7FFFFFFFFFFFFFFFCC
7FFFFFFFFFFFFFFF5D
7FFFFFFFFFFFFFFF60
000000000000000024
0000000000000000F8
7FFFFFFFFFFFFFFFDA
000000000000000065
000000000000000096
7FFFFFFFFFFFFFFE6F
7FFFFFFFFFFFFFFF97
000000000000000040
7FFFFFFFFFFFFFFFB5
000000000000000079
000000000000000159
7FFFFFFFFFFFFFFFCB
00000000000000011E
000000000000000072
0000000000000000ED
7FFFFFFFFFFFFFFF3F
7FFFFFFFFFFFFFFFCE
00000000000000009E
7FFFFFFFFFFFFFFF35
7FFFFFFFFFFFFFFFA8
7FFFFFFFFFFFFFFEE8
7FFFFFFFFFFFFFFE8C
000000000000000104
7FFFFFFFFFFFFFFEAC
00000000000000013F
00000000000000000F
00000000000000005C
0000000000000000E9
00000000000000015A
000000000000000033
7FFFFFFFFFFFFFFE96
00000000000000012C
000000000000000070
00000000000000012A
7FFFFFFFFFFFFFFE6F
7FFFFFFFFFFFFFFFF6
000000000000000110
7FFFFFFFFFFFFFFF71
000000000000000031
00000000000000018F
000000000000000032
7FFFFFFFFFFFFFFFBA
0000000000000000B9
000000000000000033
7FFFFFFFFFFFFFFE82
7FFFFFFFFFFFFFFFE7
0000000000000001BE
7FFFFFFFFFFFFFFF1F
000000000000000005
0000000000000000D9
0000000000000000F0
0000000000000000A8
00000000000000006B
7FFFFFFFFFFFFFFE74
7FFFFFFFFFFFFFFF89
000000000000000065
000000000000000167
7FFFFFFFFFFFFFFF2B
7FFFFFFFFFFFFFFFE8
000000000000000132
7FFFFFFFFFFFFFFDBC
7FFFFFFFFFFFFFFEB8
000000000000000177
7FFFFFFFFFFFFFFF4C
000000000000000022
7FFFFFFFFFFFFFFF5A
000000000000000068
00000000000000003B
7FFFFFFFFFFFFFFEED
00000000000000001E
7FFFFFFFFFFFFFFF8C
7FFFFFFFFFFFFFFFB0
7FFFFFFFFFFFFFFED5
000000000000000126
0000000000000002D0
000000000000000058
7FFFFFFFFFFFFFFF04
0000000000000000F9
7FFFFFFFFFFFFFFF1B
7FFFFFFFFFFFFFFF36
00000000000000008D
00000000000000000C
00000000000000014B
000000000000000034
7FFFFFFFFFFFFFFF9B
7FFFFFFFFFFFFFFF5F
0000000000000000F4
000000000000000088
0000000000000000FB
7FFFFFFFFFFFFFFD24
00000000000000021D
7FFFFFFFFFFFFFFFAA
7FFFFFFFFFFFFFFEB9
7FFFFFFFFFFFFFFEFF
000000000000000135
000000000000000181
7FFFFFFFFFFFFFFFAF
7FFFFFFFFFFFFFFFF1
0000000000000001A7
00000000000000008C
0000000000000001A4
7FFFFFFFFFFFFFFEA4
000000000000000061
7FFFFFFFFFFFFFFF70
000000000000000177
0000000000000000A6
00000000000000005C
000000000000000088
7FFFFFFFFFFFFFFF88
00000000000000005B
0000000000000000B6
7FFFFFFFFFFFFFFF8D
7FFFFFFFFFFFFFFE94
7FFFFFFFFFFFFFFDF5
00000000000000008E
7FFFFFFFFFFFFFFF0D
7FFFFFFFFFFFFFFF6D
7FFFFFFFFFFFFFFF7D
00000000000000005F
7FFFFFFFFFFFFFFF1D
7FFFFFFFFFFFFFFF65
000000000000000007
000000000000000012
000000000000000080
7FFFFFFFFFFFFFFFA5
000000000000000095
000000000000000079
00000000000000018E
000000000000000107
7FFFFFFFFFFFFFFE0B
000000000000000175
7FFFFFFFFFFFFFFD8B
7FFFFFFFFFFFFFFECB
7FFFFFFFFFFFFFFFDA
000000000000000038
7FFFFFFFFFFFFFFFB4
00000000000000016A
7FFFFFFFFFFFFFFDFC
7FFFFFFFFFFFFFFDC2
7FFFFFFFFFFFFFFF68
00000000000000000C
00000000000000002E
7FFFFFFFFFFFFFFE8F
00000000000000009F
0000000000000000A3
000000000000000068
7FFFFFFFFFFFFFFF92
000000000000000029
7FFFFFFFFFFFFFFDFB
00000000000000019F
7FFFFFFFFFFFFFFF77
000000000000000052
0000000000000000A9
000000000000000124
0000000000000000EA
00000000000000015F
7FFFFFFFFFFFFFFD0A
000000000000000120
7FFFFFFFFFFFFFFF3C
7FFFFFFFFFFFFFFE64
7FFFFFFFFFFFFFFFB0
00000000000000003D
000000000000000122
7FFFFFFFFFFFFFFF2E
7FFFFFFFFFFFFFFE59
000000000000000068
000000000000000090
00000000000000003D
000000000000000025
7FFFFFFFFFFFFFFF3A
7FFFFFFFFFFFFFFEE6
7FFFFFFFFFFFFFFF6D
0000000000000000A2
000000000000000049
7FFFFFFFFFFFFFFF36
7FFFFFFFFFFFFFFF9D
000000000000000081
7FFFFFFFFFFFFFFFA8
0000000000000001EB
0000000000000001DE
7FFFFFFFFFFFFFFF6C
000000000000000104
000000000000000114
7FFFFFFFFFFFFFFF17
7FFFFFFFFFFFFFFFF3
7FFFFFFFFFFFFFFF51
7FFFFFFFFFFFFFFF41
7FFFFFFFFFFFFFFE5F
0000000000000000B8
7FFFFFFFFFFFFFFFAF
7FFFFFFFFFFFFFFF30
7FFFFFFFFFFFFFFFA2
000000000000000014
000000000000000007
0000000000000000B8
7FFFFFFFFFFFFFFFC6
7FFFFFFFFFFFFFFF9E
7FFFFFFFFFFFFFFF01
7FFFFFFFFFFFFFFECD
7FFFFFFFFFFFFFFF9B
7FFFFFFFFFFFFFFDD0
7FFFFFFFFFFFFFFEAB
7FFFFFFFFFFFFFFF60
000000000000000172
7FFFFFFFFFFFFFFF72
000000000000000255
7FFFFFFFFFFFFFFEDF
7FFFFFFFFFFFFFFF2A
7FFFFFFFFFFFFFFF45
00000000000000008E
7FFFFFFFFFFFFFFFFE
000000000000000050
7FFFFFFFFFFFFFFD5F
000000000000000109
7FFFFFFFFFFFFFFEFD
000000000000000092
7FFFFFFFFFFFFFFEF7
7FFFFFFFFFFFFFFFF9
7FFFFFFFFFFFFFFF3A
000000000000000092
7FFFFFFFFFFFFFFFA8
7FFFFFFFFFFFFFFFD6
7FFFFFFFFFFFFFFE96
7FFFFFFFFFFFFFFE5D
7FFFFFFFFFFFFFFF85
7FFFFFFFFFFFFFFF34
000000000000000116
7FFFFFFFFFFFFFFFDA
0000000000000002F9
7FFFFFFFFFFFFFFDE2
000000000000000038
7FFFFFFFFFFFFFFDEC
000000000000000177
000000000000000096
00000000000000009B
0000000000000000A1
00000000000000003F
000000000000000143
7FFFFFFFFFFFFFFEB6
7FFFFFFFFFFFFFFFA3
0000000000000000E0
7FFFFFFFFFFFFFFF68
000000000000000033
7FFFFFFFFFFFFFFF0E
0000000000000000AA
7FFFFFFFFFFFFFFF85
000000000000000175
0000000000000000F5
0000000000000000F6
00000000000000008F
7FFFFFFFFFFFFFFE47
7FFFFFFFFFFFFFFE1E
7FFFFFFFFFFFFFFF75
0000000000000000F9
00000000000000000E
00000000000000009B
000000000000000016
7FFFFFFFFFFFFFFF30
0000000000000000A0
7FFFFFFFFFFFFFFE6C
000000000000000029
7FFFFFFFFFFFFFFFDF
000000000000000008
7FFFFFFFFFFFFFFFC8
000000000000000042
000000000000000025
000000000000000045
7FFFFFFFFFFFFFFF0E
7FFFFFFFFFFFFFFEC8
000000000000000087
7FFFFFFFFFFFFFFE97
7FFFFFFFFFFFFFFF50
7FFFFFFFFFFFFFFF10
7FFFFFFFFFFFFFFF8D
00000000000000000A
7FFFFFFFFFFFFFFFB3
0000000000000001BC
7FFFFFFFFFFFFFFF62
7FFFFFFFFFFFFFFFC3
7FFFFFFFFFFFFFFF31
00000000000000002A
7FFFFFFFFFFFFFFF7F
7FFFFFFFFFFFFFFF10
7FFFFFFFFFFFFFFFEA
7FFFFFFFFFFFFFFF3D
7FFFFFFFFFFFFFFDD1
000000000000000050
000000000000000128
7FFFFFFFFFFFFFFE8F
0000000000000001C2
000000000000000036
000000000000000133
7FFFFFFFFFFFFFFEEA
7FFFFFFFFFFFFFFEFE
0000000000000001DE
7FFFFFFFFFFFFFFEC0
7FFFFFFFFFFFFFFFC9
7FFFFFFFFFFFFFFED4
000000000000000008
00000000000000012E
7FFFFFFFFFFFFFFFC9
7FFFFFFFFFFFFFFF41
7FFFFFFFFFFFFFFDC5
0000000000000000E5
7FFFFFFFFFFFFFFE41
7FFFFFFFFFFFFFFF68
7FFFFFFFFFFFFFFFC6
7FFFFFFFFFFFFFFFA5
7FFFFFFFFFFFFFFF0E
7FFFFFFFFFFFFFFE5F
00000000000000012D
000000000000000076
000000000000000176
7FFFFFFFFFFFFFFEF3
7FFFFFFFFFFFFFFE0C
7FFFFFFFFFFFFFFF52
0000000000000000AA
000000000000000084
7FFFFFFFFFFFFFFEFB
0000000000000001EF
00000000000000013C
7FFFFFFFFFFFFFFFE5
000000000000000000
7FFFFFFFFFFFFFFF47
7FFFFFFFFFFFFFFF36
7FFFFFFFFFFFFFFF69
000000000000000108
7FFFFFFFFFFFFFFF2E
7FFFFFFFFFFFFFFE32
00000000000000019B
000000000000000050
7FFFFFFFFFFFFFFFB0
7FFFFFFFFFFFFFFF8B
7FFFFFFFFFFFFFFE01
0000000000000000BC
0000000000000001AF
00000000000000020A
7FFFFFFFFFFFFFFF94
7FFFFFFFFFFFFFFD4A
7FFFFFFFFFFFFFFEC8
000000000000000023
000000000000000009
7FFFFFFFFFFFFFFF08
7FFFFFFFFFFFFFFEB1
7FFFFFFFFFFFFFFEFD
7FFFFFFFFFFFFFFFC0
7FFFFFFFFFFFFFFE63
7FFFFFFFFFFFFFFDB4
7FFFFFFFFFFFFFFEAD
7FFFFFFFFFFFFFFF6E
0000000000000001E0
000000000000000017
7FFFFFFFFFFFFFFFA4
0000000000000001DD
7FFFFFFFFFFFFFFEE3
000000000000000009
7FFFFFFFFFFFFFFE55
0000000000000001B6
7FFFFFFFFFFFFFFFAE
7FFFFFFFFFFFFFFEB2
7FFFFFFFFFFFFFFF1F
0000000000000001C9
0000000000000000AB
7FFFFFFFFFFFFFFEB8
7FFFFFFFFFFFFFFF79
7FFFFFFFFFFFFFFF5E
7FFFFFFFFFFFFFFF46
000000000000000215
7FFFFFFFFFFFFFFFEA
000000000000000031
7FFFFFFFFFFFFFFDC1
000000000000000234
0000000000000001B9
7FFFFFFFFFFFFFFE6E
7FFFFFFFFFFFFFFF70
7FFFFFFFFFFFFFFF2E
000000000000000018
00000000000000006E
7FFFFFFFFFFFFFFF74
7FFFFFFFFFFFFFFF62
000000000000000047
7FFFFFFFFFFFFFFF40
000000000000000117
000000000000000225
000000000000000069
7FFFFFFFFFFFFFFEDE
7FFFFFFFFFFFFFFF55
7FFFFFFFFFFFFFFFFE
7FFFFFFFFFFFFFFFA0
7FFFFFFFFFFFFFFEE3
7FFFFFFFFFFFFFFD95
7FFFFFFFFFFFFFFFBE
7FFFFFFFFFFFFFFE7B
0000000000000000F1
7FFFFFFFFFFFFFFFF2
000000000000000066
7FFFFFFFFFFFFFFFA6
0000000000000000A8
0000000000000000D6
000000000000000170
7FFFFFFFFFFFFFFE66
7FFFFFFFFFFFFFFE79
7FFFFFFFFFFFFFFF30
7FFFFFFFFFFFFFFDCA
0000000000000000CD
000000000000000043
7FFFFFFFFFFFFFFF70
000000000000000118
7FFFFFFFFFFFFFFF6A
00000000000000006E
7FFFFFFFFFFFFFFF5E
0000000000000001F8
7FFFFFFFFFFFFFFF56
7FFFFFFFFFFFFFFE5E
7FFFFFFFFFFFFFFFED
0000000000000001D8
00000000000000003F
7FFFFFFFFFFFFFFEB1
7FFFFFFFFFFFFFFF1C
0000000000000000ED
000000000000000026
7FFFFFFFFFFFFFFE85
000000000000000082
000000000000000032
7FFFFFFFFFFFFFFF6C
000000000000000015
0000000000000000CA
7FFFFFFFFFFFFFFEF6
000000000000000013
7FFFFFFFFFFFFFFFF4
000000000000000090
7FFFFFFFFFFFFFFFC1
7FFFFFFFFFFFFFFFB6
7FFFFFFFFFFFFFFFF3
000000000000000145
000000000000000195
000000000000000038
7FFFFFFFFFFFFFFF2D
00000000000000016B
000000000000000159
7FFFFFFFFFFFFFFFA6
000000000000000104
7FFFFFFFFFFFFFFE93
000000000000000089
000000000000000056
7FFFFFFFFFFFFFFF89
000000000000000202
7FFFFFFFFFFFFFFF2F
7FFFFFFFFFFFFFFF91
0000000000000000A8
7FFFFFFFFFFFFFFECF
00000000000000010B
0000000000000001CA
7FFFFFFFFFFFFFFEB7
7FFFFFFFFFFFFFFF67
7FFFFFFFFFFFFFFF4A
7FFFFFFFFFFFFFFF4C
7FFFFFFFFFFFFFFE5E
0000000000000000C3
0000000000000000A4
7FFFFFFFFFFFFFFED1
7FFFFFFFFFFFFFFFBB
7FFFFFFFFFFFFFFFC1
7FFFFFFFFFFFFFFCE7
7FFFFFFFFFFFFFFF7C
7FFFFFFFFFFFFFFFE6
000000000000000160
000000000000000001
00000000000000004A
7FFFFFFFFFFFFFFEAD
000000000000000091
7FFFFFFFFFFFFFFEFD
7FFFFFFFFFFFFFFFF7
7FFFFFFFFFFFFFFF53
0000000000000000ED
0000000000000000A9
7FFFFFFFFFFFFFFED0
000000000000000090
7FFFFFFFFFFFFFFF7E
7FFFFFFFFFFFFFFDF1
7FFFFFFFFFFFFFFF55
00000000000000000D
7FFFFFFFFFFFFFFF69
7FFFFFFFFFFFFFFDA4
000000000000000095
7FFFFFFFFFFFFFFF42
7FFFFFFFFFFFFFFFA7
7FFFFFFFFFFFFFFFC9
7FFFFFFFFFFFFFFF8A
00000000000000000F
7FFFFFFFFFFFFFFFC4
00000000000000010B
7FFFFFFFFFFFFFFF79
7FFFFFFFFFFFFFFFD9
7FFFFFFFFFFFFFFF92
7FFFFFFFFFFFFFFFE6
7FFFFFFFFFFFFFFF87
7FFFFFFFFFFFFFFFF2
0000000000000000C5
7FFFFFFFFFFFFFFF92
00000000000000000B
7FFFFFFFFFFFFFFE92
000000000000000028
0000000000000000E9
7FFFFFFFFFFFFFFE8E
00000000000000007E
7FFFFFFFFFFFFFFE96
7FFFFFFFFFFFFFFF76
0000000000000000AC
7FFFFFFFFFFFFFFFA8
7FFFFFFFFFFFFFFF2B
7FFFFFFFFFFFFFFF7F
7FFFFFFFFFFFFFFF65
0000000000000000B9
7FFFFFFFFFFFFFFFCD
00000000000000008B
00000000000000008D
00000000000000001B
7FFFFFFFFFFFFFFFE1
7FFFFFFFFFFFFFFF47
7FFFFFFFFFFFFFFE23
7FFFFFFFFFFFFFFEB6
00000000000000012C
0000000000000001CE
7FFFFFFFFFFFFFFFD9
7FFFFFFFFFFFFFFEAC
0000000000000000D6
7FFFFFFFFFFFFFFE8B
0000000000000000C1
000000000000000022
00000000000000011B
0000000000000000EB
7FFFFFFFFFFFFFFEF2
7FFFFFFFFFFFFFFCA0
7FFFFFFFFFFFFFFFB0
000000000000000088
000000000000000069
7FFFFFFFFFFFFFFFF3
7FFFFFFFFFFFFFFF0D
7FFFFFFFFFFFFFFF0E
7FFFFFFFFFFFFFFF23
000000000000000022
00000000000000008A
00000000000000003C
7FFFFFFFFFFFFFFF53
7FFFFFFFFFFFFFFF99
000000000000000032
000000000000000209
000000000000000010
7FFFFFFFFFFFFFFFA4
000000000000000008
7FFFFFFFFFFFFFFF51
7FFFFFFFFFFFFFFEF8
00000000000000002B
7FFFFFFFFFFFFFFFD4
7FFFFFFFFFFFFFFFA2
7FFFFFFFFFFFFFFEAD
000000000000000047
00000000000000007D
7FFFFFFFFFFFFFFFDB
7FFFFFFFFFFFFFFFB3
7FFFFFFFFFFFFFFFF8
0000000000000000DA
7FFFFFFFFFFFFFFED3
7FFFFFFFFFFFFFFF1C
7FFFFFFFFFFFFFFF62
00000000000000005F
7FFFFFFFFFFFFFFFB7
7FFFFFFFFFFFFFFEB6
00000000000000006E
7FFFFFFFFFFFFFFFAC
7FFFFFFFFFFFFFFFA6
7FFFFFFFFFFFFFFEFF
7FFFFFFFFFFFFFFFB4
00000000000000001E
000000000000000005
7FFFFFFFFFFFFFFF76
0000000000000000D4
00000000000000015C
000000000000000017
7FFFFFFFFFFFFFFF5B
0000000000000000B4
0000000000000000F7
7FFFFFFFFFFFFFFF24
0000000000000001B5
0000000000000001C4
0000000000000000A4
00000000000000001D
7FFFFFFFFFFFFFFF12
7FFFFFFFFFFFFFFE61
00000000000000008A
00000000000000005B
000000000000000178
000000000000000004
7FFFFFFFFFFFFFFF68
7FFFFFFFFFFFFFFFD9
000000000000000059
000000000000000031
7FFFFFFFFFFFFFFFB2
00000000000000000D
7FFFFFFFFFFFFFFF8C
00000000000000015C
7FFFFFFFFFFFFFFEFB
7FFFFFFFFFFFFFFF4D
7FFFFFFFFFFFFFFFEB
00000000000000001A
0000000000000001E7
7FFFFFFFFFFFFFFFAB
7FFFFFFFFFFFFFFF0C
00000000000000000D
0000000000000000CB
000000000000000169
7FFFFFFFFFFFFFFE8C
000000000000000058
00000000000000029A
7FFFFFFFFFFFFFFF82
7FFFFFFFFFFFFFFF98
7FFFFFFFFFFFFFFF23
7FFFFFFFFFFFFFFD9E
000000000000000076
7FFFFFFFFFFFFFFF65
7FFFFFFFFFFFFFFEB3
7FFFFFFFFFFFFFFF75
7FFFFFFFFFFFFFFF9A
7FFFFFFFFFFFFFFF8C
7FFFFFFFFFFFFFFF4A
7FFFFFFFFFFFFFFFC4
000000000000000087
7FFFFFFFFFFFFFFDAF
000000000000000091
7FFFFFFFFFFFFFFEBE
000000000000000021
7FFFFFFFFFFFFFFFD2
7FFFFFFFFFFFFFFE2A
0000000000000000EF
7FFFFFFFFFFFFFFFCC
7FFFFFFFFFFFFFFE5B
00000000000000008F
7FFFFFFFFFFFFFFF41
7FFFFFFFFFFFFFFFFF
7FFFFFFFFFFFFFFF86
7FFFFFFFFFFFFFFF3B
000000000000000170
7FFFFFFFFFFFFFFEDD
7FFFFFFFFFFFFFFE8E
7FFFFFFFFFFFFFFF81
000000000000000060
7FFFFFFFFFFFFFFFB8
7FFFFFFFFFFFFFFF52
000000000000000039
7FFFFFFFFFFFFFFD80
7FFFFFFFFFFFFFFDDB
7FFFFFFFFFFFFFFEAF
7FFFFFFFFFFFFFFEEA
000000000000000049
7FFFFFFFFFFFFFFFE1
0000000000000001A5
0000000000000001E7
000000000000000021
7FFFFFFFFFFFFFFEF7
7FFFFFFFFFFFFFFF16
7FFFFFFFFFFFFFFFB1
7FFFFFFFFFFFFFFFF2
7FFFFFFFFFFFFFFFC3
00000000000000011A
00000000000000017D
000000000000000026
7FFFFFFFFFFFFFFFD3
000000000000000017
7FFFFFFFFFFFFFFFBE
7FFFFFFFFFFFFFFE82
7FFFFFFFFFFFFFFF16
000000000000000180
7FFFFFFFFFFFFFFF2B
7FFFFFFFFFFFFFFF9F
7FFFFFFFFFFFFFFF77
7FFFFFFFFFFFFFFF2E
000000000000000165
0000000000000001C2
7FFFFFFFFFFFFFFE47
7FFFFFFFFFFFFFFFC5
7FFFFFFFFFFFFFFE4B
7FFFFFFFFFFFFFFEB4
7FFFFFFFFFFFFFFFCA
7FFFFFFFFFFFFFFDDC
7FFFFFFFFFFFFFFED9
0000000000000000A5
7FFFFFFFFFFFFFFF5F
000000000000000121
7FFFFFFFFFFFFFFF96
000000000000000089
0000000000000001AE
7FFFFFFFFFFFFFFF93
000000000000000003
7FFFFFFFFFFFFFFF7F
000000000000000091
000000000000000270
7FFFFFFFFFFFFFFFBA
7FFFFFFFFFFFFFFF4A
000000000000000221
7FFFFFFFFFFFFFFEC4
7FFFFFFFFFFFFFFF4A
7FFFFFFFFFFFFFFFBB
7FFFFFFFFFFFFFFEB3
7FFFFFFFFFFFFFFEE0
7FFFFFFFFFFFFFFFA5
7FFFFFFFFFFFFFFEFF
000000000000000147
7FFFFFFFFFFFFFFF85
000000000000000066
000000000000000001
7FFFFFFFFFFFFFFFEF
7FFFFFFFFFFFFFFFE9
7FFFFFFFFFFFFFFFF7
00000000000000007A
0000000000000000AD
0000000000000000FB
7FFFFFFFFFFFFFFF17
7FFFFFFFFFFFFFFFF2
7FFFFFFFFFFFFFFFCE
7FFFFFFFFFFFFFFDF5
7FFFFFFFFFFFFFFFB2
7FFFFFFFFFFFFFFFB5
0000000000000000CC
000000000000000110
7FFFFFFFFFFFFFFFAB
00000000000000016E
7FFFFFFFFFFFFFFEDA
7FFFFFFFFFFFFFFEFE
7FFFFFFFFFFFFFFEA4
0000000000000000AE
7FFFFFFFFFFFFFFFC1
0000000000000001A2
7FFFFFFFFFFFFFFFF7
7FFFFFFFFFFFFFFF8F
00000000000000019A
000000000000000088
0000000000000000F0
7FFFFFFFFFFFFFFFFF
7FFFFFFFFFFFFFFFB2
7FFFFFFFFFFFFFFF94
000000000000000111
000000000000000049
000000000000000049
0000000000000000B4
7FFFFFFFFFFFFFFF8B
7FFFFFFFFFFFFFFF67
0000000000000000C0
000000000000000190
00000000000000010A
7FFFFFFFFFFFFFFE4B
7FFFFFFFFFFFFFFF8A
0000000000000000F7
0000000000000000DB
7FFFFFFFFFFFFFFFCD
00000000000000003F
0000000000000000F8
0000000000000000AF
000000000000000044
7FFFFFFFFFFFFFFF74
000000000000000196
7FFFFFFFFFFFFFFFDC
7FFFFFFFFFFFFFFF07
0000000000000000CD
7FFFFFFFFFFFFFFF46
000000000000000072
00000000000000017A
7FFFFFFFFFFFFFFEF7
00000000000000000F
7FFFFFFFFFFFFFFEB8
7FFFFFFFFFFFFFFF01
7FFFFFFFFFFFFFFF5A
00000000000000002C
7FFFFFFFFFFFFFFFC1
000000000000000044
7FFFFFFFFFFFFFFF8E
7FFFFFFFFFFFFFFFB3
000000000000000005
0000000000000000FB
7FFFFFFFFFFFFFFFE7
00000000000000010C
0000000000000000DE
7FFFFFFFFFFFFFFF5A
0000000000000000D8
7FFFFFFFFFFFFFFE2B
7FFFFFFFFFFFFFFE56
7FFFFFFFFFFFFFFFB9
00000000000000010F
000000000000000187
000000000000000022
7FFFFFFFFFFFFFFF5D
000000000000000017
7FFFFFFFFFFFFFFCE4
0000000000000000B9
7FFFFFFFFFFFFFFFDD
00000000000000003A
7FFFFFFFFFFFFFFF5A
7FFFFFFFFFFFFFFF1F
000000000000000130
0000000000000000E6
000000000000000076
7FFFFFFFFFFFFFFFB5
7FFFFFFFFFFFFFFFA7
7FFFFFFFFFFFFFFFC0
000000000000000057
00000000000000008A
7FFFFFFFFFFFFFFFFF
7FFFFFFFFFFFFFFEF9
7FFFFFFFFFFFFFFF81
000000000000000147
000000000000000039
000000000000000053
00000000000000003B
00000000000000004A
7FFFFFFFFFFFFFFEF9
7FFFFFFFFFFFFFFEDE
7FFFFFFFFFFFFFFFB7
0000000000000001AE
00000000000000002D
7FFFFFFFFFFFFFFFC1
000000000000000052
7FFFFFFFFFFFFFFF35
0000000000000000BD
000000000000000062
7FFFFFFFFFFFFFFEB0
7FFFFFFFFFFFFFFFC6
0000000000000000BD
0000000000000000FD
7FFFFFFFFFFFFFFEA7
7FFFFFFFFFFFFFFF70
7FFFFFFFFFFFFFFF26
7FFFFFFFFFFFFFFF76
7FFFFFFFFFFFFFFF0E
7FFFFFFFFFFFFFFF2D
00000000000000003E
00000000000000013A
7FFFFFFFFFFFFFFF1B
000000000000000058
000000000000000057
7FFFFFFFFFFFFFFF00
000000000000000031
000000000000000037
000000000000000130
7FFFFFFFFFFFFFFE0F
0000000000000000F9
000000000000000075
0000000000000000CE
000000000000000056
0000000000000000EC
7FFFFFFFFFFFFFFEFC
7FFFFFFFFFFFFFFEF7
00000000000000006D
000000000000000190
7FFFFFFFFFFFFFFE8D
00000000000000019C
00000000000000009A
00000000000000005A
7FFFFFFFFFFFFFFF80
000000000000000167
7FFFFFFFFFFFFFFD29
7FFFFFFFFFFFFFFF3D
7FFFFFFFFFFFFFFF41
000000000000000175
7FFFFFFFFFFFFFFEFF
7FFFFFFFFFFFFFFFDA
7FFFFFFFFFFFFFFFBD
000000000000000062
0000000000000000CC
7FFFFFFFFFFFFFFFF5
000000000000000043
7FFFFFFFFFFFFFFFAC
7FFFFFFFFFFFFFFE31
7FFFFFFFFFFFFFFFA8
7FFFFFFFFFFFFFFF9F
7FFFFFFFFFFFFFFE38
7FFFFFFFFFFFFFFF88
000000000000000087
000000000000000135
7FFFFFFFFFFFFFFF92
7FFFFFFFFFFFFFFE0C
7FFFFFFFFFFFFFFFB2
7FFFFFFFFFFFFFFE8C
00000000000000003C
7FFFFFFFFFFFFFFFBC
7FFFFFFFFFFFFFFD88
7FFFFFFFFFFFFFFF0B
7FFFFFFFFFFFFFFFCD
000000000000000053
000000000000000039
7FFFFFFFFFFFFFFFC8
7FFFFFFFFFFFFFFEE6
000000000000000006
000000000000000079
7FFFFFFFFFFFFFFFE9
7FFFFFFFFFFFFFFF70
000000000000000112
0000000000000000F4
0000000000000000C9
7FFFFFFFFFFFFFFFF8
7FFFFFFFFFFFFFFF96
7FFFFFFFFFFFFFFF46
7FFFFFFFFFFFFFFF79
00000000000000003F
000000000000000086
7FFFFFFFFFFFFFFE6D
7FFFFFFFFFFFFFFDFF
7FFFFFFFFFFFFFFF9D
7FFFFFFFFFFFFFFFB1
000000000000000062
7FFFFFFFFFFFFFFF00
7FFFFFFFFFFFFFFFE1
7FFFFFFFFFFFFFFFD2
7FFFFFFFFFFFFFFFA0
00000000000000001B
7FFFFFFFFFFFFFFF60
7FFFFFFFFFFFFFFEFA
7FFFFFFFFFFFFFFE2C
0000000000000000CB
7FFFFFFFFFFFFFFDF6
000000000000000058
7FFFFFFFFFFFFFFE5A
7FFFFFFFFFFFFFFEC7
7FFFFFFFFFFFFFFE45
7FFFFFFFFFFFFFFF39
000000000000000058
000000000000000087
7FFFFFFFFFFFFFFFE8
0000000000000001AF
7FFFFFFFFFFFFFFFD1
7FFFFFFFFFFFFFFFBA
00000000000000010B
000000000000000036
00000000000000007A
000000000000000119
7FFFFFFFFFFFFFFF16
7FFFFFFFFFFFFFFF02
000000000000000083
7FFFFFFFFFFFFFFF5D
7FFFFFFFFFFFFFFF0C
7FFFFFFFFFFFFFFFC2
00000000000000022D
0000000000000000E4
7FFFFFFFFFFFFFFFAA
00000000000000005A
000000000000000030
7FFFFFFFFFFFFFFFFB
7FFFFFFFFFFFFFFE68
0000000000000000DC
7FFFFFFFFFFFFFFF03
0000000000000000C2
7FFFFFFFFFFFFFFF4E
000000000000000047
00000000000000006A
00000000000000005A
000000000000000086
0000000000000000D3
0000000000000001FB
000000000000000007
7FFFFFFFFFFFFFFF3E
7FFFFFFFFFFFFFFEF7
000000000000000098
000000000000000078
7FFFFFFFFFFFFFFF5E
000000000000000026
7FFFFFFFFFFFFFFF21
7FFFFFFFFFFFFFFF23
7FFFFFFFFFFFFFFFC4
000000000000000039
7FFFFFFFFFFFFFFF0A
000000000000000114
7FFFFFFFFFFFFFFF02
7FFFFFFFFFFFFFFE97
0000000000000001C2
7FFFFFFFFFFFFFFF6E
0000000000000000C2
0000000000000000EA
0000000000000000A4
0000000000000000F9
00000000000000024E
000000000000000043
7FFFFFFFFFFFFFFF5E
000000000000000222
7FFFFFFFFFFFFFFF9B
0000000000000000D4
7FFFFFFFFFFFFFFF75
000000000000000013
7FFFFFFFFFFFFFFFCF
000000000000000047
00000000000000000C
000000000000000129
7FFFFFFFFFFFFFFF26
7FFFFFFFFFFFFFFF61
7FFFFFFFFFFFFFFFF3
000000000000000037
7FFFFFFFFFFFFFFDE0
7FFFFFFFFFFFFFFECF
000000000000000138
000000000000000024
7FFFFFFFFFFFFFFF92
00000000000000007D
000000000000000014
7FFFFFFFFFFFFFFEED
00000000000000000D
00000000000000008D
00000000000000002C
7FFFFFFFFFFFFFFF47
0000000000000001BF
7FFFFFFFFFFFFFFF07
7FFFFFFFFFFFFFFF7C
0000000000000000CD
000000000000000170
7FFFFFFFFFFFFFFED3
000000000000000052
7FFFFFFFFFFFFFFFBA
7FFFFFFFFFFFFFFFCA
7FFFFFFFFFFFFFFFB4
000000000000000085
7FFFFFFFFFFFFFFF77
7FFFFFFFFFFFFFFFCD
7FFFFFFFFFFFFFFE38
7FFFFFFFFFFFFFFF82
7FFFFFFFFFFFFFFF0F
7FFFFFFFFFFFFFFF89
00000000000000009B
00000000000000004E
0000000000000001C8
00000000000000009A
000000000000000183
7FFFFFFFFFFFFFFF1B
0000000000000000A1
7FFFFFFFFFFFFFFEED
7FFFFFFFFFFFFFFFD7
00000000000000000C
7FFFFFFFFFFFFFFFF4
7FFFFFFFFFFFFFFFFC
000000000000000139
00000000000000015E
7FFFFFFFFFFFFFFFF9
7FFFFFFFFFFFFFFF8A
7FFFFFFFFFFFFFFFCC
00000000000000022D
00000000000000014D
000000000000000045
0000000000000000EC
0000000000000000D2
000000000000000101
00000000000000035B
0000000000000001F6
00000000000000002C
7FFFFFFFFFFFFFFFAD
000000000000000136
000000000000000181
7FFFFFFFFFFFFFFF1A
0000000000000000EA
7FFFFFFFFFFFFFFDFF
000000000000000025
7FFFFFFFFFFFFFFEDC
000000000000000178
000000000000000076
7FFFFFFFFFFFFFFF83
000000000000000081
0000000000000000DA
7FFFFFFFFFFFFFFF14
00000000000000017E
7FFFFFFFFFFFFFFEFA
7FFFFFFFFFFFFFFF29
7FFFFFFFFFFFFFFE2F
000000000000000093
7FFFFFFFFFFFFFFF10
7FFFFFFFFFFFFFFFF9
000000000000000047
7FFFFFFFFFFFFFFF63
00000000000000000B
7FFFFFFFFFFFFFFF17
000000000000000001
0000000000000001C5
000000000000000098
000000000000000255
7FFFFFFFFFFFFFFFB1
0000000000000000C4
0000000000000000BE
7FFFFFFFFFFFFFFFFC
7FFFFFFFFFFFFFFF4D
0000000000000000A8
7FFFFFFFFFFFFFFFA5
000000000000000028
7FFFFFFFFFFFFFFD74
00000000000000001B
00000000000000021F
7FFFFFFFFFFFFFFFB0
7FFFFFFFFFFFFFFF62
0000000000000000B3
00000000000000008F
0000000000000000EF
000000000000000034
7FFFFFFFFFFFFFFFAD
7FFFFFFFFFFFFFFEE2
7FFFFFFFFFFFFFFFEE
7FFFFFFFFFFFFFFF02
7FFFFFFFFFFFFFFFA2
7FFFFFFFFFFFFFFF2F
0000000000000000BD
7FFFFFFFFFFFFFFF7A
000000000000000025
7FFFFFFFFFFFFFFFA2
7FFFFFFFFFFFFFFF2C
7FFFFFFFFFFFFFFFBF
7FFFFFFFFFFFFFFDB3
7FFFFFFFFFFFFFFEB9
7FFFFFFFFFFFFFFFC1
7FFFFFFFFFFFFFFEDA
7FFFFFFFFFFFFFFFB6
00000000000000004C
7FFFFFFFFFFFFFFFF2
